contact_id,customer_id,channel,sent_at,hour_sent,days_before_due_at_contact,responded,responded_within_hours,outcome
CT-000000,C00001,APP_PUSH,2026-08-30 16:00:00,16,5,False,,IGNORED
CT-000001,C00001,APP_PUSH,2026-08-13 20:00:00,20,5,False,,IGNORED
CT-000002,C00001,APP_PUSH,2026-06-24 18:00:00,18,9,False,,IGNORED
CT-000003,C00002,APP_PUSH,2026-07-22 13:00:00,13,6,False,,REJECTED
CT-000004,C00003,WHATSAPP,2026-06-20 10:00:00,10,7,False,,REJECTED
CT-000005,C00003,APP_PUSH,2026-08-09 19:00:00,19,4,False,,IGNORED
CT-000006,C00003,SMS,2026-09-08 17:00:00,17,6,False,,IGNORED
CT-000007,C00004,APP_PUSH,2026-08-04 18:00:00,18,4,False,,IGNORED
CT-000008,C00004,WHATSAPP,2026-08-29 16:00:00,16,2,True,0.16,ANSWERED
CT-000009,C00004,WHATSAPP,2026-08-27 16:00:00,16,8,False,,REJECTED
CT-000010,C00005,WHATSAPP,2026-09-07 19:00:00,19,7,False,,IGNORED
CT-000011,C00005,CALL,2026-06-24 21:00:00,21,8,False,,IGNORED
CT-000012,C00005,CALL,2026-06-18 21:00:00,21,7,True,3.58,ANSWERED
CT-000013,C00006,CALL,2026-07-08 19:00:00,19,7,False,,IGNORED
CT-000014,C00006,CALL,2026-07-09 21:00:00,21,6,False,,BOUNCED
CT-000015,C00006,CALL,2026-08-12 23:00:00,23,12,True,4.62,ANSWERED
CT-000016,C00006,CALL,2026-08-24 17:00:00,17,6,False,,IGNORED
CT-000017,C00006,CALL,2026-08-31 17:00:00,17,4,False,,IGNORED
CT-000018,C00007,WHATSAPP,2026-07-22 12:00:00,12,8,False,,REJECTED
CT-000019,C00007,WHATSAPP,2026-07-31 00:00:00,0,8,False,,IGNORED
CT-000020,C00007,WHATSAPP,2026-09-01 17:00:00,17,5,False,,IGNORED
CT-000021,C00008,SMS,2026-08-19 05:00:00,5,1,False,,IGNORED
CT-000022,C00008,SMS,2026-08-24 08:00:00,8,2,False,,IGNORED
CT-000023,C00008,SMS,2026-07-25 14:00:00,14,2,True,9.3,ANSWERED
CT-000024,C00009,CALL,2026-09-03 21:00:00,21,2,False,,IGNORED
CT-000025,C00009,CALL,2026-07-31 22:00:00,22,1,False,,IGNORED
CT-000026,C00009,APP_PUSH,2026-08-01 22:00:00,22,3,False,,IGNORED
CT-000027,C00009,CALL,2026-07-15 18:00:00,18,0,True,0.2,ANSWERED
CT-000028,C00010,CALL,2026-08-06 08:00:00,8,2,False,,IGNORED
CT-000029,C00010,APP_PUSH,2026-07-28 08:00:00,8,1,False,,IGNORED
CT-000030,C00010,WHATSAPP,2026-09-07 09:00:00,9,2,False,,IGNORED
CT-000031,C00011,CALL,2026-08-10 14:00:00,14,-1,False,,REJECTED
CT-000032,C00011,CALL,2026-07-19 10:00:00,10,3,True,0.02,ANSWERED
CT-000033,C00012,APP_PUSH,2026-09-05 16:00:00,16,10,False,,IGNORED
CT-000034,C00012,APP_PUSH,2026-07-03 09:00:00,9,7,False,,REJECTED
CT-000035,C00012,CALL,2026-06-19 14:00:00,14,5,True,7.2,ANSWERED
CT-000036,C00012,CALL,2026-07-25 17:00:00,17,9,True,0.79,ANSWERED
CT-000037,C00012,CALL,2026-08-10 06:00:00,6,4,False,,IGNORED
CT-000038,C00012,CALL,2026-08-17 14:00:00,14,10,False,,IGNORED
CT-000039,C00012,WHATSAPP,2026-06-19 14:00:00,14,6,True,0.06,ANSWERED
CT-000040,C00013,CALL,2026-09-10 11:00:00,11,1,True,4.44,ANSWERED
CT-000041,C00013,CALL,2026-09-07 17:00:00,17,4,True,0.02,ANSWERED
CT-000042,C00013,CALL,2026-07-14 16:00:00,16,8,False,,IGNORED
CT-000043,C00013,CALL,2026-07-21 18:00:00,18,5,True,3.3,ANSWERED
CT-000044,C00013,CALL,2026-07-09 12:00:00,12,4,False,,IGNORED
CT-000045,C00013,CALL,2026-08-06 15:00:00,15,6,True,1.16,ANSWERED
CT-000046,C00013,CALL,2026-06-22 19:00:00,19,4,False,,BOUNCED
CT-000047,C00015,APP_PUSH,2026-07-31 12:00:00,12,9,True,0.11,ANSWERED
CT-000048,C00016,CALL,2026-08-30 15:00:00,15,2,True,3.17,ANSWERED
CT-000049,C00016,CALL,2026-08-26 20:00:00,20,5,True,5.83,ANSWERED
CT-000050,C00016,SMS,2026-08-31 20:00:00,20,7,False,,IGNORED
CT-000051,C00017,CALL,2026-06-18 06:00:00,6,6,False,,IGNORED
CT-000052,C00017,SMS,2026-06-15 09:00:00,9,6,True,2.15,ANSWERED
CT-000053,C00017,SMS,2026-07-20 06:00:00,6,8,True,3.41,ANSWERED
CT-000054,C00018,APP_PUSH,2026-09-05 22:00:00,22,8,False,,IGNORED
CT-000055,C00019,WHATSAPP,2026-08-05 08:00:00,8,3,False,,IGNORED
CT-000056,C00019,WHATSAPP,2026-06-23 12:00:00,12,2,True,0.13,ANSWERED
CT-000057,C00019,WHATSAPP,2026-09-03 08:00:00,8,2,True,5.3,ANSWERED
CT-000058,C00020,CALL,2026-07-01 15:00:00,15,7,False,,IGNORED
CT-000059,C00020,CALL,2026-08-10 17:00:00,17,5,False,,IGNORED
CT-000060,C00021,CALL,2026-07-27 09:00:00,9,0,False,,IGNORED
CT-000061,C00021,WHATSAPP,2026-07-24 16:00:00,16,1,False,,IGNORED
CT-000062,C00021,SMS,2026-08-27 17:00:00,17,0,True,0.91,ANSWERED
CT-000063,C00021,SMS,2026-07-19 13:00:00,13,4,True,1.63,ANSWERED
CT-000064,C00022,CALL,2026-07-09 17:00:00,17,3,False,,IGNORED
CT-000065,C00022,SMS,2026-07-25 18:00:00,18,3,False,,IGNORED
CT-000066,C00023,APP_PUSH,2026-07-25 15:00:00,15,4,False,,IGNORED
CT-000067,C00023,APP_PUSH,2026-07-07 20:00:00,20,1,False,,IGNORED
CT-000068,C00023,APP_PUSH,2026-07-16 19:00:00,19,3,True,0.15,ANSWERED
CT-000069,C00023,APP_PUSH,2026-07-13 11:00:00,11,0,False,,IGNORED
CT-000070,C00024,APP_PUSH,2026-08-12 16:00:00,16,1,True,3.07,ANSWERED
CT-000071,C00024,APP_PUSH,2026-07-10 12:00:00,12,2,False,,IGNORED
CT-000072,C00024,CALL,2026-07-22 14:00:00,14,6,False,,IGNORED
CT-000073,C00025,CALL,2026-09-12 06:00:00,6,0,False,,IGNORED
CT-000074,C00025,WHATSAPP,2026-07-30 09:00:00,9,2,True,2.29,ANSWERED
CT-000075,C00026,SMS,2026-08-06 22:00:00,22,8,True,0.69,ANSWERED
CT-000076,C00027,CALL,2026-07-06 20:00:00,20,3,False,,IGNORED
CT-000077,C00027,APP_PUSH,2026-08-12 17:00:00,17,5,True,5.92,ANSWERED
CT-000078,C00027,APP_PUSH,2026-07-29 17:00:00,17,7,False,,REJECTED
CT-000079,C00028,APP_PUSH,2026-09-08 11:00:00,11,5,True,3.21,ANSWERED
CT-000080,C00028,APP_PUSH,2026-09-05 04:00:00,4,7,False,,REJECTED
CT-000081,C00028,CALL,2026-07-25 05:00:00,5,0,True,0.04,ANSWERED
CT-000082,C00029,APP_PUSH,2026-08-12 17:00:00,17,3,False,,REJECTED
CT-000083,C00029,APP_PUSH,2026-07-25 16:00:00,16,3,True,0.84,ANSWERED
CT-000084,C00029,SMS,2026-06-17 13:00:00,13,-2,False,,IGNORED
CT-000085,C00030,CALL,2026-09-05 10:00:00,10,2,True,2.11,ANSWERED
CT-000086,C00030,CALL,2026-06-21 05:00:00,5,6,True,0.01,ANSWERED
CT-000087,C00030,CALL,2026-08-05 09:00:00,9,4,False,,IGNORED
CT-000088,C00030,CALL,2026-07-12 10:00:00,10,2,True,0.37,ANSWERED
CT-000089,C00030,SMS,2026-08-24 15:00:00,15,9,True,2.78,ANSWERED
CT-000090,C00030,SMS,2026-06-16 09:00:00,9,9,False,,IGNORED
CT-000091,C00030,APP_PUSH,2026-08-28 07:00:00,7,6,True,0.97,ANSWERED
CT-000092,C00031,APP_PUSH,2026-07-24 04:00:00,4,3,False,,IGNORED
CT-000093,C00031,SMS,2026-08-07 07:00:00,7,4,False,,IGNORED
CT-000094,C00031,CALL,2026-07-30 11:00:00,11,2,False,,IGNORED
CT-000095,C00032,CALL,2026-06-21 15:00:00,15,7,False,,IGNORED
CT-000096,C00032,SMS,2026-06-25 22:00:00,22,7,False,,IGNORED
CT-000097,C00032,CALL,2026-09-07 13:00:00,13,4,False,,REJECTED
CT-000098,C00032,CALL,2026-07-06 17:00:00,17,2,True,1.55,ANSWERED
CT-000099,C00032,CALL,2026-07-17 19:00:00,19,5,False,,IGNORED
CT-000100,C00033,WHATSAPP,2026-07-10 17:00:00,17,7,False,,REJECTED
CT-000101,C00033,WHATSAPP,2026-07-31 15:00:00,15,3,True,2.19,ANSWERED
CT-000102,C00033,SMS,2026-09-01 18:00:00,18,3,False,,IGNORED
CT-000103,C00034,WHATSAPP,2026-09-04 18:00:00,18,8,False,,BOUNCED
CT-000104,C00035,APP_PUSH,2026-07-09 11:00:00,11,4,False,,IGNORED
CT-000105,C00035,SMS,2026-08-05 13:00:00,13,9,False,,REJECTED
CT-000106,C00035,SMS,2026-07-16 15:00:00,15,9,False,,IGNORED
CT-000107,C00036,APP_PUSH,2026-07-11 18:00:00,18,5,False,,IGNORED
CT-000108,C00037,APP_PUSH,2026-08-22 15:00:00,15,4,True,1.21,ANSWERED
CT-000109,C00037,APP_PUSH,2026-08-19 04:00:00,4,6,False,,IGNORED
CT-000110,C00037,APP_PUSH,2026-06-30 16:00:00,16,3,False,,IGNORED
CT-000111,C00037,CALL,2026-07-07 13:00:00,13,4,True,0.04,ANSWERED
CT-000112,C00038,WHATSAPP,2026-09-05 08:00:00,8,5,False,,IGNORED
CT-000113,C00038,CALL,2026-08-22 11:00:00,11,5,False,,BOUNCED
CT-000114,C00038,WHATSAPP,2026-08-03 15:00:00,15,2,False,,IGNORED
CT-000115,C00039,WHATSAPP,2026-07-03 22:00:00,22,1,True,1.64,ANSWERED
CT-000116,C00039,WHATSAPP,2026-07-21 22:00:00,22,5,False,,BOUNCED
CT-000117,C00039,WHATSAPP,2026-09-09 20:00:00,20,4,False,,IGNORED
CT-000118,C00039,WHATSAPP,2026-08-19 18:00:00,18,7,True,0.98,ANSWERED
CT-000119,C00040,WHATSAPP,2026-07-01 20:00:00,20,3,False,,REJECTED
CT-000120,C00040,WHATSAPP,2026-08-15 20:00:00,20,5,True,0.28,ANSWERED
CT-000121,C00040,WHATSAPP,2026-09-05 14:00:00,14,3,True,5.61,ANSWERED
CT-000122,C00040,WHATSAPP,2026-07-07 18:00:00,18,4,True,0.82,ANSWERED
CT-000123,C00040,WHATSAPP,2026-08-13 18:00:00,18,5,True,0.23,ANSWERED
CT-000124,C00041,APP_PUSH,2026-09-04 17:00:00,17,0,False,,IGNORED
CT-000125,C00041,APP_PUSH,2026-06-25 05:00:00,5,0,False,,IGNORED
CT-000126,C00041,APP_PUSH,2026-09-07 08:00:00,8,4,False,,BOUNCED
CT-000127,C00043,WHATSAPP,2026-09-03 07:00:00,7,9,False,,IGNORED
CT-000128,C00044,WHATSAPP,2026-07-17 12:00:00,12,2,False,,BOUNCED
CT-000129,C00045,CALL,2026-07-21 15:00:00,15,4,False,,IGNORED
CT-000130,C00045,CALL,2026-08-25 11:00:00,11,8,True,0.41,ANSWERED
CT-000131,C00045,WHATSAPP,2026-07-05 09:00:00,9,6,False,,BOUNCED
CT-000132,C00045,CALL,2026-07-15 09:00:00,9,6,False,,IGNORED
CT-000133,C00045,CALL,2026-07-18 07:00:00,7,7,True,3.1,ANSWERED
CT-000134,C00046,CALL,2026-07-31 14:00:00,14,7,False,,IGNORED
CT-000135,C00046,WHATSAPP,2026-08-26 09:00:00,9,1,False,,IGNORED
CT-000136,C00046,WHATSAPP,2026-09-03 11:00:00,11,5,False,,IGNORED
CT-000137,C00046,SMS,2026-09-09 10:00:00,10,5,True,0.03,ANSWERED
CT-000138,C00047,APP_PUSH,2026-06-21 15:00:00,15,8,True,1.25,ANSWERED
CT-000139,C00047,APP_PUSH,2026-08-23 14:00:00,14,7,True,0.31,ANSWERED
CT-000140,C00048,APP_PUSH,2026-08-14 07:00:00,7,6,False,,IGNORED
CT-000141,C00048,APP_PUSH,2026-09-09 10:00:00,10,4,False,,IGNORED
CT-000142,C00048,APP_PUSH,2026-07-25 03:00:00,3,4,False,,IGNORED
CT-000143,C00049,CALL,2026-07-21 16:00:00,16,4,False,,IGNORED
CT-000144,C00049,CALL,2026-08-24 19:00:00,19,4,False,,IGNORED
CT-000145,C00049,CALL,2026-08-02 14:00:00,14,4,True,2.24,ANSWERED
CT-000146,C00050,APP_PUSH,2026-08-22 06:00:00,6,8,False,,BOUNCED
CT-000147,C00051,SMS,2026-08-15 16:00:00,16,2,False,,IGNORED
CT-000148,C00051,SMS,2026-08-05 17:00:00,17,4,False,,BOUNCED
CT-000149,C00053,SMS,2026-06-25 07:00:00,7,6,False,,IGNORED
CT-000150,C00053,SMS,2026-06-22 10:00:00,10,7,False,,REJECTED
CT-000151,C00053,WHATSAPP,2026-06-20 10:00:00,10,7,True,2.28,ANSWERED
CT-000152,C00054,APP_PUSH,2026-06-27 13:00:00,13,3,False,,IGNORED
CT-000153,C00054,CALL,2026-08-06 11:00:00,11,5,False,,REJECTED
CT-000154,C00054,APP_PUSH,2026-06-26 09:00:00,9,6,False,,IGNORED
CT-000155,C00055,WHATSAPP,2026-07-10 05:00:00,5,6,False,,IGNORED
CT-000156,C00055,CALL,2026-06-15 06:00:00,6,0,False,,IGNORED
CT-000157,C00055,CALL,2026-06-22 07:00:00,7,0,False,,REJECTED
CT-000158,C00055,SMS,2026-07-02 11:00:00,11,3,False,,IGNORED
CT-000159,C00055,CALL,2026-07-31 06:00:00,6,5,False,,IGNORED
CT-000160,C00055,APP_PUSH,2026-07-02 06:00:00,6,0,False,,IGNORED
CT-000161,C00056,SMS,2026-08-02 12:00:00,12,5,True,3.55,ANSWERED
CT-000162,C00056,SMS,2026-06-17 15:00:00,15,4,True,9.05,ANSWERED
CT-000163,C00056,SMS,2026-08-31 03:00:00,3,1,False,,IGNORED
CT-000164,C00056,SMS,2026-08-04 09:00:00,9,0,False,,IGNORED
CT-000165,C00056,SMS,2026-07-03 10:00:00,10,2,False,,IGNORED
CT-000166,C00057,APP_PUSH,2026-08-15 11:00:00,11,10,True,0.74,ANSWERED
CT-000167,C00057,APP_PUSH,2026-08-16 15:00:00,15,7,False,,IGNORED
CT-000168,C00057,CALL,2026-07-23 12:00:00,12,7,False,,IGNORED
CT-000169,C00057,CALL,2026-09-03 12:00:00,12,11,False,,IGNORED
CT-000170,C00058,WHATSAPP,2026-09-12 17:00:00,17,6,False,,REJECTED
CT-000171,C00058,SMS,2026-08-07 15:00:00,15,7,True,0.47,ANSWERED
CT-000172,C00058,SMS,2026-09-10 17:00:00,17,2,True,6.14,ANSWERED
CT-000173,C00058,SMS,2026-07-12 21:00:00,21,5,False,,IGNORED
CT-000174,C00059,SMS,2026-08-18 11:00:00,11,0,True,1.38,ANSWERED
CT-000175,C00059,CALL,2026-08-29 09:00:00,9,4,False,,IGNORED
CT-000176,C00059,CALL,2026-08-26 06:00:00,6,1,False,,IGNORED
CT-000177,C00059,SMS,2026-08-02 06:00:00,6,2,False,,IGNORED
CT-000178,C00059,CALL,2026-08-16 12:00:00,12,0,False,,REJECTED
CT-000179,C00059,CALL,2026-07-15 14:00:00,14,3,False,,REJECTED
CT-000180,C00060,WHATSAPP,2026-06-30 13:00:00,13,7,True,2.28,ANSWERED
CT-000181,C00060,WHATSAPP,2026-08-22 14:00:00,14,7,False,,IGNORED
CT-000182,C00061,SMS,2026-08-11 11:00:00,11,3,False,,IGNORED
CT-000183,C00061,APP_PUSH,2026-08-14 14:00:00,14,2,False,,IGNORED
CT-000184,C00061,SMS,2026-09-08 13:00:00,13,1,False,,IGNORED
CT-000185,C00062,APP_PUSH,2026-06-19 15:00:00,15,2,False,,IGNORED
CT-000186,C00062,SMS,2026-07-22 15:00:00,15,4,True,2.37,ANSWERED
CT-000187,C00063,SMS,2026-08-18 13:00:00,13,1,False,,IGNORED
CT-000188,C00063,CALL,2026-06-29 10:00:00,10,8,False,,IGNORED
CT-000189,C00063,WHATSAPP,2026-06-17 14:00:00,14,8,False,,IGNORED
CT-000190,C00063,SMS,2026-08-25 04:00:00,4,4,False,,IGNORED
CT-000191,C00063,CALL,2026-06-29 12:00:00,12,5,True,0.18,ANSWERED
CT-000192,C00064,APP_PUSH,2026-08-19 19:00:00,19,7,False,,IGNORED
CT-000193,C00064,WHATSAPP,2026-07-18 18:00:00,18,3,False,,IGNORED
CT-000194,C00064,WHATSAPP,2026-08-26 15:00:00,15,9,True,0.14,ANSWERED
CT-000195,C00065,CALL,2026-06-19 21:00:00,21,7,True,0.34,ANSWERED
CT-000196,C00065,CALL,2026-07-27 22:00:00,22,10,False,,IGNORED
CT-000197,C00065,WHATSAPP,2026-07-05 18:00:00,18,5,False,,IGNORED
CT-000198,C00066,APP_PUSH,2026-07-28 12:00:00,12,0,False,,IGNORED
CT-000199,C00066,CALL,2026-08-01 10:00:00,10,0,False,,IGNORED
CT-000200,C00066,WHATSAPP,2026-07-08 12:00:00,12,3,True,2.66,ANSWERED
CT-000201,C00066,WHATSAPP,2026-07-25 15:00:00,15,0,False,,IGNORED
CT-000202,C00066,WHATSAPP,2026-06-28 16:00:00,16,1,True,3.19,ANSWERED
CT-000203,C00066,WHATSAPP,2026-08-04 12:00:00,12,1,True,3.06,ANSWERED
CT-000204,C00066,WHATSAPP,2026-09-05 16:00:00,16,3,False,,IGNORED
CT-000205,C00067,WHATSAPP,2026-08-04 11:00:00,11,4,False,,IGNORED
CT-000206,C00068,WHATSAPP,2026-08-27 08:00:00,8,6,False,,IGNORED
CT-000207,C00068,WHATSAPP,2026-09-03 10:00:00,10,8,False,,REJECTED
CT-000208,C00068,WHATSAPP,2026-09-11 16:00:00,16,3,True,2.06,ANSWERED
CT-000209,C00068,WHATSAPP,2026-07-20 06:00:00,6,2,False,,IGNORED
CT-000210,C00068,WHATSAPP,2026-08-27 08:00:00,8,7,False,,BOUNCED
CT-000211,C00069,CALL,2026-09-12 14:00:00,14,4,True,0.88,ANSWERED
CT-000212,C00069,CALL,2026-08-14 03:00:00,3,3,True,1.15,ANSWERED
CT-000213,C00069,CALL,2026-06-17 09:00:00,9,3,False,,IGNORED
CT-000214,C00069,CALL,2026-08-31 09:00:00,9,4,True,1.31,ANSWERED
CT-000215,C00069,CALL,2026-06-17 09:00:00,9,7,False,,IGNORED
CT-000216,C00070,WHATSAPP,2026-09-12 20:00:00,20,8,False,,IGNORED
CT-000217,C00070,CALL,2026-07-06 16:00:00,16,9,False,,IGNORED
CT-000218,C00071,WHATSAPP,2026-08-08 12:00:00,12,7,False,,IGNORED
CT-000219,C00071,APP_PUSH,2026-06-19 12:00:00,12,8,False,,REJECTED
CT-000220,C00072,WHATSAPP,2026-06-29 17:00:00,17,4,True,0.95,ANSWERED
CT-000221,C00072,APP_PUSH,2026-08-11 15:00:00,15,6,False,,IGNORED
CT-000222,C00073,WHATSAPP,2026-09-04 17:00:00,17,6,True,3.19,ANSWERED
CT-000223,C00074,SMS,2026-07-12 19:00:00,19,2,False,,IGNORED
CT-000224,C00074,APP_PUSH,2026-06-23 10:00:00,10,0,True,1.05,ANSWERED
CT-000225,C00075,SMS,2026-09-11 18:00:00,18,4,True,5.1,ANSWERED
CT-000226,C00075,SMS,2026-08-31 22:00:00,22,6,False,,BOUNCED
CT-000227,C00075,WHATSAPP,2026-08-10 17:00:00,17,3,False,,IGNORED
CT-000228,C00076,APP_PUSH,2026-08-17 16:00:00,16,0,True,2.91,ANSWERED
CT-000229,C00076,WHATSAPP,2026-07-29 16:00:00,16,1,False,,IGNORED
CT-000230,C00076,APP_PUSH,2026-06-16 16:00:00,16,0,False,,IGNORED
CT-000231,C00076,CALL,2026-08-26 18:00:00,18,6,False,,IGNORED
CT-000232,C00076,WHATSAPP,2026-08-27 15:00:00,15,2,False,,IGNORED
CT-000233,C00078,APP_PUSH,2026-07-08 07:00:00,7,2,False,,IGNORED
CT-000234,C00078,SMS,2026-08-16 07:00:00,7,4,False,,IGNORED
CT-000235,C00078,CALL,2026-08-09 07:00:00,7,2,False,,IGNORED
CT-000236,C00078,CALL,2026-09-07 03:00:00,3,4,False,,IGNORED
CT-000237,C00079,SMS,2026-07-07 03:00:00,3,5,False,,IGNORED
CT-000238,C00079,WHATSAPP,2026-07-13 10:00:00,10,5,True,1.37,ANSWERED
CT-000239,C00079,WHATSAPP,2026-08-13 16:00:00,16,6,False,,IGNORED
CT-000240,C00080,SMS,2026-08-23 17:00:00,17,6,True,0.55,ANSWERED
CT-000241,C00080,WHATSAPP,2026-08-12 14:00:00,14,4,False,,REJECTED
CT-000242,C00080,APP_PUSH,2026-08-17 12:00:00,12,6,False,,IGNORED
CT-000243,C00080,APP_PUSH,2026-07-07 11:00:00,11,3,True,1.34,ANSWERED
CT-000244,C00081,SMS,2026-08-27 16:00:00,16,1,False,,BOUNCED
CT-000245,C00081,SMS,2026-07-31 13:00:00,13,1,False,,IGNORED
CT-000246,C00081,CALL,2026-09-04 13:00:00,13,0,False,,REJECTED
CT-000247,C00082,SMS,2026-08-12 18:00:00,18,2,False,,IGNORED
CT-000248,C00082,WHATSAPP,2026-07-19 20:00:00,20,2,False,,IGNORED
CT-000249,C00082,SMS,2026-07-10 18:00:00,18,2,True,0.42,ANSWERED
CT-000250,C00083,CALL,2026-07-06 13:00:00,13,2,False,,IGNORED
CT-000251,C00083,CALL,2026-09-03 12:00:00,12,5,True,0.01,ANSWERED
CT-000252,C00084,SMS,2026-08-12 21:00:00,21,8,False,,IGNORED
CT-000253,C00084,CALL,2026-08-05 15:00:00,15,5,False,,REJECTED
CT-000254,C00084,APP_PUSH,2026-06-28 16:00:00,16,6,True,0.23,ANSWERED
CT-000255,C00085,WHATSAPP,2026-07-18 17:00:00,17,4,True,0.3,ANSWERED
CT-000256,C00085,WHATSAPP,2026-07-10 06:00:00,6,4,False,,REJECTED
CT-000257,C00085,WHATSAPP,2026-09-02 11:00:00,11,4,True,0.68,ANSWERED
CT-000258,C00085,SMS,2026-08-23 08:00:00,8,4,False,,IGNORED
CT-000259,C00085,WHATSAPP,2026-06-30 12:00:00,12,2,True,1.31,ANSWERED
CT-000260,C00085,WHATSAPP,2026-06-22 09:00:00,9,5,False,,REJECTED
CT-000261,C00085,WHATSAPP,2026-07-27 11:00:00,11,6,True,0.47,ANSWERED
CT-000262,C00085,WHATSAPP,2026-07-15 15:00:00,15,4,False,,BOUNCED
CT-000263,C00086,CALL,2026-08-30 13:00:00,13,9,False,,BOUNCED
CT-000264,C00086,CALL,2026-07-09 20:00:00,20,8,True,1.42,ANSWERED
CT-000265,C00087,SMS,2026-06-17 06:00:00,6,6,False,,IGNORED
CT-000266,C00087,APP_PUSH,2026-06-17 13:00:00,13,10,False,,REJECTED
CT-000267,C00088,CALL,2026-08-31 14:00:00,14,9,True,0.41,ANSWERED
CT-000268,C00088,CALL,2026-07-01 11:00:00,11,7,False,,IGNORED
CT-000269,C00088,WHATSAPP,2026-08-07 11:00:00,11,7,False,,IGNORED
CT-000270,C00088,SMS,2026-08-15 08:00:00,8,6,False,,REJECTED
CT-000271,C00089,CALL,2026-08-07 09:00:00,9,9,False,,IGNORED
CT-000272,C00089,APP_PUSH,2026-08-28 07:00:00,7,3,False,,REJECTED
CT-000273,C00090,WHATSAPP,2026-06-24 21:00:00,21,7,False,,IGNORED
CT-000274,C00090,SMS,2026-09-10 15:00:00,15,9,False,,IGNORED
CT-000275,C00090,SMS,2026-09-05 21:00:00,21,6,False,,REJECTED
CT-000276,C00090,WHATSAPP,2026-07-08 15:00:00,15,6,False,,IGNORED
CT-000277,C00091,SMS,2026-09-05 18:00:00,18,6,False,,IGNORED
CT-000278,C00092,APP_PUSH,2026-07-21 12:00:00,12,8,False,,IGNORED
CT-000279,C00092,CALL,2026-07-16 07:00:00,7,3,False,,IGNORED
CT-000280,C00092,APP_PUSH,2026-07-23 06:00:00,6,8,False,,BOUNCED
CT-000281,C00092,CALL,2026-08-20 08:00:00,8,7,False,,IGNORED
CT-000282,C00093,APP_PUSH,2026-09-01 09:00:00,9,5,True,1.27,ANSWERED
CT-000283,C00094,APP_PUSH,2026-07-22 12:00:00,12,4,False,,REJECTED
CT-000284,C00094,SMS,2026-07-01 21:00:00,21,4,False,,IGNORED
CT-000285,C00094,APP_PUSH,2026-08-05 15:00:00,15,5,False,,IGNORED
CT-000286,C00095,SMS,2026-08-16 18:00:00,18,7,False,,IGNORED
CT-000287,C00095,APP_PUSH,2026-08-18 16:00:00,16,9,False,,BOUNCED
CT-000288,C00096,CALL,2026-09-11 12:00:00,12,8,True,0.81,ANSWERED
CT-000289,C00096,CALL,2026-08-28 06:00:00,6,9,False,,IGNORED
CT-000290,C00096,CALL,2026-06-23 08:00:00,8,6,False,,IGNORED
CT-000291,C00096,CALL,2026-08-04 09:00:00,9,5,True,0.54,ANSWERED
CT-000292,C00096,CALL,2026-07-24 08:00:00,8,10,False,,IGNORED
CT-000293,C00096,CALL,2026-08-06 08:00:00,8,7,False,,REJECTED
CT-000294,C00098,SMS,2026-06-23 11:00:00,11,3,False,,REJECTED
CT-000295,C00098,WHATSAPP,2026-06-19 12:00:00,12,0,True,0.98,ANSWERED
CT-000296,C00099,WHATSAPP,2026-07-26 08:00:00,8,3,False,,REJECTED
CT-000297,C00099,SMS,2026-08-25 07:00:00,7,5,False,,IGNORED
CT-000298,C00099,CALL,2026-08-30 04:00:00,4,4,True,0.08,ANSWERED
CT-000299,C00100,WHATSAPP,2026-07-17 19:00:00,19,2,False,,IGNORED
CT-000300,C00100,WHATSAPP,2026-07-04 18:00:00,18,9,True,3.44,ANSWERED
CT-000301,C00100,WHATSAPP,2026-07-12 22:00:00,22,8,False,,IGNORED
CT-000302,C00100,WHATSAPP,2026-06-15 19:00:00,19,3,True,8.24,ANSWERED
CT-000303,C00100,WHATSAPP,2026-07-30 13:00:00,13,4,False,,IGNORED
CT-000304,C00100,SMS,2026-06-15 19:00:00,19,5,False,,IGNORED
CT-000305,C00101,SMS,2026-06-30 12:00:00,12,3,True,2.49,ANSWERED
CT-000306,C00101,SMS,2026-07-10 10:00:00,10,4,True,0.56,ANSWERED
CT-000307,C00101,SMS,2026-08-01 08:00:00,8,6,True,0.14,ANSWERED
CT-000308,C00101,SMS,2026-09-06 13:00:00,13,5,False,,IGNORED
CT-000309,C00101,SMS,2026-09-11 09:00:00,9,4,False,,IGNORED
CT-000310,C00101,SMS,2026-06-30 12:00:00,12,5,True,2.03,ANSWERED
CT-000311,C00101,SMS,2026-06-23 12:00:00,12,3,True,1.63,ANSWERED
CT-000312,C00102,SMS,2026-08-13 12:00:00,12,8,True,0.13,ANSWERED
CT-000313,C00103,CALL,2026-08-21 13:00:00,13,6,True,6.16,ANSWERED
CT-000314,C00103,APP_PUSH,2026-09-06 14:00:00,14,6,False,,IGNORED
CT-000315,C00104,SMS,2026-06-21 20:00:00,20,1,False,,REJECTED
CT-000316,C00104,APP_PUSH,2026-07-19 17:00:00,17,3,True,0.46,ANSWERED
CT-000317,C00104,APP_PUSH,2026-06-18 17:00:00,17,6,False,,IGNORED
CT-000318,C00104,APP_PUSH,2026-09-09 19:00:00,19,2,True,0.57,ANSWERED
CT-000319,C00104,APP_PUSH,2026-08-18 22:00:00,22,5,False,,REJECTED
CT-000320,C00105,CALL,2026-07-31 06:00:00,6,3,True,1.02,ANSWERED
CT-000321,C00105,SMS,2026-07-05 12:00:00,12,5,False,,IGNORED
CT-000322,C00105,CALL,2026-06-16 02:00:00,2,7,False,,IGNORED
CT-000323,C00105,CALL,2026-07-17 09:00:00,9,7,True,0.7,ANSWERED
CT-000324,C00106,APP_PUSH,2026-08-17 13:00:00,13,9,False,,IGNORED
CT-000325,C00106,SMS,2026-09-09 09:00:00,9,8,True,0.09,ANSWERED
CT-000326,C00106,WHATSAPP,2026-07-26 06:00:00,6,6,False,,IGNORED
CT-000327,C00107,SMS,2026-08-09 17:00:00,17,6,False,,IGNORED
CT-000328,C00107,SMS,2026-06-22 16:00:00,16,8,False,,BOUNCED
CT-000329,C00107,CALL,2026-09-04 16:00:00,16,6,True,0.54,ANSWERED
CT-000330,C00108,CALL,2026-07-05 04:00:00,4,4,False,,IGNORED
CT-000331,C00108,CALL,2026-09-08 06:00:00,6,1,True,10.29,ANSWERED
CT-000332,C00108,APP_PUSH,2026-09-02 13:00:00,13,3,False,,IGNORED
CT-000333,C00108,SMS,2026-06-24 09:00:00,9,2,False,,IGNORED
CT-000334,C00109,SMS,2026-08-03 14:00:00,14,7,True,2.95,ANSWERED
CT-000335,C00109,SMS,2026-08-06 09:00:00,9,5,True,4.54,ANSWERED
CT-000336,C00109,SMS,2026-08-12 12:00:00,12,9,True,1.81,ANSWERED
CT-000337,C00110,SMS,2026-06-18 09:00:00,9,5,False,,IGNORED
CT-000338,C00110,WHATSAPP,2026-07-08 03:00:00,3,2,False,,IGNORED
CT-000339,C00110,WHATSAPP,2026-07-26 05:00:00,5,6,False,,IGNORED
CT-000340,C00110,WHATSAPP,2026-08-27 09:00:00,9,2,False,,IGNORED
CT-000341,C00110,WHATSAPP,2026-07-13 06:00:00,6,6,False,,IGNORED
CT-000342,C00110,WHATSAPP,2026-07-21 09:00:00,9,5,True,4.78,ANSWERED
CT-000343,C00110,WHATSAPP,2026-08-29 08:00:00,8,6,False,,IGNORED
CT-000344,C00111,SMS,2026-07-23 07:00:00,7,0,True,1.44,ANSWERED
CT-000345,C00111,SMS,2026-06-15 14:00:00,14,8,False,,REJECTED
CT-000346,C00111,SMS,2026-07-07 11:00:00,11,3,True,3.11,ANSWERED
CT-000347,C00111,SMS,2026-07-19 05:00:00,5,2,True,0.7,ANSWERED
CT-000348,C00111,SMS,2026-08-21 13:00:00,13,3,False,,IGNORED
CT-000349,C00112,SMS,2026-09-04 17:00:00,17,4,True,0.31,ANSWERED
CT-000350,C00112,CALL,2026-06-21 16:00:00,16,3,False,,IGNORED
CT-000351,C00113,APP_PUSH,2026-08-29 23:00:00,23,2,False,,IGNORED
CT-000352,C00113,CALL,2026-07-05 18:00:00,18,4,False,,REJECTED
CT-000353,C00113,SMS,2026-08-19 23:00:00,23,3,True,3.75,ANSWERED
CT-000354,C00114,CALL,2026-09-01 23:00:00,23,5,False,,IGNORED
CT-000355,C00114,SMS,2026-08-20 20:00:00,20,3,False,,REJECTED
CT-000356,C00114,CALL,2026-08-02 20:00:00,20,9,False,,IGNORED
CT-000357,C00114,WHATSAPP,2026-09-04 23:00:00,23,4,True,0.21,ANSWERED
CT-000358,C00114,CALL,2026-07-04 19:00:00,19,4,True,2.43,ANSWERED
CT-000359,C00115,APP_PUSH,2026-08-16 13:00:00,13,8,True,0.82,ANSWERED
CT-000360,C00115,APP_PUSH,2026-06-23 13:00:00,13,6,False,,IGNORED
CT-000361,C00116,APP_PUSH,2026-06-20 17:00:00,17,3,True,4.59,ANSWERED
CT-000362,C00116,SMS,2026-08-12 18:00:00,18,4,False,,REJECTED
CT-000363,C00116,APP_PUSH,2026-08-22 07:00:00,7,0,False,,REJECTED
CT-000364,C00117,SMS,2026-07-21 22:00:00,22,3,True,0.19,ANSWERED
CT-000365,C00118,APP_PUSH,2026-08-16 16:00:00,16,3,False,,BOUNCED
CT-000366,C00118,APP_PUSH,2026-07-16 12:00:00,12,5,False,,IGNORED
CT-000367,C00118,APP_PUSH,2026-06-22 04:00:00,4,0,True,1.0,ANSWERED
CT-000368,C00119,WHATSAPP,2026-07-09 08:00:00,8,6,False,,IGNORED
CT-000369,C00119,CALL,2026-08-17 10:00:00,10,3,True,1.43,ANSWERED
CT-000370,C00119,APP_PUSH,2026-07-08 14:00:00,14,4,False,,IGNORED
CT-000371,C00119,APP_PUSH,2026-06-16 11:00:00,11,7,False,,IGNORED
CT-000372,C00120,SMS,2026-07-22 19:00:00,19,8,False,,IGNORED
CT-000373,C00120,APP_PUSH,2026-08-03 22:00:00,22,8,False,,IGNORED
CT-000374,C00121,WHATSAPP,2026-07-15 04:00:00,4,3,True,1.27,ANSWERED
CT-000375,C00122,SMS,2026-09-06 14:00:00,14,5,False,,IGNORED
CT-000376,C00124,WHATSAPP,2026-07-18 09:00:00,9,0,True,1.23,ANSWERED
CT-000377,C00124,WHATSAPP,2026-08-29 08:00:00,8,5,False,,REJECTED
CT-000378,C00124,APP_PUSH,2026-07-07 09:00:00,9,1,True,0.16,ANSWERED
CT-000379,C00124,APP_PUSH,2026-06-28 07:00:00,7,2,False,,IGNORED
CT-000380,C00125,CALL,2026-08-14 19:00:00,19,3,False,,IGNORED
CT-000381,C00125,CALL,2026-08-20 18:00:00,18,0,False,,IGNORED
CT-000382,C00125,CALL,2026-08-11 15:00:00,15,5,False,,IGNORED
CT-000383,C00125,CALL,2026-07-05 23:00:00,23,7,True,0.72,ANSWERED
CT-000384,C00125,SMS,2026-08-12 19:00:00,19,4,False,,IGNORED
CT-000385,C00126,CALL,2026-06-21 05:00:00,5,7,False,,IGNORED
CT-000386,C00126,APP_PUSH,2026-09-05 08:00:00,8,5,False,,IGNORED
CT-000387,C00126,CALL,2026-08-01 07:00:00,7,6,False,,IGNORED
CT-000388,C00126,APP_PUSH,2026-07-09 10:00:00,10,6,False,,IGNORED
CT-000389,C00126,APP_PUSH,2026-07-18 07:00:00,7,5,False,,IGNORED
CT-000390,C00127,WHATSAPP,2026-09-02 20:00:00,20,5,True,3.18,ANSWERED
CT-000391,C00127,WHATSAPP,2026-09-03 18:00:00,18,2,True,0.49,ANSWERED
CT-000392,C00127,WHATSAPP,2026-07-18 21:00:00,21,2,False,,IGNORED
CT-000393,C00127,WHATSAPP,2026-08-26 16:00:00,16,2,False,,IGNORED
CT-000394,C00127,WHATSAPP,2026-07-31 14:00:00,14,1,True,0.21,ANSWERED
CT-000395,C00127,WHATSAPP,2026-07-05 21:00:00,21,2,False,,IGNORED
CT-000396,C00127,CALL,2026-08-29 18:00:00,18,5,False,,REJECTED
CT-000397,C00127,CALL,2026-06-19 18:00:00,18,4,False,,IGNORED
CT-000398,C00128,APP_PUSH,2026-07-27 10:00:00,10,4,False,,IGNORED
CT-000399,C00129,SMS,2026-08-05 18:00:00,18,2,True,0.58,ANSWERED
CT-000400,C00130,APP_PUSH,2026-08-19 11:00:00,11,4,True,0.72,ANSWERED
CT-000401,C00130,APP_PUSH,2026-08-20 08:00:00,8,6,False,,REJECTED
CT-000402,C00130,WHATSAPP,2026-07-06 10:00:00,10,3,True,1.44,ANSWERED
CT-000403,C00130,APP_PUSH,2026-07-06 05:00:00,5,9,True,1.46,ANSWERED
CT-000404,C00131,SMS,2026-08-02 15:00:00,15,3,False,,IGNORED
CT-000405,C00131,SMS,2026-06-22 19:00:00,19,3,False,,REJECTED
CT-000406,C00132,APP_PUSH,2026-08-07 15:00:00,15,6,True,3.65,ANSWERED
CT-000407,C00132,APP_PUSH,2026-07-27 15:00:00,15,1,False,,REJECTED
CT-000408,C00132,SMS,2026-07-02 15:00:00,15,5,False,,IGNORED
CT-000409,C00132,APP_PUSH,2026-08-04 14:00:00,14,4,True,1.3,ANSWERED
CT-000410,C00132,SMS,2026-07-28 11:00:00,11,7,False,,IGNORED
CT-000411,C00132,SMS,2026-06-15 10:00:00,10,6,True,2.29,ANSWERED
CT-000412,C00132,SMS,2026-08-21 14:00:00,14,6,True,1.04,ANSWERED
CT-000413,C00133,WHATSAPP,2026-06-20 12:00:00,12,0,False,,IGNORED
CT-000414,C00133,WHATSAPP,2026-07-17 15:00:00,15,4,False,,IGNORED
CT-000415,C00133,WHATSAPP,2026-08-15 13:00:00,13,3,True,2.3,ANSWERED
CT-000416,C00133,WHATSAPP,2026-08-30 11:00:00,11,5,False,,IGNORED
CT-000417,C00133,WHATSAPP,2026-08-27 08:00:00,8,3,True,0.57,ANSWERED
CT-000418,C00134,CALL,2026-07-04 17:00:00,17,4,False,,IGNORED
CT-000419,C00134,CALL,2026-07-29 13:00:00,13,5,False,,IGNORED
CT-000420,C00134,APP_PUSH,2026-07-27 18:00:00,18,2,False,,IGNORED
CT-000421,C00134,APP_PUSH,2026-09-08 16:00:00,16,7,False,,IGNORED
CT-000422,C00134,WHATSAPP,2026-07-19 19:00:00,19,3,False,,IGNORED
CT-000423,C00135,WHATSAPP,2026-06-15 16:00:00,16,1,False,,REJECTED
CT-000424,C00136,WHATSAPP,2026-09-12 19:00:00,19,7,False,,IGNORED
CT-000425,C00137,WHATSAPP,2026-06-30 14:00:00,14,7,False,,IGNORED
CT-000426,C00137,SMS,2026-06-30 19:00:00,19,5,True,0.16,ANSWERED
CT-000427,C00137,CALL,2026-07-08 17:00:00,17,3,False,,IGNORED
CT-000428,C00137,APP_PUSH,2026-09-03 16:00:00,16,2,False,,IGNORED
CT-000429,C00137,APP_PUSH,2026-07-11 18:00:00,18,0,False,,BOUNCED
CT-000430,C00138,SMS,2026-08-30 12:00:00,12,3,True,7.18,ANSWERED
CT-000431,C00138,CALL,2026-08-11 11:00:00,11,6,True,0.61,ANSWERED
CT-000432,C00138,CALL,2026-07-09 07:00:00,7,6,False,,IGNORED
CT-000433,C00138,APP_PUSH,2026-09-02 10:00:00,10,7,False,,BOUNCED
CT-000434,C00138,APP_PUSH,2026-06-28 11:00:00,11,4,False,,IGNORED
CT-000435,C00138,APP_PUSH,2026-07-03 08:00:00,8,5,False,,IGNORED
CT-000436,C00139,SMS,2026-06-30 15:00:00,15,2,False,,IGNORED
CT-000437,C00139,WHATSAPP,2026-07-24 09:00:00,9,6,False,,IGNORED
CT-000438,C00139,APP_PUSH,2026-07-05 10:00:00,10,5,False,,IGNORED
CT-000439,C00139,SMS,2026-06-18 15:00:00,15,1,False,,IGNORED
CT-000440,C00139,CALL,2026-06-30 11:00:00,11,6,True,5.58,ANSWERED
CT-000441,C00140,APP_PUSH,2026-09-09 17:00:00,17,11,False,,IGNORED
CT-000442,C00140,APP_PUSH,2026-07-25 13:00:00,13,6,True,3.18,ANSWERED
CT-000443,C00140,APP_PUSH,2026-08-19 16:00:00,16,8,True,0.08,ANSWERED
CT-000444,C00140,SMS,2026-06-15 18:00:00,18,6,False,,REJECTED
CT-000445,C00140,APP_PUSH,2026-09-08 11:00:00,11,4,False,,IGNORED
CT-000446,C00141,APP_PUSH,2026-07-09 23:00:00,23,3,False,,IGNORED
CT-000447,C00141,APP_PUSH,2026-07-15 17:00:00,17,2,True,1.18,ANSWERED
CT-000448,C00141,SMS,2026-07-21 19:00:00,19,7,True,1.25,ANSWERED
CT-000449,C00142,WHATSAPP,2026-08-21 19:00:00,19,6,False,,REJECTED
CT-000450,C00143,APP_PUSH,2026-07-24 20:00:00,20,3,False,,IGNORED
CT-000451,C00144,CALL,2026-08-28 18:00:00,18,5,False,,REJECTED
CT-000452,C00144,WHATSAPP,2026-08-12 19:00:00,19,11,True,5.77,ANSWERED
CT-000453,C00145,APP_PUSH,2026-07-26 13:00:00,13,6,False,,IGNORED
CT-000454,C00145,CALL,2026-06-16 18:00:00,18,9,False,,IGNORED
CT-000455,C00145,CALL,2026-09-08 09:00:00,9,9,False,,IGNORED
CT-000456,C00146,CALL,2026-07-18 19:00:00,19,0,False,,IGNORED
CT-000457,C00146,CALL,2026-07-19 16:00:00,16,6,False,,REJECTED
CT-000458,C00146,APP_PUSH,2026-07-07 15:00:00,15,3,False,,IGNORED
CT-000459,C00146,APP_PUSH,2026-07-14 14:00:00,14,-1,False,,IGNORED
CT-000460,C00147,WHATSAPP,2026-08-17 13:00:00,13,3,True,0.89,ANSWERED
CT-000461,C00147,SMS,2026-07-23 10:00:00,10,8,False,,IGNORED
CT-000462,C00148,SMS,2026-06-23 23:00:00,23,5,False,,IGNORED
CT-000463,C00148,APP_PUSH,2026-09-07 20:00:00,20,3,False,,IGNORED
CT-000464,C00148,WHATSAPP,2026-08-14 15:00:00,15,4,False,,IGNORED
CT-000465,C00148,WHATSAPP,2026-07-03 21:00:00,21,6,True,3.04,ANSWERED
CT-000466,C00148,WHATSAPP,2026-09-10 12:00:00,12,4,False,,REJECTED
CT-000467,C00148,CALL,2026-07-19 19:00:00,19,5,True,1.93,ANSWERED
CT-000468,C00149,CALL,2026-07-25 02:00:00,2,4,False,,IGNORED
CT-000469,C00149,SMS,2026-08-05 06:00:00,6,0,False,,IGNORED
CT-000470,C00149,WHATSAPP,2026-08-08 07:00:00,7,2,False,,IGNORED
CT-000471,C00149,SMS,2026-06-28 02:00:00,2,5,False,,REJECTED
CT-000472,C00150,APP_PUSH,2026-06-19 08:00:00,8,1,False,,IGNORED
CT-000473,C00150,APP_PUSH,2026-07-04 11:00:00,11,4,True,0.33,ANSWERED
CT-000474,C00150,APP_PUSH,2026-06-21 11:00:00,11,3,True,1.56,ANSWERED
CT-000475,C00150,APP_PUSH,2026-06-25 08:00:00,8,0,False,,IGNORED
CT-000476,C00150,APP_PUSH,2026-06-17 12:00:00,12,2,True,1.06,ANSWERED
CT-000477,C00150,APP_PUSH,2026-07-29 06:00:00,6,6,True,4.18,ANSWERED
CT-000478,C00151,WHATSAPP,2026-08-17 13:00:00,13,1,False,,IGNORED
CT-000479,C00151,WHATSAPP,2026-08-15 08:00:00,8,7,False,,REJECTED
CT-000480,C00151,APP_PUSH,2026-08-24 12:00:00,12,2,False,,IGNORED
CT-000481,C00152,WHATSAPP,2026-08-23 19:00:00,19,8,True,0.43,ANSWERED
CT-000482,C00152,CALL,2026-06-23 18:00:00,18,6,True,0.29,ANSWERED
CT-000483,C00152,WHATSAPP,2026-07-24 22:00:00,22,10,True,0.88,ANSWERED
CT-000484,C00153,WHATSAPP,2026-07-17 09:00:00,9,4,False,,IGNORED
CT-000485,C00153,WHATSAPP,2026-08-16 15:00:00,15,5,False,,IGNORED
CT-000486,C00154,WHATSAPP,2026-09-12 14:00:00,14,7,True,3.21,ANSWERED
CT-000487,C00154,APP_PUSH,2026-06-21 18:00:00,18,7,False,,IGNORED
CT-000488,C00154,APP_PUSH,2026-07-10 19:00:00,19,4,False,,IGNORED
CT-000489,C00154,WHATSAPP,2026-06-18 15:00:00,15,3,False,,IGNORED
CT-000490,C00154,SMS,2026-07-26 13:00:00,13,6,False,,REJECTED
CT-000491,C00155,APP_PUSH,2026-08-30 16:00:00,16,4,False,,IGNORED
CT-000492,C00155,APP_PUSH,2026-08-19 10:00:00,10,5,False,,IGNORED
CT-000493,C00155,SMS,2026-08-02 15:00:00,15,2,True,1.72,ANSWERED
CT-000494,C00156,WHATSAPP,2026-08-07 15:00:00,15,7,False,,IGNORED
CT-000495,C00156,WHATSAPP,2026-07-08 12:00:00,12,5,False,,IGNORED
CT-000496,C00156,APP_PUSH,2026-06-21 16:00:00,16,4,False,,IGNORED
CT-000497,C00157,CALL,2026-08-09 14:00:00,14,3,False,,IGNORED
CT-000498,C00157,SMS,2026-08-01 14:00:00,14,2,False,,IGNORED
CT-000499,C00157,CALL,2026-09-06 13:00:00,13,1,True,3.75,ANSWERED
CT-000500,C00157,SMS,2026-07-28 12:00:00,12,1,True,1.42,ANSWERED
CT-000501,C00157,CALL,2026-06-17 20:00:00,20,1,False,,IGNORED
CT-000502,C00158,APP_PUSH,2026-07-28 12:00:00,12,2,True,2.69,ANSWERED
CT-000503,C00158,SMS,2026-09-10 06:00:00,6,6,False,,IGNORED
CT-000504,C00158,SMS,2026-09-07 07:00:00,7,4,False,,IGNORED
CT-000505,C00158,SMS,2026-08-30 07:00:00,7,3,False,,IGNORED
CT-000506,C00158,SMS,2026-08-27 07:00:00,7,2,False,,REJECTED
CT-000507,C00159,SMS,2026-07-31 09:00:00,9,8,True,0.88,ANSWERED
CT-000508,C00159,SMS,2026-09-02 08:00:00,8,4,False,,IGNORED
CT-000509,C00159,SMS,2026-08-30 15:00:00,15,2,False,,IGNORED
CT-000510,C00160,WHATSAPP,2026-07-27 23:00:00,23,6,True,2.48,ANSWERED
CT-000511,C00161,SMS,2026-08-31 12:00:00,12,0,True,0.33,ANSWERED
CT-000512,C00161,SMS,2026-06-16 14:00:00,14,0,False,,IGNORED
CT-000513,C00161,SMS,2026-08-12 13:00:00,13,-1,True,3.47,ANSWERED
CT-000514,C00161,SMS,2026-06-18 09:00:00,9,2,False,,IGNORED
CT-000515,C00162,APP_PUSH,2026-09-02 17:00:00,17,1,False,,IGNORED
CT-000516,C00162,CALL,2026-07-07 23:00:00,23,1,False,,IGNORED
CT-000517,C00162,APP_PUSH,2026-06-28 21:00:00,21,1,False,,IGNORED
CT-000518,C00162,APP_PUSH,2026-08-11 23:00:00,23,1,True,0.13,ANSWERED
CT-000519,C00162,SMS,2026-09-03 16:00:00,16,0,False,,IGNORED
CT-000520,C00162,SMS,2026-07-14 16:00:00,16,3,True,0.41,ANSWERED
CT-000521,C00162,WHATSAPP,2026-07-11 19:00:00,19,4,False,,IGNORED
CT-000522,C00163,WHATSAPP,2026-07-14 21:00:00,21,3,True,1.75,ANSWERED
CT-000523,C00163,WHATSAPP,2026-08-18 14:00:00,14,6,False,,IGNORED
CT-000524,C00163,WHATSAPP,2026-09-01 20:00:00,20,4,False,,IGNORED
CT-000525,C00163,WHATSAPP,2026-09-12 23:00:00,23,2,False,,IGNORED
CT-000526,C00164,SMS,2026-08-07 13:00:00,13,0,True,4.91,ANSWERED
CT-000527,C00164,APP_PUSH,2026-08-02 17:00:00,17,2,False,,IGNORED
CT-000528,C00164,APP_PUSH,2026-09-12 13:00:00,13,4,False,,IGNORED
CT-000529,C00164,CALL,2026-06-20 12:00:00,12,2,False,,IGNORED
CT-000530,C00164,CALL,2026-08-12 20:00:00,20,7,False,,IGNORED
CT-000531,C00164,APP_PUSH,2026-06-16 15:00:00,15,5,False,,IGNORED
CT-000532,C00164,CALL,2026-06-21 15:00:00,15,0,False,,REJECTED
CT-000533,C00165,WHATSAPP,2026-07-23 15:00:00,15,0,False,,IGNORED
CT-000534,C00165,WHATSAPP,2026-08-31 16:00:00,16,2,False,,REJECTED
CT-000535,C00166,WHATSAPP,2026-06-28 11:00:00,11,8,True,2.22,ANSWERED
CT-000536,C00166,WHATSAPP,2026-07-13 08:00:00,8,4,True,0.27,ANSWERED
CT-000537,C00166,WHATSAPP,2026-07-05 12:00:00,12,3,False,,IGNORED
CT-000538,C00166,WHATSAPP,2026-07-30 08:00:00,8,5,True,0.19,ANSWERED
CT-000539,C00166,WHATSAPP,2026-09-09 04:00:00,4,2,False,,IGNORED
CT-000540,C00166,WHATSAPP,2026-08-17 13:00:00,13,2,False,,IGNORED
CT-000541,C00167,APP_PUSH,2026-07-25 14:00:00,14,3,True,2.13,ANSWERED
CT-000542,C00167,SMS,2026-09-03 11:00:00,11,4,True,1.7,ANSWERED
CT-000543,C00168,CALL,2026-07-16 05:00:00,5,7,True,1.75,ANSWERED
CT-000544,C00168,SMS,2026-08-21 10:00:00,10,5,False,,IGNORED
CT-000545,C00169,APP_PUSH,2026-08-23 17:00:00,17,5,False,,REJECTED
CT-000546,C00169,APP_PUSH,2026-08-20 23:00:00,23,8,True,0.3,ANSWERED
CT-000547,C00169,WHATSAPP,2026-07-10 19:00:00,19,6,False,,IGNORED
CT-000548,C00169,APP_PUSH,2026-08-30 19:00:00,19,6,True,0.2,ANSWERED
CT-000549,C00170,CALL,2026-07-15 17:00:00,17,5,True,2.3,ANSWERED
CT-000550,C00170,CALL,2026-08-22 21:00:00,21,5,False,,REJECTED
CT-000551,C00170,APP_PUSH,2026-09-02 14:00:00,14,7,False,,IGNORED
CT-000552,C00170,SMS,2026-07-22 16:00:00,16,7,True,1.29,ANSWERED
CT-000553,C00170,SMS,2026-07-20 14:00:00,14,1,False,,REJECTED
CT-000554,C00172,CALL,2026-08-18 11:00:00,11,0,True,3.35,ANSWERED
CT-000555,C00172,SMS,2026-07-14 12:00:00,12,4,False,,IGNORED
CT-000556,C00172,SMS,2026-08-30 03:00:00,3,5,True,0.22,ANSWERED
CT-000557,C00172,SMS,2026-08-26 07:00:00,7,1,True,0.33,ANSWERED
CT-000558,C00172,APP_PUSH,2026-07-13 07:00:00,7,0,False,,IGNORED
CT-000559,C00173,WHATSAPP,2026-07-22 23:00:00,23,10,True,0.98,ANSWERED
CT-000560,C00173,WHATSAPP,2026-07-10 13:00:00,13,5,False,,REJECTED
CT-000561,C00173,WHATSAPP,2026-09-10 15:00:00,15,8,False,,REJECTED
CT-000562,C00173,WHATSAPP,2026-08-28 23:00:00,23,6,False,,IGNORED
CT-000563,C00173,WHATSAPP,2026-08-24 21:00:00,21,6,True,0.55,ANSWERED
CT-000564,C00174,WHATSAPP,2026-06-25 14:00:00,14,1,False,,IGNORED
CT-000565,C00174,WHATSAPP,2026-06-20 11:00:00,11,5,True,1.88,ANSWERED
CT-000566,C00174,WHATSAPP,2026-06-21 08:00:00,8,5,True,1.32,ANSWERED
CT-000567,C00174,WHATSAPP,2026-07-02 11:00:00,11,3,False,,REJECTED
CT-000568,C00174,WHATSAPP,2026-09-05 13:00:00,13,6,True,3.61,ANSWERED
CT-000569,C00174,WHATSAPP,2026-08-29 16:00:00,16,4,False,,REJECTED
CT-000570,C00175,WHATSAPP,2026-09-02 07:00:00,7,2,False,,IGNORED
CT-000571,C00175,CALL,2026-08-22 12:00:00,12,4,False,,REJECTED
CT-000572,C00176,WHATSAPP,2026-06-15 07:00:00,7,2,False,,IGNORED
CT-000573,C00176,WHATSAPP,2026-09-08 04:00:00,4,6,False,,IGNORED
CT-000574,C00176,CALL,2026-07-06 06:00:00,6,5,False,,IGNORED
CT-000575,C00176,WHATSAPP,2026-06-28 10:00:00,10,2,False,,REJECTED
CT-000576,C00177,SMS,2026-08-14 12:00:00,12,3,False,,IGNORED
CT-000577,C00177,WHATSAPP,2026-07-11 09:00:00,9,5,False,,BOUNCED
CT-000578,C00178,WHATSAPP,2026-09-02 12:00:00,12,2,True,0.75,ANSWERED
CT-000579,C00178,CALL,2026-08-26 09:00:00,9,6,False,,IGNORED
CT-000580,C00178,APP_PUSH,2026-08-14 07:00:00,7,8,True,0.55,ANSWERED
CT-000581,C00180,APP_PUSH,2026-08-27 09:00:00,9,11,False,,IGNORED
CT-000582,C00180,CALL,2026-07-22 06:00:00,6,3,False,,IGNORED
CT-000583,C00180,WHATSAPP,2026-08-04 06:00:00,6,4,True,0.14,ANSWERED
CT-000584,C00180,CALL,2026-08-18 09:00:00,9,2,False,,REJECTED
CT-000585,C00180,CALL,2026-09-07 05:00:00,5,6,True,0.59,ANSWERED
CT-000586,C00181,WHATSAPP,2026-08-28 04:00:00,4,5,False,,IGNORED
CT-000587,C00182,APP_PUSH,2026-07-07 20:00:00,20,6,True,1.82,ANSWERED
CT-000588,C00182,CALL,2026-07-25 18:00:00,18,7,False,,IGNORED
CT-000589,C00182,SMS,2026-08-09 17:00:00,17,6,False,,IGNORED
CT-000590,C00182,WHATSAPP,2026-08-23 20:00:00,20,7,False,,IGNORED
CT-000591,C00183,APP_PUSH,2026-07-03 19:00:00,19,6,False,,IGNORED
CT-000592,C00183,CALL,2026-07-14 23:00:00,23,5,False,,IGNORED
CT-000593,C00184,SMS,2026-08-03 16:00:00,16,7,False,,IGNORED
CT-000594,C00185,WHATSAPP,2026-09-09 15:00:00,15,5,True,0.55,ANSWERED
CT-000595,C00185,WHATSAPP,2026-08-02 06:00:00,6,9,False,,IGNORED
CT-000596,C00185,WHATSAPP,2026-08-01 09:00:00,9,8,False,,IGNORED
CT-000597,C00186,SMS,2026-09-08 15:00:00,15,6,False,,REJECTED
CT-000598,C00186,CALL,2026-07-06 19:00:00,19,8,False,,REJECTED
CT-000599,C00186,APP_PUSH,2026-08-03 17:00:00,17,7,True,6.16,ANSWERED
CT-000600,C00186,APP_PUSH,2026-07-02 17:00:00,17,5,False,,IGNORED
CT-000601,C00187,SMS,2026-08-21 10:00:00,10,5,False,,IGNORED
CT-000602,C00187,SMS,2026-08-08 10:00:00,10,7,False,,IGNORED
CT-000603,C00187,SMS,2026-08-14 11:00:00,11,6,True,0.05,ANSWERED
CT-000604,C00187,APP_PUSH,2026-09-12 09:00:00,9,5,True,3.36,ANSWERED
CT-000605,C00187,APP_PUSH,2026-09-04 08:00:00,8,4,False,,IGNORED
CT-000606,C00187,APP_PUSH,2026-06-25 08:00:00,8,8,False,,IGNORED
CT-000607,C00188,CALL,2026-08-02 13:00:00,13,6,False,,IGNORED
CT-000608,C00188,APP_PUSH,2026-08-08 13:00:00,13,5,False,,IGNORED
CT-000609,C00189,SMS,2026-07-21 09:00:00,9,6,True,0.82,ANSWERED
CT-000610,C00189,SMS,2026-08-12 07:00:00,7,4,False,,IGNORED
CT-000611,C00189,CALL,2026-07-22 11:00:00,11,8,False,,BOUNCED
CT-000612,C00190,SMS,2026-06-22 06:00:00,6,6,False,,IGNORED
CT-000613,C00190,SMS,2026-06-19 13:00:00,13,6,True,1.69,ANSWERED
CT-000614,C00190,SMS,2026-08-26 13:00:00,13,1,True,2.44,ANSWERED
CT-000615,C00190,SMS,2026-08-02 13:00:00,13,4,True,1.41,ANSWERED
CT-000616,C00191,APP_PUSH,2026-09-05 17:00:00,17,8,False,,IGNORED
CT-000617,C00191,APP_PUSH,2026-08-19 12:00:00,12,5,False,,IGNORED
CT-000618,C00191,CALL,2026-08-29 10:00:00,10,4,False,,IGNORED
CT-000619,C00191,SMS,2026-06-25 11:00:00,11,3,True,1.64,ANSWERED
CT-000620,C00191,CALL,2026-09-10 15:00:00,15,7,True,0.18,ANSWERED
CT-000621,C00191,WHATSAPP,2026-08-21 18:00:00,18,4,False,,IGNORED
CT-000622,C00191,CALL,2026-07-28 18:00:00,18,4,True,6.64,ANSWERED
CT-000623,C00192,CALL,2026-07-25 18:00:00,18,0,True,7.58,ANSWERED
CT-000624,C00192,CALL,2026-08-31 16:00:00,16,1,False,,IGNORED
CT-000625,C00192,CALL,2026-08-05 16:00:00,16,2,True,1.33,ANSWERED
CT-000626,C00193,WHATSAPP,2026-09-01 16:00:00,16,5,True,0.55,ANSWERED
CT-000627,C00193,APP_PUSH,2026-07-26 15:00:00,15,0,False,,IGNORED
CT-000628,C00195,CALL,2026-08-22 06:00:00,6,5,False,,IGNORED
CT-000629,C00195,WHATSAPP,2026-09-10 06:00:00,6,7,False,,IGNORED
CT-000630,C00195,CALL,2026-06-29 07:00:00,7,7,False,,IGNORED
CT-000631,C00195,CALL,2026-08-19 09:00:00,9,7,True,0.5,ANSWERED
CT-000632,C00195,CALL,2026-06-27 14:00:00,14,5,False,,IGNORED
CT-000633,C00195,CALL,2026-08-22 07:00:00,7,4,False,,IGNORED
CT-000634,C00196,CALL,2026-07-11 16:00:00,16,1,True,1.42,ANSWERED
CT-000635,C00196,CALL,2026-08-12 11:00:00,11,1,False,,IGNORED
CT-000636,C00196,CALL,2026-06-25 14:00:00,14,9,False,,IGNORED
CT-000637,C00196,CALL,2026-07-15 17:00:00,17,3,True,2.15,ANSWERED
CT-000638,C00196,CALL,2026-07-09 14:00:00,14,1,True,0.75,ANSWERED
CT-000639,C00197,CALL,2026-09-10 14:00:00,14,8,False,,IGNORED
CT-000640,C00197,APP_PUSH,2026-07-30 18:00:00,18,7,True,0.99,ANSWERED
CT-000641,C00197,CALL,2026-07-13 19:00:00,19,10,False,,IGNORED
CT-000642,C00199,APP_PUSH,2026-07-16 19:00:00,19,1,False,,REJECTED
CT-000643,C00200,WHATSAPP,2026-08-21 16:00:00,16,5,True,2.76,ANSWERED
CT-000644,C00200,WHATSAPP,2026-06-23 17:00:00,17,3,False,,IGNORED
CT-000645,C00201,SMS,2026-06-23 13:00:00,13,1,False,,IGNORED
CT-000646,C00201,CALL,2026-07-22 14:00:00,14,3,True,2.36,ANSWERED
CT-000647,C00201,CALL,2026-09-10 18:00:00,18,4,True,0.02,ANSWERED
CT-000648,C00201,CALL,2026-08-03 16:00:00,16,3,False,,IGNORED
CT-000649,C00201,WHATSAPP,2026-08-01 17:00:00,17,5,False,,IGNORED
CT-000650,C00201,WHATSAPP,2026-06-20 17:00:00,17,7,True,1.65,ANSWERED
CT-000651,C00201,CALL,2026-08-30 19:00:00,19,4,False,,REJECTED
CT-000652,C00202,CALL,2026-07-14 03:00:00,3,3,False,,IGNORED
CT-000653,C00202,SMS,2026-08-31 05:00:00,5,4,False,,IGNORED
CT-000654,C00202,SMS,2026-06-18 08:00:00,8,4,True,0.95,ANSWERED
CT-000655,C00202,CALL,2026-08-14 12:00:00,12,4,False,,REJECTED
CT-000656,C00202,CALL,2026-08-28 10:00:00,10,1,False,,IGNORED
CT-000657,C00204,APP_PUSH,2026-09-02 17:00:00,17,3,True,1.04,ANSWERED
CT-000658,C00204,WHATSAPP,2026-08-24 15:00:00,15,3,False,,IGNORED
CT-000659,C00204,APP_PUSH,2026-09-07 12:00:00,12,3,False,,IGNORED
CT-000660,C00204,APP_PUSH,2026-07-05 17:00:00,17,3,False,,IGNORED
CT-000661,C00205,SMS,2026-09-05 18:00:00,18,4,True,1.27,ANSWERED
CT-000662,C00205,APP_PUSH,2026-08-12 17:00:00,17,7,False,,IGNORED
CT-000663,C00207,CALL,2026-08-30 16:00:00,16,0,False,,IGNORED
CT-000664,C00207,CALL,2026-06-22 05:00:00,5,0,False,,IGNORED
CT-000665,C00207,WHATSAPP,2026-08-10 09:00:00,9,5,True,2.09,ANSWERED
CT-000666,C00207,WHATSAPP,2026-07-11 11:00:00,11,4,True,1.05,ANSWERED
CT-000667,C00207,APP_PUSH,2026-07-16 10:00:00,10,0,False,,IGNORED
CT-000668,C00208,APP_PUSH,2026-08-14 16:00:00,16,2,False,,IGNORED
CT-000669,C00209,APP_PUSH,2026-08-20 09:00:00,9,0,False,,IGNORED
CT-000670,C00209,WHATSAPP,2026-07-04 06:00:00,6,-1,False,,IGNORED
CT-000671,C00209,APP_PUSH,2026-06-16 14:00:00,14,0,False,,REJECTED
CT-000672,C00210,CALL,2026-07-28 08:00:00,8,5,False,,IGNORED
CT-000673,C00210,WHATSAPP,2026-08-01 05:00:00,5,4,False,,IGNORED
CT-000674,C00211,APP_PUSH,2026-08-22 11:00:00,11,2,False,,BOUNCED
CT-000675,C00212,APP_PUSH,2026-07-23 17:00:00,17,3,False,,IGNORED
CT-000676,C00212,APP_PUSH,2026-07-07 19:00:00,19,4,False,,IGNORED
CT-000677,C00212,CALL,2026-06-21 17:00:00,17,5,False,,IGNORED
CT-000678,C00212,APP_PUSH,2026-08-17 23:00:00,23,4,True,2.26,ANSWERED
CT-000679,C00213,CALL,2026-08-09 06:00:00,6,8,False,,IGNORED
CT-000680,C00213,CALL,2026-09-03 06:00:00,6,5,False,,IGNORED
CT-000681,C00213,WHATSAPP,2026-08-29 04:00:00,4,8,True,1.45,ANSWERED
CT-000682,C00213,CALL,2026-08-23 08:00:00,8,6,True,1.28,ANSWERED
CT-000683,C00213,CALL,2026-07-02 10:00:00,10,7,True,5.0,ANSWERED
CT-000684,C00213,WHATSAPP,2026-07-19 10:00:00,10,7,True,0.1,ANSWERED
CT-000685,C00213,WHATSAPP,2026-08-19 13:00:00,13,8,True,5.83,ANSWERED
CT-000686,C00214,APP_PUSH,2026-06-22 17:00:00,17,7,False,,IGNORED
CT-000687,C00214,SMS,2026-08-25 12:00:00,12,4,True,6.52,ANSWERED
CT-000688,C00214,SMS,2026-06-17 17:00:00,17,5,False,,IGNORED
CT-000689,C00216,SMS,2026-08-15 19:00:00,19,5,False,,REJECTED
CT-000690,C00216,SMS,2026-07-24 22:00:00,22,5,False,,IGNORED
CT-000691,C00216,WHATSAPP,2026-07-31 19:00:00,19,5,False,,REJECTED
CT-000692,C00216,SMS,2026-06-20 19:00:00,19,3,False,,IGNORED
CT-000693,C00216,SMS,2026-08-13 14:00:00,14,3,False,,IGNORED
CT-000694,C00216,CALL,2026-07-29 16:00:00,16,6,False,,IGNORED
CT-000695,C00216,SMS,2026-08-03 18:00:00,18,0,False,,REJECTED
CT-000696,C00218,APP_PUSH,2026-08-08 06:00:00,6,3,False,,IGNORED
CT-000697,C00218,CALL,2026-07-19 11:00:00,11,1,True,2.18,ANSWERED
CT-000698,C00218,CALL,2026-08-05 04:00:00,4,4,True,4.02,ANSWERED
CT-000699,C00218,CALL,2026-08-06 13:00:00,13,1,False,,IGNORED
CT-000700,C00218,CALL,2026-08-04 11:00:00,11,3,True,2.09,ANSWERED
CT-000701,C00219,APP_PUSH,2026-07-25 19:00:00,19,3,False,,IGNORED
CT-000702,C00219,APP_PUSH,2026-08-08 16:00:00,16,1,False,,IGNORED
CT-000703,C00219,SMS,2026-08-03 18:00:00,18,3,False,,IGNORED
CT-000704,C00219,APP_PUSH,2026-06-20 17:00:00,17,4,True,0.16,ANSWERED
CT-000705,C00219,APP_PUSH,2026-08-09 20:00:00,20,2,False,,IGNORED
CT-000706,C00220,SMS,2026-08-19 20:00:00,20,10,False,,REJECTED
CT-000707,C00220,SMS,2026-08-02 17:00:00,17,7,False,,IGNORED
CT-000708,C00220,CALL,2026-06-22 19:00:00,19,6,False,,REJECTED
CT-000709,C00220,CALL,2026-09-06 18:00:00,18,9,True,1.42,ANSWERED
CT-000710,C00220,CALL,2026-07-25 23:00:00,23,7,True,0.35,ANSWERED
CT-000711,C00220,CALL,2026-08-15 18:00:00,18,7,True,1.0,ANSWERED
CT-000712,C00221,CALL,2026-07-02 12:00:00,12,7,False,,REJECTED
CT-000713,C00222,WHATSAPP,2026-08-28 19:00:00,19,2,True,1.58,ANSWERED
CT-000714,C00222,WHATSAPP,2026-07-29 15:00:00,15,3,False,,IGNORED
CT-000715,C00223,CALL,2026-07-15 19:00:00,19,6,False,,REJECTED
CT-000716,C00223,CALL,2026-07-03 10:00:00,10,7,False,,IGNORED
CT-000717,C00223,APP_PUSH,2026-07-27 22:00:00,22,3,True,2.65,ANSWERED
CT-000718,C00223,APP_PUSH,2026-06-19 20:00:00,20,2,False,,IGNORED
CT-000719,C00223,CALL,2026-06-20 19:00:00,19,0,False,,IGNORED
CT-000720,C00223,CALL,2026-06-21 15:00:00,15,1,False,,IGNORED
CT-000721,C00224,WHATSAPP,2026-09-06 13:00:00,13,5,True,0.33,ANSWERED
CT-000722,C00224,WHATSAPP,2026-06-17 19:00:00,19,8,False,,IGNORED
CT-000723,C00224,WHATSAPP,2026-07-22 13:00:00,13,2,True,1.24,ANSWERED
CT-000724,C00224,CALL,2026-07-25 12:00:00,12,1,False,,REJECTED
CT-000725,C00224,WHATSAPP,2026-07-22 20:00:00,20,6,True,0.25,ANSWERED
CT-000726,C00224,WHATSAPP,2026-07-16 15:00:00,15,2,False,,IGNORED
CT-000727,C00224,WHATSAPP,2026-06-19 12:00:00,12,0,False,,IGNORED
CT-000728,C00224,CALL,2026-08-05 16:00:00,16,4,False,,BOUNCED
CT-000729,C00225,SMS,2026-07-07 18:00:00,18,5,False,,BOUNCED
CT-000730,C00225,SMS,2026-08-21 14:00:00,14,2,False,,IGNORED
CT-000731,C00226,CALL,2026-07-12 14:00:00,14,3,False,,IGNORED
CT-000732,C00226,SMS,2026-06-27 12:00:00,12,2,False,,REJECTED
CT-000733,C00226,APP_PUSH,2026-07-29 11:00:00,11,4,False,,IGNORED
CT-000734,C00226,CALL,2026-07-02 09:00:00,9,0,False,,REJECTED
CT-000735,C00226,SMS,2026-07-06 10:00:00,10,8,True,0.29,ANSWERED
CT-000736,C00227,WHATSAPP,2026-07-20 22:00:00,22,0,True,1.1,ANSWERED
CT-000737,C00227,WHATSAPP,2026-07-22 17:00:00,17,0,False,,IGNORED
CT-000738,C00227,WHATSAPP,2026-09-10 19:00:00,19,3,False,,REJECTED
CT-000739,C00227,WHATSAPP,2026-09-10 17:00:00,17,1,False,,IGNORED
CT-000740,C00228,WHATSAPP,2026-08-13 11:00:00,11,0,False,,IGNORED
CT-000741,C00228,SMS,2026-07-06 11:00:00,11,0,False,,REJECTED
CT-000742,C00229,SMS,2026-06-15 14:00:00,14,5,False,,REJECTED
CT-000743,C00229,APP_PUSH,2026-07-15 16:00:00,16,4,False,,IGNORED
CT-000744,C00229,CALL,2026-06-19 20:00:00,20,8,True,0.39,ANSWERED
CT-000745,C00229,SMS,2026-08-28 17:00:00,17,9,False,,IGNORED
CT-000746,C00230,CALL,2026-08-27 11:00:00,11,3,True,1.5,ANSWERED
CT-000747,C00230,CALL,2026-08-30 17:00:00,17,4,True,3.41,ANSWERED
CT-000748,C00231,WHATSAPP,2026-09-12 08:00:00,8,5,True,1.23,ANSWERED
CT-000749,C00231,SMS,2026-07-22 09:00:00,9,8,False,,IGNORED
CT-000750,C00233,SMS,2026-07-22 15:00:00,15,4,False,,REJECTED
CT-000751,C00233,CALL,2026-08-10 06:00:00,6,3,False,,REJECTED
CT-000752,C00233,CALL,2026-08-07 11:00:00,11,5,False,,IGNORED
CT-000753,C00233,CALL,2026-08-05 09:00:00,9,5,True,1.58,ANSWERED
CT-000754,C00233,WHATSAPP,2026-06-29 13:00:00,13,5,False,,IGNORED
CT-000755,C00233,WHATSAPP,2026-07-26 08:00:00,8,3,True,0.09,ANSWERED
CT-000756,C00233,SMS,2026-09-05 10:00:00,10,6,False,,REJECTED
CT-000757,C00234,SMS,2026-06-26 12:00:00,12,3,False,,REJECTED
CT-000758,C00234,APP_PUSH,2026-07-16 11:00:00,11,6,True,4.32,ANSWERED
CT-000759,C00235,APP_PUSH,2026-07-14 16:00:00,16,4,True,1.22,ANSWERED
CT-000760,C00235,CALL,2026-07-28 15:00:00,15,4,False,,IGNORED
CT-000761,C00235,APP_PUSH,2026-07-16 11:00:00,11,6,False,,IGNORED
CT-000762,C00235,APP_PUSH,2026-07-09 15:00:00,15,5,False,,IGNORED
CT-000763,C00235,WHATSAPP,2026-07-15 20:00:00,20,6,False,,IGNORED
CT-000764,C00235,WHATSAPP,2026-09-03 23:00:00,23,4,True,1.42,ANSWERED
CT-000765,C00236,SMS,2026-08-20 07:00:00,7,2,False,,IGNORED
CT-000766,C00236,APP_PUSH,2026-06-21 13:00:00,13,5,True,1.07,ANSWERED
CT-000767,C00236,WHATSAPP,2026-08-30 12:00:00,12,3,False,,IGNORED
CT-000768,C00236,APP_PUSH,2026-07-03 17:00:00,17,4,False,,REJECTED
CT-000769,C00237,SMS,2026-07-18 15:00:00,15,2,True,0.62,ANSWERED
CT-000770,C00237,CALL,2026-09-04 18:00:00,18,3,False,,REJECTED
CT-000771,C00237,SMS,2026-09-06 19:00:00,19,1,False,,IGNORED
CT-000772,C00237,SMS,2026-06-25 18:00:00,18,4,True,1.51,ANSWERED
CT-000773,C00238,CALL,2026-08-22 06:00:00,6,4,False,,IGNORED
CT-000774,C00238,APP_PUSH,2026-07-01 14:00:00,14,3,False,,IGNORED
CT-000775,C00239,SMS,2026-09-07 15:00:00,15,5,False,,REJECTED
CT-000776,C00239,CALL,2026-07-27 21:00:00,21,7,False,,REJECTED
CT-000777,C00239,WHATSAPP,2026-07-01 15:00:00,15,5,False,,REJECTED
CT-000778,C00240,CALL,2026-07-30 15:00:00,15,6,False,,IGNORED
CT-000779,C00242,CALL,2026-09-03 11:00:00,11,4,False,,IGNORED
CT-000780,C00242,CALL,2026-07-28 12:00:00,12,3,False,,IGNORED
CT-000781,C00242,SMS,2026-07-29 08:00:00,8,0,False,,IGNORED
CT-000782,C00243,WHATSAPP,2026-08-30 18:00:00,18,1,True,3.7,ANSWERED
CT-000783,C00243,WHATSAPP,2026-09-09 23:00:00,23,5,True,2.43,ANSWERED
CT-000784,C00243,WHATSAPP,2026-08-15 15:00:00,15,8,False,,IGNORED
CT-000785,C00243,APP_PUSH,2026-08-31 22:00:00,22,5,False,,REJECTED
CT-000786,C00244,APP_PUSH,2026-06-15 06:00:00,6,0,False,,IGNORED
CT-000787,C00244,APP_PUSH,2026-08-30 11:00:00,11,4,False,,IGNORED
CT-000788,C00245,WHATSAPP,2026-08-01 13:00:00,13,8,True,3.62,ANSWERED
CT-000789,C00245,WHATSAPP,2026-08-12 14:00:00,14,1,False,,IGNORED
CT-000790,C00245,WHATSAPP,2026-06-18 10:00:00,10,6,False,,IGNORED
CT-000791,C00245,APP_PUSH,2026-09-09 19:00:00,19,5,False,,IGNORED
CT-000792,C00245,WHATSAPP,2026-08-11 13:00:00,13,5,True,1.45,ANSWERED
CT-000793,C00246,CALL,2026-08-02 14:00:00,14,3,False,,REJECTED
CT-000794,C00246,CALL,2026-07-22 16:00:00,16,6,False,,IGNORED
CT-000795,C00246,CALL,2026-07-18 12:00:00,12,3,True,1.83,ANSWERED
CT-000796,C00247,SMS,2026-08-23 19:00:00,19,7,False,,IGNORED
CT-000797,C00247,APP_PUSH,2026-09-08 19:00:00,19,6,True,1.73,ANSWERED
CT-000798,C00247,WHATSAPP,2026-08-02 14:00:00,14,8,False,,BOUNCED
CT-000799,C00247,WHATSAPP,2026-08-20 22:00:00,22,10,False,,IGNORED
CT-000800,C00248,APP_PUSH,2026-08-18 13:00:00,13,3,False,,IGNORED
CT-000801,C00248,APP_PUSH,2026-07-02 14:00:00,14,0,False,,IGNORED
CT-000802,C00248,APP_PUSH,2026-09-04 15:00:00,15,0,False,,IGNORED
CT-000803,C00249,CALL,2026-06-15 14:00:00,14,7,True,0.59,ANSWERED
CT-000804,C00249,APP_PUSH,2026-08-25 17:00:00,17,2,False,,REJECTED
CT-000805,C00249,APP_PUSH,2026-09-06 13:00:00,13,6,True,1.38,ANSWERED
CT-000806,C00250,SMS,2026-08-17 07:00:00,7,8,False,,REJECTED
CT-000807,C00250,WHATSAPP,2026-08-23 09:00:00,9,4,False,,IGNORED
CT-000808,C00250,SMS,2026-07-24 10:00:00,10,7,False,,IGNORED
CT-000809,C00250,WHATSAPP,2026-08-18 05:00:00,5,4,False,,IGNORED
CT-000810,C00250,SMS,2026-08-09 04:00:00,4,5,True,0.31,ANSWERED
CT-000811,C00250,APP_PUSH,2026-09-05 10:00:00,10,4,False,,IGNORED
CT-000812,C00251,WHATSAPP,2026-07-10 20:00:00,20,8,False,,IGNORED
CT-000813,C00251,SMS,2026-08-28 17:00:00,17,5,True,0.48,ANSWERED
CT-000814,C00251,SMS,2026-06-30 23:00:00,23,5,False,,IGNORED
CT-000815,C00251,SMS,2026-07-26 21:00:00,21,4,False,,IGNORED
CT-000816,C00251,SMS,2026-06-22 22:00:00,22,7,False,,IGNORED
CT-000817,C00251,WHATSAPP,2026-06-28 21:00:00,21,1,False,,IGNORED
CT-000818,C00252,APP_PUSH,2026-07-04 10:00:00,10,3,False,,IGNORED
CT-000819,C00252,APP_PUSH,2026-09-04 12:00:00,12,4,True,3.08,ANSWERED
CT-000820,C00253,WHATSAPP,2026-07-30 11:00:00,11,4,False,,IGNORED
CT-000821,C00253,WHATSAPP,2026-09-08 10:00:00,10,7,False,,IGNORED
CT-000822,C00253,CALL,2026-08-15 14:00:00,14,9,False,,REJECTED
CT-000823,C00253,WHATSAPP,2026-07-24 06:00:00,6,7,False,,IGNORED
CT-000824,C00254,APP_PUSH,2026-08-02 20:00:00,20,2,False,,IGNORED
CT-000825,C00254,SMS,2026-08-13 22:00:00,22,3,False,,IGNORED
CT-000826,C00254,SMS,2026-07-19 16:00:00,16,6,False,,REJECTED
CT-000827,C00255,WHATSAPP,2026-07-19 05:00:00,5,5,False,,IGNORED
CT-000828,C00255,SMS,2026-08-27 12:00:00,12,6,True,3.26,ANSWERED
CT-000829,C00255,SMS,2026-07-24 01:00:00,1,4,False,,IGNORED
CT-000830,C00255,APP_PUSH,2026-09-10 06:00:00,6,4,False,,IGNORED
CT-000831,C00257,APP_PUSH,2026-06-23 09:00:00,9,3,True,2.05,ANSWERED
CT-000832,C00258,WHATSAPP,2026-07-03 13:00:00,13,5,True,3.83,ANSWERED
CT-000833,C00259,WHATSAPP,2026-08-11 09:00:00,9,9,True,0.45,ANSWERED
CT-000834,C00259,SMS,2026-08-14 09:00:00,9,3,False,,IGNORED
CT-000835,C00259,WHATSAPP,2026-08-15 10:00:00,10,6,False,,IGNORED
CT-000836,C00259,WHATSAPP,2026-07-01 14:00:00,14,3,True,0.02,ANSWERED
CT-000837,C00259,WHATSAPP,2026-08-17 12:00:00,12,6,False,,IGNORED
CT-000838,C00259,SMS,2026-08-16 10:00:00,10,4,True,0.3,ANSWERED
CT-000839,C00261,CALL,2026-08-16 17:00:00,17,3,False,,IGNORED
CT-000840,C00261,CALL,2026-08-01 15:00:00,15,6,False,,REJECTED
CT-000841,C00262,CALL,2026-08-30 13:00:00,13,3,False,,IGNORED
CT-000842,C00262,APP_PUSH,2026-09-01 20:00:00,20,2,False,,IGNORED
CT-000843,C00263,APP_PUSH,2026-06-18 15:00:00,15,3,True,2.08,ANSWERED
CT-000844,C00265,WHATSAPP,2026-07-24 12:00:00,12,4,False,,IGNORED
CT-000845,C00265,CALL,2026-08-01 03:00:00,3,4,True,4.36,ANSWERED
CT-000846,C00265,SMS,2026-09-12 13:00:00,13,4,False,,IGNORED
CT-000847,C00265,CALL,2026-08-13 11:00:00,11,5,False,,BOUNCED
CT-000848,C00265,CALL,2026-07-29 14:00:00,14,5,True,0.9,ANSWERED
CT-000849,C00265,CALL,2026-09-11 13:00:00,13,4,False,,IGNORED
CT-000850,C00265,CALL,2026-07-15 09:00:00,9,5,True,0.51,ANSWERED
CT-000851,C00265,SMS,2026-06-17 07:00:00,7,7,False,,IGNORED
CT-000852,C00265,CALL,2026-08-31 08:00:00,8,2,False,,BOUNCED
CT-000853,C00265,CALL,2026-08-11 10:00:00,10,3,False,,IGNORED
CT-000854,C00265,CALL,2026-08-13 10:00:00,10,8,True,5.26,ANSWERED
CT-000855,C00265,CALL,2026-07-22 15:00:00,15,5,True,2.42,ANSWERED
CT-000856,C00266,CALL,2026-08-11 08:00:00,8,7,False,,REJECTED
CT-000857,C00267,WHATSAPP,2026-07-01 09:00:00,9,4,False,,IGNORED
CT-000858,C00267,APP_PUSH,2026-07-26 07:00:00,7,8,True,5.85,ANSWERED
CT-000859,C00267,APP_PUSH,2026-06-19 07:00:00,7,9,True,2.47,ANSWERED
CT-000860,C00267,WHATSAPP,2026-07-30 10:00:00,10,7,False,,IGNORED
CT-000861,C00268,WHATSAPP,2026-08-24 18:00:00,18,5,True,1.72,ANSWERED
CT-000862,C00268,CALL,2026-08-21 23:00:00,23,5,False,,IGNORED
CT-000863,C00269,CALL,2026-07-05 23:00:00,23,2,False,,IGNORED
CT-000864,C00269,WHATSAPP,2026-08-03 22:00:00,22,6,False,,IGNORED
CT-000865,C00270,SMS,2026-07-10 15:00:00,15,6,False,,BOUNCED
CT-000866,C00270,APP_PUSH,2026-08-23 08:00:00,8,6,True,4.31,ANSWERED
CT-000867,C00270,APP_PUSH,2026-07-22 10:00:00,10,6,True,3.23,ANSWERED
CT-000868,C00270,APP_PUSH,2026-07-22 08:00:00,8,8,False,,IGNORED
CT-000869,C00270,APP_PUSH,2026-06-30 12:00:00,12,5,False,,BOUNCED
CT-000870,C00270,APP_PUSH,2026-08-06 04:00:00,4,3,True,0.73,ANSWERED
CT-000871,C00270,APP_PUSH,2026-09-02 07:00:00,7,8,False,,IGNORED
CT-000872,C00271,SMS,2026-07-05 09:00:00,9,3,True,3.69,ANSWERED
CT-000873,C00271,WHATSAPP,2026-09-11 09:00:00,9,1,False,,REJECTED
CT-000874,C00271,WHATSAPP,2026-08-22 11:00:00,11,4,False,,IGNORED
CT-000875,C00271,CALL,2026-09-05 09:00:00,9,7,False,,REJECTED
CT-000876,C00272,WHATSAPP,2026-09-07 07:00:00,7,2,False,,IGNORED
CT-000877,C00272,SMS,2026-08-01 09:00:00,9,11,False,,IGNORED
CT-000878,C00272,CALL,2026-09-01 13:00:00,13,6,False,,IGNORED
CT-000879,C00272,APP_PUSH,2026-08-29 17:00:00,17,5,False,,IGNORED
CT-000880,C00273,APP_PUSH,2026-06-21 23:00:00,23,7,False,,IGNORED
CT-000881,C00273,SMS,2026-06-18 17:00:00,17,5,False,,IGNORED
CT-000882,C00275,APP_PUSH,2026-08-03 15:00:00,15,5,False,,BOUNCED
CT-000883,C00275,APP_PUSH,2026-09-01 19:00:00,19,5,False,,BOUNCED
CT-000884,C00275,APP_PUSH,2026-08-11 17:00:00,17,5,True,3.66,ANSWERED
CT-000885,C00275,APP_PUSH,2026-08-19 17:00:00,17,1,False,,REJECTED
CT-000886,C00275,APP_PUSH,2026-06-21 16:00:00,16,8,True,0.12,ANSWERED
CT-000887,C00276,APP_PUSH,2026-08-14 17:00:00,17,4,True,1.79,ANSWERED
CT-000888,C00276,APP_PUSH,2026-07-11 17:00:00,17,3,False,,REJECTED
CT-000889,C00276,APP_PUSH,2026-07-26 19:00:00,19,2,True,0.49,ANSWERED
CT-000890,C00277,CALL,2026-09-05 14:00:00,14,4,False,,BOUNCED
CT-000891,C00277,CALL,2026-08-20 13:00:00,13,5,True,1.51,ANSWERED
CT-000892,C00278,CALL,2026-08-11 13:00:00,13,7,False,,IGNORED
CT-000893,C00278,APP_PUSH,2026-06-29 16:00:00,16,8,False,,IGNORED
CT-000894,C00278,APP_PUSH,2026-06-21 11:00:00,11,3,False,,IGNORED
CT-000895,C00278,SMS,2026-08-27 10:00:00,10,3,False,,IGNORED
CT-000896,C00278,CALL,2026-07-01 11:00:00,11,4,False,,IGNORED
CT-000897,C00279,APP_PUSH,2026-08-18 15:00:00,15,3,True,1.56,ANSWERED
CT-000898,C00279,APP_PUSH,2026-07-28 16:00:00,16,6,True,1.76,ANSWERED
CT-000899,C00280,WHATSAPP,2026-07-06 12:00:00,12,4,True,1.02,ANSWERED
CT-000900,C00280,WHATSAPP,2026-07-13 10:00:00,10,7,True,0.99,ANSWERED
CT-000901,C00280,SMS,2026-08-28 05:00:00,5,7,False,,IGNORED
CT-000902,C00281,CALL,2026-06-26 14:00:00,14,11,False,,BOUNCED
CT-000903,C00281,APP_PUSH,2026-08-06 13:00:00,13,4,False,,IGNORED
CT-000904,C00281,CALL,2026-07-27 16:00:00,16,6,False,,IGNORED
CT-000905,C00281,CALL,2026-08-25 13:00:00,13,6,True,1.52,ANSWERED
CT-000906,C00281,CALL,2026-08-10 17:00:00,17,6,True,1.13,ANSWERED
CT-000907,C00282,WHATSAPP,2026-07-05 16:00:00,16,-2,False,,IGNORED
CT-000908,C00282,WHATSAPP,2026-08-08 10:00:00,10,2,True,0.08,ANSWERED
CT-000909,C00283,CALL,2026-08-13 08:00:00,8,1,True,3.42,ANSWERED
CT-000910,C00283,CALL,2026-06-20 05:00:00,5,0,True,1.92,ANSWERED
CT-000911,C00283,SMS,2026-06-22 07:00:00,7,1,False,,IGNORED
CT-000912,C00283,CALL,2026-07-26 13:00:00,13,3,True,1.26,ANSWERED
CT-000913,C00283,SMS,2026-08-12 10:00:00,10,3,False,,IGNORED
CT-000914,C00283,CALL,2026-07-25 08:00:00,8,2,True,1.97,ANSWERED
CT-000915,C00283,SMS,2026-08-20 08:00:00,8,2,False,,IGNORED
CT-000916,C00284,CALL,2026-08-27 12:00:00,12,4,False,,IGNORED
CT-000917,C00284,WHATSAPP,2026-06-15 09:00:00,9,6,True,1.14,ANSWERED
CT-000918,C00284,SMS,2026-07-06 13:00:00,13,2,False,,REJECTED
CT-000919,C00285,SMS,2026-07-26 15:00:00,15,8,False,,IGNORED
CT-000920,C00285,CALL,2026-08-21 14:00:00,14,5,False,,IGNORED
CT-000921,C00285,APP_PUSH,2026-09-07 14:00:00,14,7,False,,IGNORED
CT-000922,C00285,APP_PUSH,2026-07-23 12:00:00,12,2,False,,IGNORED
CT-000923,C00286,CALL,2026-06-22 08:00:00,8,6,True,1.71,ANSWERED
CT-000924,C00286,CALL,2026-07-27 08:00:00,8,2,False,,REJECTED
CT-000925,C00286,CALL,2026-08-24 07:00:00,7,6,True,0.11,ANSWERED
CT-000926,C00286,WHATSAPP,2026-07-11 09:00:00,9,4,True,3.17,ANSWERED
CT-000927,C00286,CALL,2026-07-18 09:00:00,9,6,False,,IGNORED
CT-000928,C00287,WHATSAPP,2026-06-16 14:00:00,14,5,True,7.1,ANSWERED
CT-000929,C00287,WHATSAPP,2026-07-18 18:00:00,18,8,False,,IGNORED
CT-000930,C00287,WHATSAPP,2026-08-18 13:00:00,13,4,True,0.14,ANSWERED
CT-000931,C00288,SMS,2026-08-09 03:00:00,3,2,True,1.4,ANSWERED
CT-000932,C00288,WHATSAPP,2026-08-30 14:00:00,14,7,False,,REJECTED
CT-000933,C00288,SMS,2026-09-07 05:00:00,5,5,False,,BOUNCED
CT-000934,C00289,SMS,2026-08-19 10:00:00,10,2,False,,IGNORED
CT-000935,C00289,WHATSAPP,2026-07-05 17:00:00,17,3,False,,IGNORED
CT-000936,C00290,WHATSAPP,2026-07-12 07:00:00,7,11,False,,IGNORED
CT-000937,C00290,SMS,2026-07-19 14:00:00,14,8,False,,IGNORED
CT-000938,C00290,CALL,2026-06-18 11:00:00,11,6,False,,IGNORED
CT-000939,C00291,SMS,2026-07-13 19:00:00,19,7,False,,IGNORED
CT-000940,C00291,APP_PUSH,2026-08-09 22:00:00,22,9,False,,REJECTED
CT-000941,C00291,APP_PUSH,2026-07-24 17:00:00,17,7,True,0.35,ANSWERED
CT-000942,C00291,SMS,2026-07-25 17:00:00,17,7,False,,IGNORED
CT-000943,C00292,SMS,2026-07-21 19:00:00,19,8,True,0.23,ANSWERED
CT-000944,C00292,SMS,2026-07-02 19:00:00,19,6,False,,IGNORED
CT-000945,C00292,SMS,2026-07-05 23:00:00,23,1,True,2.92,ANSWERED
CT-000946,C00292,SMS,2026-08-21 22:00:00,22,4,True,1.16,ANSWERED
CT-000947,C00292,SMS,2026-06-25 21:00:00,21,4,True,0.55,ANSWERED
CT-000948,C00293,CALL,2026-07-08 08:00:00,8,6,True,1.76,ANSWERED
CT-000949,C00293,APP_PUSH,2026-09-11 03:00:00,3,7,True,0.14,ANSWERED
CT-000950,C00293,APP_PUSH,2026-07-02 04:00:00,4,7,False,,IGNORED
CT-000951,C00293,SMS,2026-08-13 07:00:00,7,6,False,,BOUNCED
CT-000952,C00294,SMS,2026-08-02 14:00:00,14,0,False,,IGNORED
CT-000953,C00294,SMS,2026-06-26 11:00:00,11,1,False,,IGNORED
CT-000954,C00295,WHATSAPP,2026-07-08 10:00:00,10,4,False,,IGNORED
CT-000955,C00296,WHATSAPP,2026-07-10 11:00:00,11,9,False,,IGNORED
CT-000956,C00296,SMS,2026-06-20 14:00:00,14,5,False,,REJECTED
CT-000957,C00296,SMS,2026-08-31 19:00:00,19,3,False,,IGNORED
CT-000958,C00296,WHATSAPP,2026-08-13 12:00:00,12,6,False,,IGNORED
CT-000959,C00296,SMS,2026-08-01 16:00:00,16,5,False,,IGNORED
CT-000960,C00296,WHATSAPP,2026-08-30 17:00:00,17,4,True,1.58,ANSWERED
CT-000961,C00296,SMS,2026-08-08 23:00:00,23,8,True,0.17,ANSWERED
CT-000962,C00297,CALL,2026-07-22 16:00:00,16,8,False,,IGNORED
CT-000963,C00297,WHATSAPP,2026-09-06 17:00:00,17,7,True,0.39,ANSWERED
CT-000964,C00297,CALL,2026-08-21 19:00:00,19,4,False,,IGNORED
CT-000965,C00297,SMS,2026-06-20 14:00:00,14,8,False,,REJECTED
CT-000966,C00297,CALL,2026-08-24 17:00:00,17,7,False,,IGNORED
CT-000967,C00297,WHATSAPP,2026-06-16 17:00:00,17,4,True,1.36,ANSWERED
CT-000968,C00297,WHATSAPP,2026-08-20 17:00:00,17,10,True,0.18,ANSWERED
CT-000969,C00297,SMS,2026-06-22 18:00:00,18,5,True,0.81,ANSWERED
CT-000970,C00297,SMS,2026-07-07 18:00:00,18,7,True,3.12,ANSWERED
CT-000971,C00297,SMS,2026-07-10 17:00:00,17,4,True,2.54,ANSWERED
CT-000972,C00297,CALL,2026-07-29 13:00:00,13,4,False,,IGNORED
CT-000973,C00298,CALL,2026-08-17 15:00:00,15,5,False,,IGNORED
CT-000974,C00298,SMS,2026-08-17 11:00:00,11,6,False,,IGNORED
CT-000975,C00299,WHATSAPP,2026-06-28 19:00:00,19,1,False,,IGNORED
CT-000976,C00299,WHATSAPP,2026-07-17 14:00:00,14,0,False,,REJECTED
CT-000977,C00299,APP_PUSH,2026-07-11 15:00:00,15,0,False,,IGNORED
CT-000978,C00300,WHATSAPP,2026-08-27 12:00:00,12,2,True,1.17,ANSWERED
CT-000979,C00300,WHATSAPP,2026-06-23 13:00:00,13,3,False,,IGNORED
CT-000980,C00300,WHATSAPP,2026-07-21 14:00:00,14,5,False,,IGNORED
CT-000981,C00300,WHATSAPP,2026-08-11 10:00:00,10,5,False,,REJECTED
CT-000982,C00301,WHATSAPP,2026-07-24 08:00:00,8,0,False,,IGNORED
CT-000983,C00302,WHATSAPP,2026-07-31 13:00:00,13,5,False,,IGNORED
CT-000984,C00302,WHATSAPP,2026-06-28 16:00:00,16,6,False,,IGNORED
CT-000985,C00303,WHATSAPP,2026-07-18 06:00:00,6,2,True,0.7,ANSWERED
CT-000986,C00303,WHATSAPP,2026-07-09 04:00:00,4,0,False,,REJECTED
CT-000987,C00303,WHATSAPP,2026-08-10 07:00:00,7,0,True,0.21,ANSWERED
CT-000988,C00304,APP_PUSH,2026-06-15 10:00:00,10,0,False,,REJECTED
CT-000989,C00304,SMS,2026-08-12 09:00:00,9,0,False,,IGNORED
CT-000990,C00304,WHATSAPP,2026-07-17 15:00:00,15,1,False,,BOUNCED
CT-000991,C00304,WHATSAPP,2026-07-30 10:00:00,10,3,False,,BOUNCED
CT-000992,C00304,WHATSAPP,2026-08-11 18:00:00,18,7,False,,IGNORED
CT-000993,C00305,APP_PUSH,2026-07-02 14:00:00,14,4,True,0.29,ANSWERED
CT-000994,C00305,SMS,2026-06-15 16:00:00,16,0,False,,IGNORED
CT-000995,C00305,SMS,2026-06-17 14:00:00,14,5,True,2.38,ANSWERED
CT-000996,C00305,WHATSAPP,2026-08-28 17:00:00,17,1,False,,BOUNCED
CT-000997,C00306,SMS,2026-09-03 06:00:00,6,4,False,,IGNORED
CT-000998,C00306,APP_PUSH,2026-08-26 11:00:00,11,4,False,,IGNORED
CT-000999,C00306,APP_PUSH,2026-08-01 06:00:00,6,4,False,,REJECTED
CT-001000,C00306,CALL,2026-07-04 09:00:00,9,7,True,6.98,ANSWERED
CT-001001,C00306,APP_PUSH,2026-06-29 09:00:00,9,5,True,12.01,ANSWERED
CT-001002,C00307,CALL,2026-08-18 17:00:00,17,4,False,,IGNORED
CT-001003,C00307,CALL,2026-09-02 18:00:00,18,0,True,0.46,ANSWERED
CT-001004,C00307,APP_PUSH,2026-09-07 21:00:00,21,3,True,5.68,ANSWERED
CT-001005,C00308,CALL,2026-08-13 15:00:00,15,6,False,,IGNORED
CT-001006,C00308,CALL,2026-09-07 21:00:00,21,7,True,2.12,ANSWERED
CT-001007,C00308,CALL,2026-07-09 19:00:00,19,10,False,,IGNORED
CT-001008,C00308,CALL,2026-07-27 18:00:00,18,9,True,1.3,ANSWERED
CT-001009,C00309,APP_PUSH,2026-08-19 10:00:00,10,6,True,0.03,ANSWERED
CT-001010,C00309,WHATSAPP,2026-06-29 13:00:00,13,3,False,,IGNORED
CT-001011,C00309,APP_PUSH,2026-08-09 06:00:00,6,6,False,,REJECTED
CT-001012,C00310,CALL,2026-08-07 19:00:00,19,0,True,0.59,ANSWERED
CT-001013,C00310,CALL,2026-06-28 15:00:00,15,1,True,1.26,ANSWERED
CT-001014,C00310,CALL,2026-07-14 19:00:00,19,6,True,0.07,ANSWERED
CT-001015,C00310,CALL,2026-06-24 20:00:00,20,0,False,,IGNORED
CT-001016,C00310,CALL,2026-08-16 21:00:00,21,0,False,,IGNORED
CT-001017,C00311,WHATSAPP,2026-07-30 00:00:00,0,6,False,,BOUNCED
CT-001018,C00311,SMS,2026-06-16 02:00:00,2,8,False,,IGNORED
CT-001019,C00312,CALL,2026-07-21 17:00:00,17,5,True,1.04,ANSWERED
CT-001020,C00312,CALL,2026-08-07 14:00:00,14,3,False,,IGNORED
CT-001021,C00312,APP_PUSH,2026-06-19 08:00:00,8,5,False,,IGNORED
CT-001022,C00312,SMS,2026-09-03 02:00:00,2,5,False,,IGNORED
CT-001023,C00313,APP_PUSH,2026-08-07 20:00:00,20,3,False,,IGNORED
CT-001024,C00313,SMS,2026-08-29 18:00:00,18,6,False,,IGNORED
CT-001025,C00313,APP_PUSH,2026-06-24 21:00:00,21,1,True,9.79,ANSWERED
CT-001026,C00313,APP_PUSH,2026-06-22 18:00:00,18,0,False,,BOUNCED
CT-001027,C00314,CALL,2026-06-27 21:00:00,21,4,True,0.03,ANSWERED
CT-001028,C00314,APP_PUSH,2026-07-28 17:00:00,17,6,False,,IGNORED
CT-001029,C00315,CALL,2026-09-05 11:00:00,11,4,False,,IGNORED
CT-001030,C00315,CALL,2026-06-24 11:00:00,11,0,False,,IGNORED
CT-001031,C00316,WHATSAPP,2026-07-02 18:00:00,18,1,False,,IGNORED
CT-001032,C00316,WHATSAPP,2026-07-11 14:00:00,14,2,True,0.05,ANSWERED
CT-001033,C00316,SMS,2026-07-06 20:00:00,20,2,False,,IGNORED
CT-001034,C00317,CALL,2026-09-12 10:00:00,10,7,False,,IGNORED
CT-001035,C00318,SMS,2026-06-20 15:00:00,15,3,False,,IGNORED
CT-001036,C00318,WHATSAPP,2026-06-18 16:00:00,16,3,True,3.02,ANSWERED
CT-001037,C00318,CALL,2026-07-30 18:00:00,18,5,False,,IGNORED
CT-001038,C00318,WHATSAPP,2026-08-14 19:00:00,19,1,True,1.99,ANSWERED
CT-001039,C00318,APP_PUSH,2026-08-04 23:00:00,23,2,False,,IGNORED
CT-001040,C00319,WHATSAPP,2026-08-05 16:00:00,16,0,False,,REJECTED
CT-001041,C00319,WHATSAPP,2026-06-20 18:00:00,18,7,False,,IGNORED
CT-001042,C00319,WHATSAPP,2026-09-04 13:00:00,13,5,False,,IGNORED
CT-001043,C00319,WHATSAPP,2026-06-28 20:00:00,20,3,True,2.21,ANSWERED
CT-001044,C00319,WHATSAPP,2026-08-10 20:00:00,20,4,True,5.71,ANSWERED
CT-001045,C00319,CALL,2026-07-09 18:00:00,18,4,True,4.86,ANSWERED
CT-001046,C00319,SMS,2026-08-27 17:00:00,17,3,False,,IGNORED
CT-001047,C00319,WHATSAPP,2026-07-02 17:00:00,17,2,True,8.29,ANSWERED
CT-001048,C00320,WHATSAPP,2026-08-17 11:00:00,11,3,True,0.57,ANSWERED
CT-001049,C00320,WHATSAPP,2026-07-13 17:00:00,17,10,False,,IGNORED
CT-001050,C00320,CALL,2026-08-28 20:00:00,20,7,False,,REJECTED
CT-001051,C00321,CALL,2026-08-12 12:00:00,12,5,False,,IGNORED
CT-001052,C00321,CALL,2026-08-17 18:00:00,18,4,False,,REJECTED
CT-001053,C00321,CALL,2026-07-02 17:00:00,17,2,False,,REJECTED
CT-001054,C00321,CALL,2026-07-17 21:00:00,21,3,True,0.57,ANSWERED
CT-001055,C00321,WHATSAPP,2026-08-09 16:00:00,16,1,False,,IGNORED
CT-001056,C00322,CALL,2026-08-13 17:00:00,17,5,False,,IGNORED
CT-001057,C00323,CALL,2026-07-23 07:00:00,7,10,False,,IGNORED
CT-001058,C00323,CALL,2026-07-16 18:00:00,18,8,False,,IGNORED
CT-001059,C00323,WHATSAPP,2026-06-22 10:00:00,10,8,True,1.47,ANSWERED
CT-001060,C00323,WHATSAPP,2026-08-03 12:00:00,12,7,False,,IGNORED
CT-001061,C00323,SMS,2026-07-04 11:00:00,11,8,False,,IGNORED
CT-001062,C00324,CALL,2026-08-29 13:00:00,13,5,False,,IGNORED
CT-001063,C00324,SMS,2026-07-18 14:00:00,14,4,True,3.48,ANSWERED
CT-001064,C00325,CALL,2026-06-27 19:00:00,19,6,False,,IGNORED
CT-001065,C00325,SMS,2026-06-22 15:00:00,15,5,False,,IGNORED
CT-001066,C00326,WHATSAPP,2026-09-04 13:00:00,13,7,True,4.3,ANSWERED
CT-001067,C00327,SMS,2026-08-09 20:00:00,20,4,True,3.39,ANSWERED
CT-001068,C00327,CALL,2026-09-12 21:00:00,21,2,False,,IGNORED
CT-001069,C00328,APP_PUSH,2026-07-10 07:00:00,7,0,False,,IGNORED
CT-001070,C00329,SMS,2026-07-11 06:00:00,6,6,False,,IGNORED
CT-001071,C00329,SMS,2026-07-21 11:00:00,11,7,True,0.97,ANSWERED
CT-001072,C00330,SMS,2026-08-04 16:00:00,16,4,True,1.29,ANSWERED
CT-001073,C00331,SMS,2026-07-09 10:00:00,10,6,False,,IGNORED
CT-001074,C00333,CALL,2026-08-14 10:00:00,10,3,False,,IGNORED
CT-001075,C00333,CALL,2026-08-23 09:00:00,9,1,True,3.59,ANSWERED
CT-001076,C00333,CALL,2026-07-16 17:00:00,17,6,False,,IGNORED
CT-001077,C00333,CALL,2026-06-20 16:00:00,16,0,False,,BOUNCED
CT-001078,C00333,CALL,2026-07-14 15:00:00,15,3,False,,IGNORED
CT-001079,C00333,APP_PUSH,2026-09-03 12:00:00,12,4,False,,REJECTED
CT-001080,C00334,SMS,2026-09-05 15:00:00,15,5,True,1.98,ANSWERED
CT-001081,C00334,SMS,2026-09-08 09:00:00,9,3,False,,IGNORED
CT-001082,C00335,WHATSAPP,2026-08-06 23:00:00,23,5,False,,IGNORED
CT-001083,C00335,WHATSAPP,2026-08-28 18:00:00,18,5,False,,IGNORED
CT-001084,C00336,CALL,2026-08-12 10:00:00,10,8,True,8.7,ANSWERED
CT-001085,C00337,CALL,2026-07-01 12:00:00,12,1,False,,IGNORED
CT-001086,C00337,CALL,2026-06-24 17:00:00,17,7,True,3.94,ANSWERED
CT-001087,C00337,APP_PUSH,2026-08-18 17:00:00,17,8,False,,IGNORED
CT-001088,C00337,APP_PUSH,2026-07-02 20:00:00,20,9,True,2.38,ANSWERED
CT-001089,C00338,CALL,2026-06-25 14:00:00,14,1,True,3.96,ANSWERED
CT-001090,C00338,SMS,2026-06-20 12:00:00,12,2,False,,IGNORED
CT-001091,C00338,CALL,2026-07-11 14:00:00,14,6,False,,IGNORED
CT-001092,C00338,SMS,2026-07-19 13:00:00,13,2,True,0.16,ANSWERED
CT-001093,C00339,APP_PUSH,2026-07-30 16:00:00,16,1,True,0.6,ANSWERED
CT-001094,C00340,CALL,2026-06-27 09:00:00,9,7,False,,IGNORED
CT-001095,C00340,CALL,2026-06-29 12:00:00,12,6,True,1.88,ANSWERED
CT-001096,C00340,WHATSAPP,2026-06-28 15:00:00,15,6,False,,IGNORED
CT-001097,C00340,WHATSAPP,2026-06-27 05:00:00,5,4,False,,IGNORED
CT-001098,C00340,WHATSAPP,2026-09-09 13:00:00,13,9,False,,IGNORED
CT-001099,C00340,CALL,2026-06-28 16:00:00,16,6,False,,IGNORED
CT-001100,C00340,WHATSAPP,2026-06-27 12:00:00,12,5,False,,IGNORED
CT-001101,C00340,WHATSAPP,2026-06-16 10:00:00,10,6,False,,IGNORED
CT-001102,C00341,WHATSAPP,2026-08-10 21:00:00,21,2,False,,IGNORED
CT-001103,C00341,APP_PUSH,2026-08-28 16:00:00,16,4,False,,IGNORED
CT-001104,C00341,SMS,2026-07-03 22:00:00,22,3,False,,REJECTED
CT-001105,C00341,APP_PUSH,2026-06-22 22:00:00,22,5,False,,IGNORED
CT-001106,C00341,APP_PUSH,2026-08-03 23:00:00,23,4,False,,IGNORED
CT-001107,C00342,WHATSAPP,2026-07-13 10:00:00,10,10,True,8.53,ANSWERED
CT-001108,C00342,WHATSAPP,2026-06-18 13:00:00,13,10,False,,IGNORED
CT-001109,C00342,WHATSAPP,2026-06-29 10:00:00,10,9,False,,IGNORED
CT-001110,C00342,WHATSAPP,2026-07-26 08:00:00,8,7,True,1.13,ANSWERED
CT-001111,C00343,WHATSAPP,2026-07-15 10:00:00,10,0,True,0.11,ANSWERED
CT-001112,C00343,WHATSAPP,2026-07-12 07:00:00,7,5,False,,IGNORED
CT-001113,C00344,CALL,2026-06-17 18:00:00,18,2,True,1.94,ANSWERED
CT-001114,C00344,CALL,2026-07-15 10:00:00,10,3,False,,BOUNCED
CT-001115,C00345,WHATSAPP,2026-08-12 13:00:00,13,5,True,2.43,ANSWERED
CT-001116,C00346,SMS,2026-08-10 20:00:00,20,5,False,,IGNORED
CT-001117,C00346,SMS,2026-09-01 17:00:00,17,10,False,,IGNORED
CT-001118,C00347,APP_PUSH,2026-07-01 16:00:00,16,1,False,,IGNORED
CT-001119,C00347,APP_PUSH,2026-08-08 13:00:00,13,3,True,6.24,ANSWERED
CT-001120,C00347,APP_PUSH,2026-07-21 18:00:00,18,5,True,3.26,ANSWERED
CT-001121,C00347,APP_PUSH,2026-08-22 15:00:00,15,7,False,,IGNORED
CT-001122,C00348,CALL,2026-09-10 09:00:00,9,1,False,,REJECTED
CT-001123,C00348,SMS,2026-07-17 08:00:00,8,3,True,3.3,ANSWERED
CT-001124,C00349,CALL,2026-06-24 12:00:00,12,6,False,,IGNORED
CT-001125,C00349,CALL,2026-07-25 09:00:00,9,10,True,3.54,ANSWERED
CT-001126,C00350,CALL,2026-08-28 08:00:00,8,8,False,,IGNORED
CT-001127,C00350,CALL,2026-06-24 14:00:00,14,8,False,,REJECTED
CT-001128,C00350,SMS,2026-08-31 11:00:00,11,7,False,,IGNORED
CT-001129,C00350,SMS,2026-07-13 13:00:00,13,6,False,,IGNORED
CT-001130,C00350,SMS,2026-07-05 13:00:00,13,4,False,,IGNORED
CT-001131,C00350,APP_PUSH,2026-08-06 13:00:00,13,3,False,,REJECTED
CT-001132,C00351,WHATSAPP,2026-08-11 17:00:00,17,3,True,1.11,ANSWERED
CT-001133,C00351,WHATSAPP,2026-09-05 18:00:00,18,1,False,,IGNORED
CT-001134,C00351,WHATSAPP,2026-08-18 13:00:00,13,0,False,,IGNORED
CT-001135,C00352,CALL,2026-08-01 11:00:00,11,9,False,,IGNORED
CT-001136,C00352,APP_PUSH,2026-08-07 20:00:00,20,6,False,,REJECTED
CT-001137,C00353,WHATSAPP,2026-07-30 22:00:00,22,6,False,,IGNORED
CT-001138,C00353,SMS,2026-08-20 22:00:00,22,9,False,,IGNORED
CT-001139,C00354,SMS,2026-08-12 06:00:00,6,1,False,,REJECTED
CT-001140,C00354,APP_PUSH,2026-07-29 06:00:00,6,4,False,,IGNORED
CT-001141,C00354,APP_PUSH,2026-07-08 11:00:00,11,8,False,,IGNORED
CT-001142,C00354,APP_PUSH,2026-09-03 09:00:00,9,2,False,,IGNORED
CT-001143,C00354,APP_PUSH,2026-09-07 08:00:00,8,7,False,,IGNORED
CT-001144,C00355,CALL,2026-07-04 23:00:00,23,3,False,,REJECTED
CT-001145,C00356,APP_PUSH,2026-08-17 08:00:00,8,1,False,,IGNORED
CT-001146,C00357,WHATSAPP,2026-08-23 03:00:00,3,3,False,,IGNORED
CT-001147,C00357,WHATSAPP,2026-06-29 08:00:00,8,5,True,1.87,ANSWERED
CT-001148,C00358,APP_PUSH,2026-07-26 15:00:00,15,9,True,0.58,ANSWERED
CT-001149,C00358,APP_PUSH,2026-06-17 19:00:00,19,4,True,0.9,ANSWERED
CT-001150,C00359,CALL,2026-08-23 11:00:00,11,5,False,,IGNORED
CT-001151,C00359,CALL,2026-08-18 08:00:00,8,6,False,,IGNORED
CT-001152,C00359,CALL,2026-08-26 07:00:00,7,7,False,,REJECTED
CT-001153,C00359,APP_PUSH,2026-06-24 10:00:00,10,9,False,,IGNORED
CT-001154,C00359,CALL,2026-08-15 03:00:00,3,8,False,,REJECTED
CT-001155,C00359,SMS,2026-07-29 04:00:00,4,7,False,,IGNORED
CT-001156,C00360,CALL,2026-06-17 16:00:00,16,7,True,1.9,ANSWERED
CT-001157,C00360,APP_PUSH,2026-06-27 17:00:00,17,5,False,,IGNORED
CT-001158,C00360,APP_PUSH,2026-07-19 07:00:00,7,6,False,,IGNORED
CT-001159,C00360,SMS,2026-08-22 13:00:00,13,6,False,,IGNORED
CT-001160,C00360,APP_PUSH,2026-09-04 20:00:00,20,5,True,2.84,ANSWERED
CT-001161,C00360,APP_PUSH,2026-07-01 23:00:00,23,6,False,,IGNORED
CT-001162,C00361,SMS,2026-07-05 10:00:00,10,7,True,5.66,ANSWERED
CT-001163,C00361,APP_PUSH,2026-08-09 14:00:00,14,8,False,,IGNORED
CT-001164,C00361,SMS,2026-08-15 02:00:00,2,8,True,1.7,ANSWERED
CT-001165,C00361,SMS,2026-08-06 08:00:00,8,5,False,,BOUNCED
CT-001166,C00361,WHATSAPP,2026-07-10 09:00:00,9,5,False,,REJECTED
CT-001167,C00362,CALL,2026-06-20 15:00:00,15,0,False,,IGNORED
CT-001168,C00362,CALL,2026-06-20 12:00:00,12,8,False,,IGNORED
CT-001169,C00362,CALL,2026-08-07 09:00:00,9,2,False,,BOUNCED
CT-001170,C00363,WHATSAPP,2026-09-09 21:00:00,21,5,False,,IGNORED
CT-001171,C00363,WHATSAPP,2026-08-01 11:00:00,11,9,True,0.29,ANSWERED
CT-001172,C00363,WHATSAPP,2026-09-03 13:00:00,13,4,False,,IGNORED
CT-001173,C00363,WHATSAPP,2026-07-22 15:00:00,15,7,True,2.22,ANSWERED
CT-001174,C00363,WHATSAPP,2026-06-29 13:00:00,13,7,False,,IGNORED
CT-001175,C00365,APP_PUSH,2026-08-08 22:00:00,22,10,False,,IGNORED
CT-001176,C00366,WHATSAPP,2026-07-23 23:00:00,23,6,True,3.21,ANSWERED
CT-001177,C00366,CALL,2026-08-13 22:00:00,22,3,False,,IGNORED
CT-001178,C00368,WHATSAPP,2026-09-10 12:00:00,12,2,False,,IGNORED
CT-001179,C00368,WHATSAPP,2026-07-22 11:00:00,11,7,False,,IGNORED
CT-001180,C00368,APP_PUSH,2026-06-17 09:00:00,9,6,False,,IGNORED
CT-001181,C00368,WHATSAPP,2026-08-23 13:00:00,13,3,False,,BOUNCED
CT-001182,C00369,WHATSAPP,2026-07-04 13:00:00,13,6,False,,BOUNCED
CT-001183,C00369,APP_PUSH,2026-07-29 21:00:00,21,6,True,5.01,ANSWERED
CT-001184,C00369,SMS,2026-07-13 16:00:00,16,4,False,,IGNORED
CT-001185,C00370,WHATSAPP,2026-06-30 02:00:00,2,6,True,1.49,ANSWERED
CT-001186,C00370,CALL,2026-09-02 09:00:00,9,4,True,0.69,ANSWERED
CT-001187,C00370,CALL,2026-08-31 11:00:00,11,4,False,,IGNORED
CT-001188,C00371,CALL,2026-07-13 05:00:00,5,9,False,,IGNORED
CT-001189,C00371,WHATSAPP,2026-06-28 13:00:00,13,4,False,,IGNORED
CT-001190,C00372,CALL,2026-08-28 13:00:00,13,1,False,,REJECTED
CT-001191,C00372,CALL,2026-06-17 19:00:00,19,1,False,,IGNORED
CT-001192,C00372,CALL,2026-08-30 14:00:00,14,5,False,,IGNORED
CT-001193,C00373,SMS,2026-07-12 08:00:00,8,6,False,,IGNORED
CT-001194,C00373,WHATSAPP,2026-06-27 17:00:00,17,5,False,,IGNORED
CT-001195,C00373,WHATSAPP,2026-09-02 08:00:00,8,5,False,,IGNORED
CT-001196,C00373,WHATSAPP,2026-07-27 09:00:00,9,2,False,,IGNORED
CT-001197,C00374,CALL,2026-08-24 21:00:00,21,6,False,,IGNORED
CT-001198,C00374,WHATSAPP,2026-06-16 16:00:00,16,6,False,,IGNORED
CT-001199,C00375,SMS,2026-07-28 11:00:00,11,5,False,,IGNORED
CT-001200,C00376,CALL,2026-08-23 10:00:00,10,8,False,,IGNORED
CT-001201,C00377,WHATSAPP,2026-07-18 04:00:00,4,10,True,4.47,ANSWERED
CT-001202,C00377,APP_PUSH,2026-07-08 08:00:00,8,6,False,,REJECTED
CT-001203,C00377,WHATSAPP,2026-08-10 12:00:00,12,3,False,,IGNORED
CT-001204,C00377,WHATSAPP,2026-08-03 06:00:00,6,3,False,,IGNORED
CT-001205,C00377,WHATSAPP,2026-08-12 07:00:00,7,6,False,,IGNORED
CT-001206,C00377,WHATSAPP,2026-06-22 05:00:00,5,7,False,,IGNORED
CT-001207,C00378,APP_PUSH,2026-07-24 23:00:00,23,2,False,,IGNORED
CT-001208,C00378,APP_PUSH,2026-08-21 12:00:00,12,10,False,,IGNORED
CT-001209,C00379,APP_PUSH,2026-06-29 06:00:00,6,7,False,,IGNORED
CT-001210,C00379,CALL,2026-06-17 05:00:00,5,5,True,6.9,ANSWERED
CT-001211,C00379,APP_PUSH,2026-08-12 04:00:00,4,5,False,,IGNORED
CT-001212,C00379,CALL,2026-07-21 08:00:00,8,9,False,,REJECTED
CT-001213,C00379,SMS,2026-08-29 08:00:00,8,5,False,,IGNORED
CT-001214,C00379,CALL,2026-07-08 07:00:00,7,4,False,,IGNORED
CT-001215,C00380,SMS,2026-06-25 13:00:00,13,0,False,,IGNORED
CT-001216,C00380,SMS,2026-06-20 17:00:00,17,4,True,0.2,ANSWERED
CT-001217,C00380,APP_PUSH,2026-08-03 18:00:00,18,0,False,,IGNORED
CT-001218,C00380,APP_PUSH,2026-07-04 11:00:00,11,3,False,,IGNORED
CT-001219,C00381,CALL,2026-08-01 12:00:00,12,6,True,3.29,ANSWERED
CT-001220,C00381,CALL,2026-07-13 06:00:00,6,6,False,,IGNORED
CT-001221,C00382,SMS,2026-09-09 06:00:00,6,11,False,,IGNORED
CT-001222,C00382,CALL,2026-09-01 09:00:00,9,7,True,0.22,ANSWERED
CT-001223,C00382,CALL,2026-08-14 18:00:00,18,6,False,,IGNORED
CT-001224,C00382,CALL,2026-07-30 14:00:00,14,9,True,0.21,ANSWERED
CT-001225,C00382,WHATSAPP,2026-06-27 08:00:00,8,9,False,,REJECTED
CT-001226,C00382,CALL,2026-08-20 12:00:00,12,10,True,2.07,ANSWERED
CT-001227,C00382,CALL,2026-07-25 13:00:00,13,6,True,5.76,ANSWERED
CT-001228,C00382,CALL,2026-08-17 09:00:00,9,6,True,8.93,ANSWERED
CT-001229,C00382,CALL,2026-08-13 09:00:00,9,3,True,3.15,ANSWERED
CT-001230,C00382,CALL,2026-07-19 15:00:00,15,7,True,4.48,ANSWERED
CT-001231,C00382,CALL,2026-07-13 17:00:00,17,8,False,,REJECTED
CT-001232,C00383,APP_PUSH,2026-06-18 17:00:00,17,5,True,1.47,ANSWERED
CT-001233,C00383,APP_PUSH,2026-07-22 13:00:00,13,8,True,0.18,ANSWERED
CT-001234,C00384,SMS,2026-08-04 17:00:00,17,5,False,,REJECTED
CT-001235,C00384,CALL,2026-07-15 13:00:00,13,8,False,,IGNORED
CT-001236,C00384,SMS,2026-08-18 19:00:00,19,6,False,,IGNORED
CT-001237,C00385,APP_PUSH,2026-09-07 09:00:00,9,2,False,,IGNORED
CT-001238,C00385,APP_PUSH,2026-08-08 07:00:00,7,8,False,,BOUNCED
CT-001239,C00385,SMS,2026-06-26 07:00:00,7,4,False,,IGNORED
CT-001240,C00385,APP_PUSH,2026-09-06 10:00:00,10,4,False,,IGNORED
CT-001241,C00386,APP_PUSH,2026-09-12 11:00:00,11,7,True,1.44,ANSWERED
CT-001242,C00386,APP_PUSH,2026-07-08 10:00:00,10,2,True,0.35,ANSWERED
CT-001243,C00386,APP_PUSH,2026-07-12 13:00:00,13,6,True,0.32,ANSWERED
CT-001244,C00386,APP_PUSH,2026-08-12 14:00:00,14,5,True,0.09,ANSWERED
CT-001245,C00386,APP_PUSH,2026-07-28 14:00:00,14,4,False,,REJECTED
CT-001246,C00386,APP_PUSH,2026-08-10 11:00:00,11,8,True,3.29,ANSWERED
CT-001247,C00386,APP_PUSH,2026-09-09 11:00:00,11,8,False,,IGNORED
CT-001248,C00387,SMS,2026-08-08 21:00:00,21,6,True,1.9,ANSWERED
CT-001249,C00387,SMS,2026-09-04 20:00:00,20,5,False,,IGNORED
CT-001250,C00387,SMS,2026-08-26 19:00:00,19,4,True,0.25,ANSWERED
CT-001251,C00387,SMS,2026-07-30 19:00:00,19,5,False,,IGNORED
CT-001252,C00388,SMS,2026-08-07 08:00:00,8,-2,False,,IGNORED
CT-001253,C00388,SMS,2026-09-12 13:00:00,13,3,False,,IGNORED
CT-001254,C00388,APP_PUSH,2026-06-15 22:00:00,22,4,False,,IGNORED
CT-001255,C00389,WHATSAPP,2026-08-14 20:00:00,20,1,False,,IGNORED
CT-001256,C00389,WHATSAPP,2026-07-06 19:00:00,19,2,True,0.18,ANSWERED
CT-001257,C00389,APP_PUSH,2026-09-01 21:00:00,21,3,True,1.73,ANSWERED
CT-001258,C00390,SMS,2026-08-30 19:00:00,19,7,True,2.46,ANSWERED
CT-001259,C00390,APP_PUSH,2026-06-18 18:00:00,18,7,False,,IGNORED
CT-001260,C00390,SMS,2026-06-23 15:00:00,15,6,True,0.94,ANSWERED
CT-001261,C00391,WHATSAPP,2026-07-04 14:00:00,14,0,False,,IGNORED
CT-001262,C00391,WHATSAPP,2026-08-09 12:00:00,12,2,True,7.77,ANSWERED
CT-001263,C00391,WHATSAPP,2026-09-07 13:00:00,13,0,False,,IGNORED
CT-001264,C00391,WHATSAPP,2026-09-10 17:00:00,17,2,False,,IGNORED
CT-001265,C00392,WHATSAPP,2026-06-20 19:00:00,19,5,True,0.04,ANSWERED
CT-001266,C00392,SMS,2026-07-29 19:00:00,19,4,False,,BOUNCED
CT-001267,C00392,WHATSAPP,2026-09-05 15:00:00,15,8,False,,IGNORED
CT-001268,C00393,CALL,2026-08-15 19:00:00,19,4,False,,IGNORED
CT-001269,C00393,WHATSAPP,2026-08-04 17:00:00,17,8,False,,IGNORED
CT-001270,C00393,APP_PUSH,2026-08-14 18:00:00,18,13,True,0.34,ANSWERED
CT-001271,C00394,SMS,2026-06-25 17:00:00,17,6,False,,IGNORED
CT-001272,C00394,SMS,2026-08-16 12:00:00,12,4,False,,IGNORED
CT-001273,C00394,APP_PUSH,2026-07-30 21:00:00,21,9,False,,IGNORED
CT-001274,C00395,WHATSAPP,2026-08-09 18:00:00,18,0,False,,REJECTED
CT-001275,C00395,CALL,2026-08-24 16:00:00,16,2,False,,IGNORED
CT-001276,C00395,APP_PUSH,2026-08-02 14:00:00,14,5,False,,IGNORED
CT-001277,C00396,CALL,2026-08-23 11:00:00,11,2,True,0.33,ANSWERED
CT-001278,C00396,CALL,2026-08-15 09:00:00,9,6,True,1.93,ANSWERED
CT-001279,C00397,CALL,2026-07-31 12:00:00,12,0,False,,IGNORED
CT-001280,C00397,SMS,2026-08-01 16:00:00,16,2,False,,REJECTED
CT-001281,C00397,CALL,2026-08-11 14:00:00,14,4,False,,IGNORED
CT-001282,C00397,SMS,2026-08-12 18:00:00,18,4,False,,REJECTED
CT-001283,C00397,CALL,2026-09-05 14:00:00,14,6,False,,IGNORED
CT-001284,C00398,APP_PUSH,2026-06-25 22:00:00,22,4,True,0.09,ANSWERED
CT-001285,C00398,APP_PUSH,2026-07-13 21:00:00,21,5,True,1.12,ANSWERED
CT-001286,C00398,APP_PUSH,2026-09-10 23:00:00,23,5,True,2.94,ANSWERED
CT-001287,C00399,APP_PUSH,2026-06-26 07:00:00,7,3,False,,IGNORED
CT-001288,C00399,SMS,2026-08-22 15:00:00,15,0,False,,IGNORED
CT-001289,C00400,APP_PUSH,2026-08-04 09:00:00,9,1,False,,IGNORED
CT-001290,C00400,CALL,2026-07-26 11:00:00,11,1,True,1.92,ANSWERED
CT-001291,C00400,APP_PUSH,2026-07-24 13:00:00,13,1,False,,IGNORED
CT-001292,C00401,WHATSAPP,2026-09-05 12:00:00,12,5,False,,BOUNCED
CT-001293,C00401,WHATSAPP,2026-09-08 06:00:00,6,2,False,,IGNORED
CT-001294,C00402,WHATSAPP,2026-08-27 23:00:00,23,0,True,1.51,ANSWERED
CT-001295,C00402,APP_PUSH,2026-07-10 17:00:00,17,1,False,,REJECTED
CT-001296,C00402,SMS,2026-08-08 23:00:00,23,2,True,3.09,ANSWERED
CT-001297,C00402,SMS,2026-06-27 16:00:00,16,3,False,,IGNORED
CT-001298,C00402,APP_PUSH,2026-07-26 16:00:00,16,2,False,,BOUNCED
CT-001299,C00402,WHATSAPP,2026-08-12 18:00:00,18,1,False,,BOUNCED
CT-001300,C00402,APP_PUSH,2026-06-29 13:00:00,13,4,True,0.54,ANSWERED
CT-001301,C00403,SMS,2026-07-18 19:00:00,19,5,False,,IGNORED
CT-001302,C00403,APP_PUSH,2026-07-29 12:00:00,12,2,True,0.11,ANSWERED
CT-001303,C00403,APP_PUSH,2026-08-09 15:00:00,15,4,False,,IGNORED
CT-001304,C00404,SMS,2026-06-30 17:00:00,17,4,False,,IGNORED
CT-001305,C00404,SMS,2026-07-27 23:00:00,23,6,False,,IGNORED
CT-001306,C00404,WHATSAPP,2026-07-09 21:00:00,21,3,False,,IGNORED
CT-001307,C00405,APP_PUSH,2026-08-15 10:00:00,10,9,True,0.33,ANSWERED
CT-001308,C00405,WHATSAPP,2026-06-26 14:00:00,14,11,True,0.45,ANSWERED
CT-001309,C00405,WHATSAPP,2026-08-25 09:00:00,9,6,False,,REJECTED
CT-001310,C00405,APP_PUSH,2026-06-23 13:00:00,13,7,False,,IGNORED
CT-001311,C00406,CALL,2026-08-30 13:00:00,13,7,False,,IGNORED
CT-001312,C00406,SMS,2026-08-31 20:00:00,20,6,True,0.31,ANSWERED
CT-001313,C00406,CALL,2026-07-28 16:00:00,16,6,True,2.63,ANSWERED
CT-001314,C00406,CALL,2026-06-26 20:00:00,20,5,False,,IGNORED
CT-001315,C00406,WHATSAPP,2026-09-04 11:00:00,11,3,True,1.74,ANSWERED
CT-001316,C00406,CALL,2026-07-16 13:00:00,13,6,False,,REJECTED
CT-001317,C00407,CALL,2026-07-15 13:00:00,13,3,False,,BOUNCED
CT-001318,C00408,SMS,2026-06-23 03:00:00,3,0,False,,IGNORED
CT-001319,C00408,WHATSAPP,2026-08-19 08:00:00,8,4,True,6.39,ANSWERED
CT-001320,C00408,APP_PUSH,2026-07-23 08:00:00,8,1,False,,REJECTED
CT-001321,C00408,CALL,2026-07-03 06:00:00,6,1,False,,REJECTED
CT-001322,C00408,APP_PUSH,2026-07-07 01:00:00,1,3,False,,IGNORED
CT-001323,C00408,CALL,2026-08-22 12:00:00,12,5,True,0.42,ANSWERED
CT-001324,C00409,APP_PUSH,2026-09-07 13:00:00,13,4,False,,IGNORED
CT-001325,C00409,APP_PUSH,2026-07-27 14:00:00,14,4,False,,IGNORED
CT-001326,C00409,CALL,2026-07-05 11:00:00,11,5,False,,IGNORED
CT-001327,C00409,SMS,2026-07-28 12:00:00,12,7,True,1.81,ANSWERED
CT-001328,C00409,SMS,2026-07-15 11:00:00,11,8,True,10.43,ANSWERED
CT-001329,C00410,CALL,2026-07-30 15:00:00,15,6,False,,IGNORED
CT-001330,C00410,SMS,2026-06-23 23:00:00,23,4,False,,IGNORED
CT-001331,C00410,SMS,2026-08-17 23:00:00,23,5,False,,IGNORED
CT-001332,C00410,WHATSAPP,2026-07-21 17:00:00,17,7,False,,IGNORED
CT-001333,C00410,WHATSAPP,2026-06-24 18:00:00,18,5,False,,IGNORED
CT-001334,C00410,WHATSAPP,2026-06-30 17:00:00,17,4,False,,REJECTED
CT-001335,C00410,WHATSAPP,2026-06-21 22:00:00,22,7,False,,IGNORED
CT-001336,C00412,WHATSAPP,2026-08-20 09:00:00,9,2,False,,IGNORED
CT-001337,C00412,CALL,2026-09-06 10:00:00,10,7,False,,IGNORED
CT-001338,C00412,CALL,2026-08-06 04:00:00,4,2,False,,IGNORED
CT-001339,C00412,APP_PUSH,2026-07-23 04:00:00,4,4,False,,IGNORED
CT-001340,C00413,APP_PUSH,2026-08-25 17:00:00,17,7,False,,BOUNCED
CT-001341,C00413,APP_PUSH,2026-08-09 10:00:00,10,1,False,,IGNORED
CT-001342,C00413,APP_PUSH,2026-07-08 13:00:00,13,4,True,2.51,ANSWERED
CT-001343,C00413,WHATSAPP,2026-08-31 08:00:00,8,5,False,,IGNORED
CT-001344,C00413,APP_PUSH,2026-07-23 15:00:00,15,8,False,,IGNORED
CT-001345,C00413,APP_PUSH,2026-09-02 13:00:00,13,4,False,,IGNORED
CT-001346,C00413,APP_PUSH,2026-06-23 12:00:00,12,7,False,,REJECTED
CT-001347,C00413,APP_PUSH,2026-07-08 04:00:00,4,7,False,,IGNORED
CT-001348,C00413,APP_PUSH,2026-08-30 12:00:00,12,6,True,3.53,ANSWERED
CT-001349,C00414,WHATSAPP,2026-08-20 10:00:00,10,5,True,0.08,ANSWERED
CT-001350,C00414,WHATSAPP,2026-07-13 09:00:00,9,3,False,,IGNORED
CT-001351,C00415,CALL,2026-08-09 20:00:00,20,5,True,0.17,ANSWERED
CT-001352,C00416,WHATSAPP,2026-07-24 14:00:00,14,2,False,,IGNORED
CT-001353,C00416,APP_PUSH,2026-06-15 09:00:00,9,4,False,,IGNORED
CT-001354,C00416,APP_PUSH,2026-08-23 11:00:00,11,4,False,,IGNORED
CT-001355,C00416,WHATSAPP,2026-09-12 06:00:00,6,2,True,6.06,ANSWERED
CT-001356,C00416,APP_PUSH,2026-07-31 17:00:00,17,0,False,,IGNORED
CT-001357,C00416,APP_PUSH,2026-07-15 14:00:00,14,0,False,,IGNORED
CT-001358,C00417,CALL,2026-07-03 16:00:00,16,3,False,,REJECTED
CT-001359,C00417,SMS,2026-07-02 17:00:00,17,6,False,,REJECTED
CT-001360,C00417,CALL,2026-09-03 18:00:00,18,4,True,6.29,ANSWERED
CT-001361,C00417,CALL,2026-07-02 21:00:00,21,3,False,,IGNORED
CT-001362,C00418,APP_PUSH,2026-06-15 11:00:00,11,5,False,,IGNORED
CT-001363,C00419,APP_PUSH,2026-09-05 05:00:00,5,7,False,,IGNORED
CT-001364,C00419,SMS,2026-09-12 17:00:00,17,7,False,,REJECTED
CT-001365,C00419,SMS,2026-08-01 14:00:00,14,6,True,3.82,ANSWERED
CT-001366,C00419,WHATSAPP,2026-08-29 08:00:00,8,6,False,,IGNORED
CT-001367,C00419,SMS,2026-08-25 17:00:00,17,7,False,,REJECTED
CT-001368,C00419,SMS,2026-07-06 06:00:00,6,7,False,,IGNORED
CT-001369,C00420,CALL,2026-08-28 10:00:00,10,10,True,0.83,ANSWERED
CT-001370,C00420,CALL,2026-08-30 08:00:00,8,5,True,2.48,ANSWERED
CT-001371,C00420,CALL,2026-07-03 04:00:00,4,4,True,5.19,ANSWERED
CT-001372,C00420,CALL,2026-06-20 06:00:00,6,6,True,2.46,ANSWERED
CT-001373,C00420,CALL,2026-08-04 08:00:00,8,7,False,,IGNORED
CT-001374,C00421,SMS,2026-07-14 21:00:00,21,5,True,0.06,ANSWERED
CT-001375,C00421,WHATSAPP,2026-07-19 21:00:00,21,5,False,,IGNORED
CT-001376,C00422,SMS,2026-07-08 14:00:00,14,2,False,,IGNORED
CT-001377,C00422,WHATSAPP,2026-06-24 18:00:00,18,2,False,,REJECTED
CT-001378,C00422,WHATSAPP,2026-08-26 14:00:00,14,0,False,,BOUNCED
CT-001379,C00422,WHATSAPP,2026-06-24 15:00:00,15,0,False,,REJECTED
CT-001380,C00422,APP_PUSH,2026-07-18 22:00:00,22,3,True,0.34,ANSWERED
CT-001381,C00423,APP_PUSH,2026-07-18 14:00:00,14,6,False,,REJECTED
CT-001382,C00423,CALL,2026-08-02 18:00:00,18,10,False,,IGNORED
CT-001383,C00423,SMS,2026-07-12 18:00:00,18,5,False,,IGNORED
CT-001384,C00423,WHATSAPP,2026-06-20 20:00:00,20,3,True,0.87,ANSWERED
CT-001385,C00423,SMS,2026-08-27 10:00:00,10,6,False,,IGNORED
CT-001386,C00423,APP_PUSH,2026-07-21 19:00:00,19,6,False,,IGNORED
CT-001387,C00423,SMS,2026-06-21 15:00:00,15,6,True,0.1,ANSWERED
CT-001388,C00424,CALL,2026-08-12 08:00:00,8,5,False,,IGNORED
CT-001389,C00424,APP_PUSH,2026-08-06 06:00:00,6,3,True,0.89,ANSWERED
CT-001390,C00424,SMS,2026-06-24 12:00:00,12,2,False,,IGNORED
CT-001391,C00424,SMS,2026-08-31 09:00:00,9,0,False,,IGNORED
CT-001392,C00425,SMS,2026-07-27 09:00:00,9,4,False,,IGNORED
CT-001393,C00427,APP_PUSH,2026-07-30 13:00:00,13,0,True,3.31,ANSWERED
CT-001394,C00427,SMS,2026-08-17 09:00:00,9,4,False,,IGNORED
CT-001395,C00427,APP_PUSH,2026-08-19 12:00:00,12,6,False,,REJECTED
CT-001396,C00428,APP_PUSH,2026-08-20 19:00:00,19,8,False,,IGNORED
CT-001397,C00429,CALL,2026-07-24 09:00:00,9,2,True,4.13,ANSWERED
CT-001398,C00429,WHATSAPP,2026-06-16 09:00:00,9,2,False,,BOUNCED
CT-001399,C00429,CALL,2026-07-07 13:00:00,13,3,False,,IGNORED
CT-001400,C00430,SMS,2026-08-06 11:00:00,11,5,False,,IGNORED
CT-001401,C00430,SMS,2026-06-16 12:00:00,12,4,True,0.88,ANSWERED
CT-001402,C00430,SMS,2026-08-25 19:00:00,19,4,False,,REJECTED
CT-001403,C00430,SMS,2026-07-02 23:00:00,23,8,False,,IGNORED
CT-001404,C00430,SMS,2026-06-17 12:00:00,12,3,False,,IGNORED
CT-001405,C00430,SMS,2026-07-29 16:00:00,16,6,True,2.41,ANSWERED
CT-001406,C00430,APP_PUSH,2026-09-04 12:00:00,12,7,False,,REJECTED
CT-001407,C00431,CALL,2026-09-11 11:00:00,11,4,False,,IGNORED
CT-001408,C00432,WHATSAPP,2026-08-15 18:00:00,18,1,False,,IGNORED
CT-001409,C00433,APP_PUSH,2026-07-10 09:00:00,9,7,False,,IGNORED
CT-001410,C00434,CALL,2026-09-11 14:00:00,14,4,False,,IGNORED
CT-001411,C00435,WHATSAPP,2026-08-26 11:00:00,11,5,False,,IGNORED
CT-001412,C00435,CALL,2026-07-17 11:00:00,11,3,False,,IGNORED
CT-001413,C00435,CALL,2026-07-21 14:00:00,14,6,True,4.51,ANSWERED
CT-001414,C00436,WHATSAPP,2026-08-25 09:00:00,9,0,True,0.35,ANSWERED
CT-001415,C00436,WHATSAPP,2026-08-22 08:00:00,8,3,False,,IGNORED
CT-001416,C00436,WHATSAPP,2026-07-30 03:00:00,3,5,True,0.18,ANSWERED
CT-001417,C00437,SMS,2026-09-02 21:00:00,21,5,True,0.16,ANSWERED
CT-001418,C00437,SMS,2026-07-26 16:00:00,16,5,False,,IGNORED
CT-001419,C00437,WHATSAPP,2026-08-15 18:00:00,18,8,False,,IGNORED
CT-001420,C00437,WHATSAPP,2026-09-09 16:00:00,16,6,True,2.11,ANSWERED
CT-001421,C00437,WHATSAPP,2026-06-27 16:00:00,16,2,False,,REJECTED
CT-001422,C00437,WHATSAPP,2026-08-07 23:00:00,23,2,False,,IGNORED
CT-001423,C00438,CALL,2026-09-01 14:00:00,14,5,True,0.74,ANSWERED
CT-001424,C00438,CALL,2026-06-29 14:00:00,14,1,False,,IGNORED
CT-001425,C00438,SMS,2026-09-01 17:00:00,17,3,False,,IGNORED
CT-001426,C00439,CALL,2026-08-22 10:00:00,10,1,False,,IGNORED
CT-001427,C00439,WHATSAPP,2026-07-27 17:00:00,17,3,True,6.72,ANSWERED
CT-001428,C00440,APP_PUSH,2026-07-06 08:00:00,8,8,True,4.53,ANSWERED
CT-001429,C00440,SMS,2026-07-18 11:00:00,11,8,False,,IGNORED
CT-001430,C00440,WHATSAPP,2026-07-05 15:00:00,15,8,False,,IGNORED
CT-001431,C00440,APP_PUSH,2026-08-18 14:00:00,14,9,False,,IGNORED
CT-001432,C00440,APP_PUSH,2026-07-25 12:00:00,12,8,True,0.62,ANSWERED
CT-001433,C00441,APP_PUSH,2026-07-04 06:00:00,6,0,True,0.05,ANSWERED
CT-001434,C00441,SMS,2026-08-09 11:00:00,11,4,False,,REJECTED
CT-001435,C00443,CALL,2026-07-06 14:00:00,14,4,False,,IGNORED
CT-001436,C00444,CALL,2026-06-28 08:00:00,8,7,False,,IGNORED
CT-001437,C00445,APP_PUSH,2026-08-06 02:00:00,2,6,False,,BOUNCED
CT-001438,C00445,CALL,2026-06-15 03:00:00,3,1,True,0.13,ANSWERED
CT-001439,C00445,APP_PUSH,2026-07-19 07:00:00,7,1,False,,IGNORED
CT-001440,C00445,SMS,2026-09-08 10:00:00,10,1,False,,IGNORED
CT-001441,C00446,WHATSAPP,2026-08-23 12:00:00,12,6,False,,REJECTED
CT-001442,C00446,WHATSAPP,2026-09-03 05:00:00,5,8,False,,IGNORED
CT-001443,C00446,APP_PUSH,2026-07-13 12:00:00,12,6,False,,IGNORED
CT-001444,C00447,WHATSAPP,2026-07-09 17:00:00,17,7,True,0.67,ANSWERED
CT-001445,C00447,SMS,2026-06-28 13:00:00,13,4,False,,REJECTED
CT-001446,C00447,APP_PUSH,2026-06-21 13:00:00,13,9,True,0.58,ANSWERED
CT-001447,C00448,APP_PUSH,2026-06-16 00:00:00,0,5,False,,IGNORED
CT-001448,C00448,WHATSAPP,2026-09-09 10:00:00,10,6,False,,IGNORED
CT-001449,C00448,SMS,2026-08-26 10:00:00,10,2,False,,IGNORED
CT-001450,C00448,APP_PUSH,2026-06-15 10:00:00,10,3,True,1.11,ANSWERED
CT-001451,C00448,APP_PUSH,2026-08-13 08:00:00,8,6,False,,BOUNCED
CT-001452,C00448,APP_PUSH,2026-07-27 15:00:00,15,5,False,,IGNORED
CT-001453,C00448,WHATSAPP,2026-08-10 09:00:00,9,5,False,,BOUNCED
CT-001454,C00449,APP_PUSH,2026-08-19 13:00:00,13,5,False,,REJECTED
CT-001455,C00449,SMS,2026-07-14 14:00:00,14,0,False,,REJECTED
CT-001456,C00449,SMS,2026-08-08 12:00:00,12,3,False,,IGNORED
CT-001457,C00449,APP_PUSH,2026-08-02 13:00:00,13,1,True,4.67,ANSWERED
CT-001458,C00450,WHATSAPP,2026-08-27 23:00:00,23,5,False,,IGNORED
CT-001459,C00450,SMS,2026-07-01 22:00:00,22,7,True,0.21,ANSWERED
CT-001460,C00450,SMS,2026-08-20 16:00:00,16,6,False,,IGNORED
CT-001461,C00451,SMS,2026-06-23 18:00:00,18,1,True,0.21,ANSWERED
CT-001462,C00451,SMS,2026-09-12 23:00:00,23,3,True,5.55,ANSWERED
CT-001463,C00451,SMS,2026-07-25 17:00:00,17,5,False,,IGNORED
CT-001464,C00451,SMS,2026-08-18 23:00:00,23,3,False,,IGNORED
CT-001465,C00451,SMS,2026-08-19 19:00:00,19,2,False,,REJECTED
CT-001466,C00452,WHATSAPP,2026-07-12 21:00:00,21,5,False,,IGNORED
CT-001467,C00452,CALL,2026-09-06 17:00:00,17,6,False,,IGNORED
CT-001468,C00452,APP_PUSH,2026-08-29 14:00:00,14,6,False,,IGNORED
CT-001469,C00452,SMS,2026-07-24 11:00:00,11,3,False,,REJECTED
CT-001470,C00453,SMS,2026-06-30 23:00:00,23,6,True,0.87,ANSWERED
CT-001471,C00453,WHATSAPP,2026-09-12 22:00:00,22,9,False,,REJECTED
CT-001472,C00453,WHATSAPP,2026-07-05 16:00:00,16,10,True,0.23,ANSWERED
CT-001473,C00454,CALL,2026-08-31 11:00:00,11,1,True,0.5,ANSWERED
CT-001474,C00454,CALL,2026-09-09 09:00:00,9,2,False,,IGNORED
CT-001475,C00454,APP_PUSH,2026-06-26 10:00:00,10,5,False,,IGNORED
CT-001476,C00454,CALL,2026-08-24 08:00:00,8,6,False,,IGNORED
CT-001477,C00455,APP_PUSH,2026-08-02 08:00:00,8,2,True,3.64,ANSWERED
CT-001478,C00455,CALL,2026-07-08 10:00:00,10,4,True,1.36,ANSWERED
CT-001479,C00456,SMS,2026-09-12 09:00:00,9,6,False,,IGNORED
CT-001480,C00456,CALL,2026-07-15 07:00:00,7,3,False,,IGNORED
CT-001481,C00457,CALL,2026-07-06 19:00:00,19,6,False,,IGNORED
CT-001482,C00457,SMS,2026-07-29 15:00:00,15,6,False,,IGNORED
CT-001483,C00457,CALL,2026-08-26 16:00:00,16,5,True,0.18,ANSWERED
CT-001484,C00457,CALL,2026-06-23 15:00:00,15,6,False,,IGNORED
CT-001485,C00457,APP_PUSH,2026-09-01 19:00:00,19,7,False,,IGNORED
CT-001486,C00457,APP_PUSH,2026-08-19 17:00:00,17,5,True,0.03,ANSWERED
CT-001487,C00458,SMS,2026-07-17 14:00:00,14,7,False,,BOUNCED
CT-001488,C00458,CALL,2026-06-24 09:00:00,9,2,True,0.22,ANSWERED
CT-001489,C00458,WHATSAPP,2026-07-17 17:00:00,17,4,False,,IGNORED
CT-001490,C00458,SMS,2026-07-12 13:00:00,13,9,False,,REJECTED
CT-001491,C00458,CALL,2026-09-07 09:00:00,9,8,False,,IGNORED
CT-001492,C00459,SMS,2026-07-03 07:00:00,7,8,False,,IGNORED
CT-001493,C00459,SMS,2026-08-07 08:00:00,8,4,True,6.07,ANSWERED
CT-001494,C00459,APP_PUSH,2026-07-16 09:00:00,9,7,True,1.11,ANSWERED
CT-001495,C00461,APP_PUSH,2026-09-03 09:00:00,9,2,True,1.75,ANSWERED
CT-001496,C00461,SMS,2026-08-06 07:00:00,7,0,False,,IGNORED
CT-001497,C00461,SMS,2026-06-16 10:00:00,10,1,True,3.36,ANSWERED
CT-001498,C00461,SMS,2026-06-17 07:00:00,7,0,True,0.75,ANSWERED
CT-001499,C00462,CALL,2026-09-04 20:00:00,20,9,False,,IGNORED
CT-001500,C00463,APP_PUSH,2026-06-29 17:00:00,17,5,False,,IGNORED
CT-001501,C00463,CALL,2026-07-15 15:00:00,15,2,False,,IGNORED
CT-001502,C00463,WHATSAPP,2026-06-27 14:00:00,14,3,False,,IGNORED
CT-001503,C00463,SMS,2026-07-27 12:00:00,12,4,True,0.96,ANSWERED
CT-001504,C00463,SMS,2026-08-08 17:00:00,17,3,False,,IGNORED
CT-001505,C00463,SMS,2026-07-01 11:00:00,11,6,False,,IGNORED
CT-001506,C00463,CALL,2026-07-17 16:00:00,16,2,False,,IGNORED
CT-001507,C00463,APP_PUSH,2026-07-27 15:00:00,15,3,False,,IGNORED
CT-001508,C00464,SMS,2026-08-16 06:00:00,6,2,False,,IGNORED
CT-001509,C00464,SMS,2026-08-29 05:00:00,5,3,False,,IGNORED
CT-001510,C00464,WHATSAPP,2026-07-20 05:00:00,5,1,False,,IGNORED
CT-001511,C00464,SMS,2026-07-29 12:00:00,12,0,True,4.96,ANSWERED
CT-001512,C00464,SMS,2026-07-29 06:00:00,6,2,False,,IGNORED
CT-001513,C00464,SMS,2026-07-06 05:00:00,5,0,False,,IGNORED
CT-001514,C00465,CALL,2026-08-17 06:00:00,6,6,False,,IGNORED
CT-001515,C00465,CALL,2026-08-26 10:00:00,10,1,False,,IGNORED
CT-001516,C00465,WHATSAPP,2026-07-04 10:00:00,10,4,False,,IGNORED
CT-001517,C00465,SMS,2026-09-01 07:00:00,7,0,False,,IGNORED
CT-001518,C00465,WHATSAPP,2026-06-29 06:00:00,6,3,True,0.93,ANSWERED
CT-001519,C00465,WHATSAPP,2026-09-06 01:00:00,1,3,False,,IGNORED
CT-001520,C00466,CALL,2026-07-10 09:00:00,9,4,False,,IGNORED
CT-001521,C00466,SMS,2026-09-07 07:00:00,7,6,True,0.54,ANSWERED
CT-001522,C00467,WHATSAPP,2026-06-22 09:00:00,9,0,False,,IGNORED
CT-001523,C00468,APP_PUSH,2026-07-24 23:00:00,23,4,False,,IGNORED
CT-001524,C00468,APP_PUSH,2026-07-05 19:00:00,19,7,False,,BOUNCED
CT-001525,C00469,SMS,2026-06-27 10:00:00,10,9,False,,IGNORED
CT-001526,C00469,SMS,2026-07-09 09:00:00,9,6,True,2.43,ANSWERED
CT-001527,C00470,CALL,2026-07-30 11:00:00,11,2,True,2.5,ANSWERED
CT-001528,C00470,CALL,2026-08-16 12:00:00,12,2,False,,IGNORED
CT-001529,C00470,CALL,2026-06-21 07:00:00,7,-1,True,0.4,ANSWERED
CT-001530,C00470,CALL,2026-09-07 06:00:00,6,1,False,,IGNORED
CT-001531,C00470,CALL,2026-08-25 10:00:00,10,0,False,,IGNORED
CT-001532,C00471,SMS,2026-07-28 07:00:00,7,5,False,,IGNORED
CT-001533,C00472,WHATSAPP,2026-07-04 08:00:00,8,7,False,,REJECTED
CT-001534,C00472,SMS,2026-06-16 05:00:00,5,3,False,,IGNORED
CT-001535,C00472,CALL,2026-08-21 06:00:00,6,8,False,,IGNORED
CT-001536,C00473,CALL,2026-07-04 10:00:00,10,5,False,,IGNORED
CT-001537,C00474,APP_PUSH,2026-08-10 11:00:00,11,0,False,,IGNORED
CT-001538,C00474,APP_PUSH,2026-07-16 14:00:00,14,1,False,,IGNORED
CT-001539,C00474,WHATSAPP,2026-07-09 09:00:00,9,1,False,,REJECTED
CT-001540,C00474,CALL,2026-06-30 07:00:00,7,0,False,,IGNORED
CT-001541,C00474,SMS,2026-07-13 11:00:00,11,2,False,,IGNORED
CT-001542,C00475,WHATSAPP,2026-07-19 13:00:00,13,3,True,2.03,ANSWERED
CT-001543,C00475,WHATSAPP,2026-07-15 13:00:00,13,7,False,,IGNORED
CT-001544,C00475,WHATSAPP,2026-09-04 10:00:00,10,3,True,0.3,ANSWERED
CT-001545,C00476,CALL,2026-08-08 19:00:00,19,2,True,2.12,ANSWERED
CT-001546,C00476,CALL,2026-08-24 19:00:00,19,4,True,6.27,ANSWERED
CT-001547,C00476,CALL,2026-08-22 20:00:00,20,7,False,,REJECTED
CT-001548,C00477,CALL,2026-06-19 13:00:00,13,4,True,6.55,ANSWERED
CT-001549,C00477,WHATSAPP,2026-07-06 14:00:00,14,1,True,0.51,ANSWERED
CT-001550,C00477,WHATSAPP,2026-08-29 09:00:00,9,4,False,,IGNORED
CT-001551,C00477,CALL,2026-09-10 09:00:00,9,5,False,,IGNORED
CT-001552,C00477,CALL,2026-06-30 14:00:00,14,2,True,0.43,ANSWERED
CT-001553,C00477,CALL,2026-08-07 08:00:00,8,3,False,,IGNORED
CT-001554,C00478,APP_PUSH,2026-09-02 10:00:00,10,1,False,,IGNORED
CT-001555,C00478,CALL,2026-07-02 13:00:00,13,2,False,,IGNORED
CT-001556,C00478,SMS,2026-07-09 13:00:00,13,7,False,,BOUNCED
CT-001557,C00478,APP_PUSH,2026-06-19 19:00:00,19,4,False,,IGNORED
CT-001558,C00479,APP_PUSH,2026-07-20 16:00:00,16,4,True,2.42,ANSWERED
CT-001559,C00479,CALL,2026-09-02 14:00:00,14,0,False,,IGNORED
CT-001560,C00479,APP_PUSH,2026-07-31 18:00:00,18,2,True,0.86,ANSWERED
CT-001561,C00479,CALL,2026-07-14 23:00:00,23,4,False,,IGNORED
CT-001562,C00480,SMS,2026-07-16 13:00:00,13,4,False,,IGNORED
CT-001563,C00480,SMS,2026-07-05 13:00:00,13,5,False,,IGNORED
CT-001564,C00480,CALL,2026-07-28 14:00:00,14,7,False,,IGNORED
CT-001565,C00481,WHATSAPP,2026-07-26 13:00:00,13,5,False,,IGNORED
CT-001566,C00481,APP_PUSH,2026-08-31 17:00:00,17,3,False,,IGNORED
CT-001567,C00482,WHATSAPP,2026-09-05 13:00:00,13,7,True,0.01,ANSWERED
CT-001568,C00482,CALL,2026-07-22 07:00:00,7,12,False,,REJECTED
CT-001569,C00482,WHATSAPP,2026-07-17 07:00:00,7,8,False,,IGNORED
CT-001570,C00483,WHATSAPP,2026-07-01 17:00:00,17,2,False,,IGNORED
CT-001571,C00484,SMS,2026-07-22 12:00:00,12,8,False,,IGNORED
CT-001572,C00484,SMS,2026-09-04 07:00:00,7,3,False,,IGNORED
CT-001573,C00484,APP_PUSH,2026-07-26 11:00:00,11,6,False,,IGNORED
CT-001574,C00484,WHATSAPP,2026-09-01 04:00:00,4,8,False,,IGNORED
CT-001575,C00484,CALL,2026-08-01 13:00:00,13,6,False,,IGNORED
CT-001576,C00484,CALL,2026-08-24 10:00:00,10,5,True,3.45,ANSWERED
CT-001577,C00484,SMS,2026-08-31 11:00:00,11,3,True,0.45,ANSWERED
CT-001578,C00485,WHATSAPP,2026-07-20 09:00:00,9,4,True,1.55,ANSWERED
CT-001579,C00485,SMS,2026-06-15 10:00:00,10,5,True,1.22,ANSWERED
CT-001580,C00485,WHATSAPP,2026-06-22 06:00:00,6,3,False,,IGNORED
CT-001581,C00487,APP_PUSH,2026-07-24 05:00:00,5,0,False,,REJECTED
CT-001582,C00487,APP_PUSH,2026-07-24 11:00:00,11,0,False,,IGNORED
CT-001583,C00487,SMS,2026-08-21 11:00:00,11,4,False,,IGNORED
CT-001584,C00487,CALL,2026-06-17 00:00:00,0,2,False,,IGNORED
CT-001585,C00488,SMS,2026-06-24 15:00:00,15,7,False,,REJECTED
CT-001586,C00488,SMS,2026-07-22 15:00:00,15,3,True,0.07,ANSWERED
CT-001587,C00489,SMS,2026-07-09 09:00:00,9,8,True,0.67,ANSWERED
CT-001588,C00489,APP_PUSH,2026-07-17 13:00:00,13,5,False,,IGNORED
CT-001589,C00490,WHATSAPP,2026-06-28 17:00:00,17,6,False,,IGNORED
CT-001590,C00490,WHATSAPP,2026-08-14 13:00:00,13,9,False,,IGNORED
CT-001591,C00490,CALL,2026-07-10 17:00:00,17,5,True,1.29,ANSWERED
CT-001592,C00490,SMS,2026-07-11 19:00:00,19,8,False,,IGNORED
CT-001593,C00491,SMS,2026-07-30 19:00:00,19,4,False,,IGNORED
CT-001594,C00491,WHATSAPP,2026-08-30 18:00:00,18,3,True,0.63,ANSWERED
CT-001595,C00491,WHATSAPP,2026-07-28 18:00:00,18,3,True,1.1,ANSWERED
CT-001596,C00491,SMS,2026-07-13 20:00:00,20,3,False,,IGNORED
CT-001597,C00491,APP_PUSH,2026-07-27 21:00:00,21,3,False,,IGNORED
CT-001598,C00492,WHATSAPP,2026-09-12 23:00:00,23,5,False,,IGNORED
CT-001599,C00492,WHATSAPP,2026-08-27 17:00:00,17,5,False,,IGNORED
CT-001600,C00492,APP_PUSH,2026-08-21 18:00:00,18,5,False,,IGNORED
CT-001601,C00493,APP_PUSH,2026-09-08 08:00:00,8,0,True,4.89,ANSWERED
CT-001602,C00493,APP_PUSH,2026-08-30 12:00:00,12,3,True,2.33,ANSWERED
CT-001603,C00493,WHATSAPP,2026-08-09 13:00:00,13,4,True,1.61,ANSWERED
CT-001604,C00494,APP_PUSH,2026-06-25 17:00:00,17,4,False,,IGNORED
CT-001605,C00494,APP_PUSH,2026-06-21 15:00:00,15,3,True,0.8,ANSWERED
CT-001606,C00494,APP_PUSH,2026-07-25 14:00:00,14,5,False,,REJECTED
CT-001607,C00494,APP_PUSH,2026-07-15 19:00:00,19,4,False,,IGNORED
CT-001608,C00494,APP_PUSH,2026-08-13 22:00:00,22,6,False,,BOUNCED
CT-001609,C00495,CALL,2026-06-19 09:00:00,9,4,False,,REJECTED
CT-001610,C00495,SMS,2026-08-27 11:00:00,11,2,False,,REJECTED
CT-001611,C00495,WHATSAPP,2026-08-18 13:00:00,13,4,True,0.03,ANSWERED
CT-001612,C00495,SMS,2026-07-01 14:00:00,14,2,False,,REJECTED
CT-001613,C00496,CALL,2026-09-06 08:00:00,8,2,True,0.1,ANSWERED
CT-001614,C00496,CALL,2026-09-09 12:00:00,12,1,True,5.05,ANSWERED
CT-001615,C00496,CALL,2026-06-21 07:00:00,7,3,True,1.12,ANSWERED
CT-001616,C00496,CALL,2026-09-06 09:00:00,9,4,True,0.47,ANSWERED
CT-001617,C00496,SMS,2026-09-09 05:00:00,5,1,False,,IGNORED
CT-001618,C00496,CALL,2026-09-11 12:00:00,12,1,False,,IGNORED
CT-001619,C00497,CALL,2026-09-01 13:00:00,13,3,False,,IGNORED
CT-001620,C00497,APP_PUSH,2026-09-10 21:00:00,21,4,False,,IGNORED
CT-001621,C00497,APP_PUSH,2026-07-21 14:00:00,14,3,False,,IGNORED
CT-001622,C00498,CALL,2026-08-26 17:00:00,17,7,True,1.82,ANSWERED
CT-001623,C00498,CALL,2026-08-18 15:00:00,15,2,False,,IGNORED
CT-001624,C00498,CALL,2026-07-04 11:00:00,11,7,True,0.44,ANSWERED
CT-001625,C00499,CALL,2026-07-12 12:00:00,12,6,True,0.23,ANSWERED
CT-001626,C00500,APP_PUSH,2026-08-31 11:00:00,11,2,False,,IGNORED
CT-001627,C00500,APP_PUSH,2026-09-09 17:00:00,17,3,False,,IGNORED
CT-001628,C00500,WHATSAPP,2026-07-13 13:00:00,13,3,False,,IGNORED
CT-001629,C00500,APP_PUSH,2026-08-15 19:00:00,19,2,True,0.13,ANSWERED
CT-001630,C00501,CALL,2026-08-23 08:00:00,8,8,False,,IGNORED
CT-001631,C00501,APP_PUSH,2026-07-20 15:00:00,15,6,False,,IGNORED
CT-001632,C00502,APP_PUSH,2026-07-07 23:00:00,23,4,False,,IGNORED
CT-001633,C00502,CALL,2026-08-05 18:00:00,18,5,False,,IGNORED
CT-001634,C00502,WHATSAPP,2026-08-20 18:00:00,18,8,False,,IGNORED
CT-001635,C00502,APP_PUSH,2026-08-05 09:00:00,9,9,False,,IGNORED
CT-001636,C00503,WHATSAPP,2026-06-20 13:00:00,13,0,False,,IGNORED
CT-001637,C00503,SMS,2026-07-05 19:00:00,19,2,False,,IGNORED
CT-001638,C00503,SMS,2026-07-19 12:00:00,12,5,True,3.61,ANSWERED
CT-001639,C00503,CALL,2026-07-31 17:00:00,17,4,False,,IGNORED
CT-001640,C00503,SMS,2026-08-08 09:00:00,9,3,False,,IGNORED
CT-001641,C00503,WHATSAPP,2026-07-10 14:00:00,14,3,False,,IGNORED
CT-001642,C00503,SMS,2026-09-01 14:00:00,14,2,False,,IGNORED
CT-001643,C00503,SMS,2026-09-02 14:00:00,14,2,True,0.64,ANSWERED
CT-001644,C00503,APP_PUSH,2026-08-17 12:00:00,12,1,False,,IGNORED
CT-001645,C00503,CALL,2026-07-19 09:00:00,9,0,False,,IGNORED
CT-001646,C00504,APP_PUSH,2026-06-15 07:00:00,7,8,True,1.24,ANSWERED
CT-001647,C00504,SMS,2026-07-09 07:00:00,7,8,True,0.67,ANSWERED
CT-001648,C00504,WHATSAPP,2026-06-18 08:00:00,8,5,False,,IGNORED
CT-001649,C00504,SMS,2026-07-21 07:00:00,7,7,False,,IGNORED
CT-001650,C00505,APP_PUSH,2026-08-05 19:00:00,19,0,False,,IGNORED
CT-001651,C00505,WHATSAPP,2026-07-04 14:00:00,14,2,True,4.46,ANSWERED
CT-001652,C00505,CALL,2026-09-07 15:00:00,15,1,False,,REJECTED
CT-001653,C00505,WHATSAPP,2026-08-26 16:00:00,16,3,False,,IGNORED
CT-001654,C00506,APP_PUSH,2026-08-27 05:00:00,5,4,False,,IGNORED
CT-001655,C00506,APP_PUSH,2026-08-29 12:00:00,12,3,False,,IGNORED
CT-001656,C00506,SMS,2026-08-28 06:00:00,6,4,True,0.21,ANSWERED
CT-001657,C00507,WHATSAPP,2026-06-23 17:00:00,17,8,True,1.0,ANSWERED
CT-001658,C00507,WHATSAPP,2026-08-30 18:00:00,18,7,False,,IGNORED
CT-001659,C00507,WHATSAPP,2026-08-03 14:00:00,14,11,False,,BOUNCED
CT-001660,C00508,SMS,2026-07-20 05:00:00,5,6,True,5.18,ANSWERED
CT-001661,C00509,WHATSAPP,2026-08-24 09:00:00,9,2,False,,IGNORED
CT-001662,C00509,WHATSAPP,2026-07-02 06:00:00,6,1,True,0.68,ANSWERED
CT-001663,C00510,CALL,2026-08-18 18:00:00,18,3,False,,IGNORED
CT-001664,C00510,APP_PUSH,2026-07-18 18:00:00,18,4,True,1.09,ANSWERED
CT-001665,C00510,WHATSAPP,2026-07-04 19:00:00,19,4,False,,IGNORED
CT-001666,C00511,SMS,2026-06-20 11:00:00,11,3,False,,IGNORED
CT-001667,C00511,SMS,2026-08-10 14:00:00,14,7,True,0.57,ANSWERED
CT-001668,C00511,SMS,2026-08-23 11:00:00,11,4,True,7.09,ANSWERED
CT-001669,C00511,SMS,2026-09-07 08:00:00,8,6,False,,IGNORED
CT-001670,C00511,SMS,2026-06-26 08:00:00,8,7,False,,IGNORED
CT-001671,C00511,SMS,2026-07-09 09:00:00,9,3,False,,IGNORED
CT-001672,C00511,SMS,2026-08-02 11:00:00,11,5,True,2.57,ANSWERED
CT-001673,C00511,SMS,2026-07-28 07:00:00,7,4,True,1.65,ANSWERED
CT-001674,C00511,SMS,2026-08-29 14:00:00,14,7,True,0.12,ANSWERED
CT-001675,C00511,SMS,2026-07-21 11:00:00,11,7,True,1.24,ANSWERED
CT-001676,C00512,APP_PUSH,2026-06-21 13:00:00,13,5,False,,REJECTED
CT-001677,C00512,CALL,2026-08-18 20:00:00,20,6,True,1.28,ANSWERED
CT-001678,C00512,APP_PUSH,2026-07-02 15:00:00,15,6,True,1.52,ANSWERED
CT-001679,C00513,APP_PUSH,2026-07-02 20:00:00,20,0,False,,IGNORED
CT-001680,C00513,APP_PUSH,2026-09-11 15:00:00,15,6,True,0.09,ANSWERED
CT-001681,C00513,SMS,2026-08-24 16:00:00,16,0,False,,IGNORED
CT-001682,C00514,APP_PUSH,2026-09-12 19:00:00,19,6,False,,IGNORED
CT-001683,C00514,APP_PUSH,2026-07-07 14:00:00,14,6,False,,IGNORED
CT-001684,C00515,SMS,2026-07-20 12:00:00,12,3,False,,REJECTED
CT-001685,C00515,CALL,2026-08-08 22:00:00,22,1,False,,IGNORED
CT-001686,C00516,SMS,2026-08-16 10:00:00,10,4,False,,IGNORED
CT-001687,C00516,CALL,2026-08-06 14:00:00,14,9,False,,REJECTED
CT-001688,C00516,CALL,2026-08-08 13:00:00,13,4,False,,IGNORED
CT-001689,C00517,CALL,2026-08-08 18:00:00,18,4,False,,IGNORED
CT-001690,C00517,SMS,2026-07-30 16:00:00,16,6,False,,REJECTED
CT-001691,C00518,APP_PUSH,2026-07-15 07:00:00,7,8,False,,REJECTED
CT-001692,C00518,APP_PUSH,2026-08-09 05:00:00,5,9,False,,IGNORED
CT-001693,C00518,WHATSAPP,2026-07-09 10:00:00,10,9,False,,IGNORED
CT-001694,C00518,APP_PUSH,2026-08-15 02:00:00,2,7,False,,IGNORED
CT-001695,C00518,CALL,2026-09-03 05:00:00,5,5,False,,IGNORED
CT-001696,C00519,WHATSAPP,2026-07-19 07:00:00,7,2,False,,IGNORED
CT-001697,C00519,WHATSAPP,2026-09-02 17:00:00,17,5,False,,IGNORED
CT-001698,C00520,APP_PUSH,2026-06-16 23:00:00,23,10,False,,IGNORED
CT-001699,C00521,WHATSAPP,2026-08-25 09:00:00,9,5,False,,IGNORED
CT-001700,C00521,SMS,2026-06-24 11:00:00,11,2,False,,IGNORED
CT-001701,C00521,WHATSAPP,2026-09-11 21:00:00,21,2,True,2.73,ANSWERED
CT-001702,C00521,WHATSAPP,2026-08-15 15:00:00,15,5,False,,IGNORED
CT-001703,C00521,WHATSAPP,2026-08-25 09:00:00,9,7,False,,IGNORED
CT-001704,C00521,SMS,2026-07-14 17:00:00,17,7,False,,IGNORED
CT-001705,C00521,WHATSAPP,2026-09-05 12:00:00,12,3,False,,IGNORED
CT-001706,C00522,WHATSAPP,2026-08-27 11:00:00,11,10,False,,IGNORED
CT-001707,C00522,APP_PUSH,2026-08-31 07:00:00,7,5,True,3.96,ANSWERED
CT-001708,C00523,CALL,2026-08-14 16:00:00,16,6,False,,REJECTED
CT-001709,C00524,CALL,2026-07-24 10:00:00,10,6,False,,IGNORED
CT-001710,C00524,CALL,2026-08-10 10:00:00,10,3,False,,IGNORED
CT-001711,C00525,WHATSAPP,2026-07-23 11:00:00,11,5,False,,IGNORED
CT-001712,C00525,SMS,2026-07-15 17:00:00,17,4,False,,IGNORED
CT-001713,C00525,SMS,2026-07-30 16:00:00,16,3,False,,REJECTED
CT-001714,C00525,WHATSAPP,2026-07-05 13:00:00,13,5,False,,IGNORED
CT-001715,C00525,WHATSAPP,2026-08-25 08:00:00,8,4,False,,IGNORED
CT-001716,C00526,APP_PUSH,2026-08-22 04:00:00,4,4,False,,IGNORED
CT-001717,C00526,WHATSAPP,2026-08-21 10:00:00,10,3,False,,IGNORED
CT-001718,C00527,SMS,2026-06-26 14:00:00,14,6,False,,IGNORED
CT-001719,C00527,WHATSAPP,2026-08-18 22:00:00,22,3,True,0.79,ANSWERED
CT-001720,C00528,CALL,2026-08-02 15:00:00,15,3,False,,IGNORED
CT-001721,C00528,WHATSAPP,2026-06-23 14:00:00,14,7,False,,REJECTED
CT-001722,C00528,APP_PUSH,2026-07-29 16:00:00,16,6,False,,IGNORED
CT-001723,C00528,SMS,2026-08-25 11:00:00,11,3,False,,IGNORED
CT-001724,C00528,WHATSAPP,2026-07-03 18:00:00,18,5,True,6.14,ANSWERED
CT-001725,C00528,SMS,2026-08-10 10:00:00,10,8,False,,REJECTED
CT-001726,C00528,SMS,2026-08-18 19:00:00,19,3,False,,REJECTED
CT-001727,C00528,CALL,2026-07-22 13:00:00,13,2,True,0.44,ANSWERED
CT-001728,C00528,CALL,2026-08-11 13:00:00,13,4,False,,REJECTED
CT-001729,C00528,SMS,2026-07-16 15:00:00,15,7,False,,IGNORED
CT-001730,C00528,APP_PUSH,2026-07-15 12:00:00,12,4,False,,IGNORED
CT-001731,C00529,APP_PUSH,2026-09-04 23:00:00,23,8,False,,IGNORED
CT-001732,C00529,CALL,2026-09-12 20:00:00,20,5,False,,REJECTED
CT-001733,C00529,CALL,2026-07-17 16:00:00,16,5,False,,IGNORED
CT-001734,C00530,APP_PUSH,2026-07-18 16:00:00,16,2,False,,IGNORED
CT-001735,C00530,APP_PUSH,2026-06-15 18:00:00,18,2,False,,IGNORED
CT-001736,C00531,WHATSAPP,2026-07-02 16:00:00,16,8,False,,IGNORED
CT-001737,C00532,WHATSAPP,2026-06-25 04:00:00,4,8,True,4.19,ANSWERED
CT-001738,C00532,WHATSAPP,2026-08-28 14:00:00,14,9,False,,IGNORED
CT-001739,C00532,APP_PUSH,2026-08-15 05:00:00,5,4,False,,IGNORED
CT-001740,C00532,CALL,2026-07-17 07:00:00,7,8,False,,REJECTED
CT-001741,C00533,APP_PUSH,2026-08-08 17:00:00,17,9,False,,IGNORED
CT-001742,C00533,APP_PUSH,2026-09-01 11:00:00,11,6,False,,REJECTED
CT-001743,C00533,APP_PUSH,2026-06-25 15:00:00,15,6,True,1.71,ANSWERED
CT-001744,C00533,WHATSAPP,2026-06-24 14:00:00,14,6,True,3.82,ANSWERED
CT-001745,C00533,APP_PUSH,2026-08-23 07:00:00,7,6,False,,IGNORED
CT-001746,C00533,APP_PUSH,2026-08-18 14:00:00,14,6,True,2.38,ANSWERED
CT-001747,C00534,APP_PUSH,2026-07-17 10:00:00,10,1,False,,IGNORED
CT-001748,C00535,WHATSAPP,2026-09-04 16:00:00,16,7,False,,IGNORED
CT-001749,C00535,APP_PUSH,2026-06-24 21:00:00,21,4,True,3.64,ANSWERED
CT-001750,C00535,WHATSAPP,2026-07-26 15:00:00,15,12,False,,IGNORED
CT-001751,C00536,SMS,2026-07-29 05:00:00,5,9,False,,IGNORED
CT-001752,C00537,CALL,2026-07-31 12:00:00,12,7,False,,IGNORED
CT-001753,C00537,CALL,2026-06-20 17:00:00,17,4,True,0.94,ANSWERED
CT-001754,C00537,CALL,2026-07-25 13:00:00,13,4,False,,IGNORED
CT-001755,C00538,SMS,2026-09-08 19:00:00,19,2,True,0.31,ANSWERED
CT-001756,C00538,SMS,2026-08-10 20:00:00,20,3,True,2.94,ANSWERED
CT-001757,C00539,WHATSAPP,2026-07-23 07:00:00,7,1,False,,IGNORED
CT-001758,C00540,WHATSAPP,2026-09-05 10:00:00,10,5,False,,IGNORED
CT-001759,C00540,SMS,2026-07-29 09:00:00,9,7,False,,REJECTED
CT-001760,C00541,CALL,2026-07-09 23:00:00,23,3,True,1.69,ANSWERED
CT-001761,C00541,CALL,2026-08-03 21:00:00,21,5,False,,REJECTED
CT-001762,C00541,WHATSAPP,2026-09-09 18:00:00,18,5,False,,IGNORED
CT-001763,C00541,CALL,2026-07-15 21:00:00,21,5,True,0.54,ANSWERED
CT-001764,C00541,APP_PUSH,2026-08-08 21:00:00,21,1,True,1.16,ANSWERED
CT-001765,C00541,CALL,2026-07-05 20:00:00,20,3,False,,REJECTED
CT-001766,C00541,CALL,2026-08-06 19:00:00,19,0,False,,REJECTED
CT-001767,C00541,SMS,2026-08-09 20:00:00,20,6,False,,IGNORED
CT-001768,C00541,SMS,2026-07-30 14:00:00,14,3,False,,IGNORED
CT-001769,C00541,APP_PUSH,2026-07-27 19:00:00,19,6,False,,BOUNCED
CT-001770,C00541,APP_PUSH,2026-09-12 20:00:00,20,6,False,,IGNORED
CT-001771,C00542,WHATSAPP,2026-07-22 10:00:00,10,2,True,2.06,ANSWERED
CT-001772,C00542,WHATSAPP,2026-07-18 10:00:00,10,4,False,,IGNORED
CT-001773,C00542,APP_PUSH,2026-08-05 12:00:00,12,0,False,,IGNORED
CT-001774,C00543,SMS,2026-08-07 16:00:00,16,4,False,,IGNORED
CT-001775,C00544,CALL,2026-08-30 10:00:00,10,6,True,1.83,ANSWERED
CT-001776,C00544,APP_PUSH,2026-08-29 16:00:00,16,9,False,,IGNORED
CT-001777,C00544,CALL,2026-07-12 13:00:00,13,6,False,,IGNORED
CT-001778,C00544,APP_PUSH,2026-08-07 13:00:00,13,5,True,0.26,ANSWERED
CT-001779,C00544,CALL,2026-08-04 22:00:00,22,9,False,,IGNORED
CT-001780,C00544,CALL,2026-09-07 14:00:00,14,6,False,,IGNORED
CT-001781,C00544,SMS,2026-07-22 19:00:00,19,4,False,,IGNORED
CT-001782,C00544,WHATSAPP,2026-08-06 14:00:00,14,4,False,,IGNORED
CT-001783,C00544,APP_PUSH,2026-09-07 13:00:00,13,2,False,,IGNORED
CT-001784,C00544,CALL,2026-08-17 17:00:00,17,8,False,,IGNORED
CT-001785,C00545,WHATSAPP,2026-07-24 17:00:00,17,2,False,,IGNORED
CT-001786,C00545,SMS,2026-08-02 21:00:00,21,4,False,,REJECTED
CT-001787,C00545,SMS,2026-08-12 16:00:00,16,1,False,,REJECTED
CT-001788,C00545,WHATSAPP,2026-07-10 19:00:00,19,6,False,,IGNORED
CT-001789,C00546,CALL,2026-07-25 20:00:00,20,4,False,,IGNORED
CT-001790,C00546,CALL,2026-08-21 13:00:00,13,5,False,,IGNORED
CT-001791,C00547,SMS,2026-08-09 11:00:00,11,6,False,,REJECTED
CT-001792,C00547,WHATSAPP,2026-08-05 07:00:00,7,8,True,0.81,ANSWERED
CT-001793,C00548,SMS,2026-06-21 18:00:00,18,4,True,0.52,ANSWERED
CT-001794,C00548,SMS,2026-08-26 15:00:00,15,5,True,5.21,ANSWERED
CT-001795,C00548,SMS,2026-09-10 14:00:00,14,7,False,,IGNORED
CT-001796,C00548,SMS,2026-08-24 23:00:00,23,2,False,,IGNORED
CT-001797,C00549,APP_PUSH,2026-07-10 18:00:00,18,4,True,0.03,ANSWERED
CT-001798,C00549,APP_PUSH,2026-06-25 22:00:00,22,7,False,,IGNORED
CT-001799,C00549,APP_PUSH,2026-09-04 12:00:00,12,7,False,,IGNORED
CT-001800,C00550,APP_PUSH,2026-08-14 11:00:00,11,3,False,,IGNORED
CT-001801,C00551,APP_PUSH,2026-08-09 13:00:00,13,3,False,,IGNORED
CT-001802,C00551,APP_PUSH,2026-06-24 15:00:00,15,4,False,,IGNORED
CT-001803,C00551,APP_PUSH,2026-08-08 14:00:00,14,2,True,6.64,ANSWERED
CT-001804,C00552,WHATSAPP,2026-06-22 09:00:00,9,2,True,2.15,ANSWERED
CT-001805,C00552,SMS,2026-08-13 06:00:00,6,8,True,0.61,ANSWERED
CT-001806,C00552,WHATSAPP,2026-07-31 13:00:00,13,5,True,0.39,ANSWERED
CT-001807,C00552,SMS,2026-08-01 07:00:00,7,11,True,2.11,ANSWERED
CT-001808,C00552,WHATSAPP,2026-09-03 03:00:00,3,6,False,,IGNORED
CT-001809,C00552,SMS,2026-07-02 07:00:00,7,7,False,,IGNORED
CT-001810,C00553,WHATSAPP,2026-07-11 15:00:00,15,4,False,,IGNORED
CT-001811,C00554,CALL,2026-08-07 14:00:00,14,7,False,,IGNORED
CT-001812,C00554,WHATSAPP,2026-06-30 07:00:00,7,5,False,,REJECTED
CT-001813,C00554,APP_PUSH,2026-06-24 06:00:00,6,8,False,,IGNORED
CT-001814,C00554,CALL,2026-07-11 01:00:00,1,10,False,,IGNORED
CT-001815,C00554,CALL,2026-08-01 00:00:00,0,4,True,1.37,ANSWERED
CT-001816,C00554,CALL,2026-07-21 06:00:00,6,5,True,2.41,ANSWERED
CT-001817,C00554,APP_PUSH,2026-07-25 09:00:00,9,8,False,,REJECTED
CT-001818,C00554,WHATSAPP,2026-07-02 04:00:00,4,7,False,,IGNORED
CT-001819,C00555,APP_PUSH,2026-07-03 19:00:00,19,0,False,,REJECTED
CT-001820,C00555,WHATSAPP,2026-07-24 14:00:00,14,4,False,,IGNORED
CT-001821,C00555,CALL,2026-08-24 18:00:00,18,0,False,,IGNORED
CT-001822,C00556,SMS,2026-08-13 16:00:00,16,4,False,,IGNORED
CT-001823,C00556,WHATSAPP,2026-07-07 17:00:00,17,8,False,,IGNORED
CT-001824,C00556,APP_PUSH,2026-06-22 12:00:00,12,6,False,,IGNORED
CT-001825,C00556,SMS,2026-07-22 12:00:00,12,5,True,1.9,ANSWERED
CT-001826,C00557,SMS,2026-08-03 08:00:00,8,1,False,,IGNORED
CT-001827,C00557,WHATSAPP,2026-06-16 04:00:00,4,2,False,,IGNORED
CT-001828,C00557,SMS,2026-08-16 07:00:00,7,6,False,,IGNORED
CT-001829,C00557,WHATSAPP,2026-08-27 08:00:00,8,4,False,,BOUNCED
CT-001830,C00557,WHATSAPP,2026-08-01 06:00:00,6,6,False,,IGNORED
CT-001831,C00557,WHATSAPP,2026-06-18 09:00:00,9,0,False,,BOUNCED
CT-001832,C00558,CALL,2026-08-01 10:00:00,10,1,False,,IGNORED
CT-001833,C00558,CALL,2026-09-06 11:00:00,11,1,True,0.35,ANSWERED
CT-001834,C00558,APP_PUSH,2026-07-15 10:00:00,10,1,True,2.42,ANSWERED
CT-001835,C00558,SMS,2026-06-25 12:00:00,12,6,True,1.96,ANSWERED
CT-001836,C00559,SMS,2026-07-12 13:00:00,13,8,False,,IGNORED
CT-001837,C00559,APP_PUSH,2026-07-25 10:00:00,10,5,False,,BOUNCED
CT-001838,C00560,APP_PUSH,2026-08-16 10:00:00,10,5,False,,IGNORED
CT-001839,C00560,CALL,2026-09-07 08:00:00,8,2,True,0.91,ANSWERED
CT-001840,C00561,APP_PUSH,2026-09-02 06:00:00,6,4,False,,BOUNCED
CT-001841,C00562,CALL,2026-07-11 06:00:00,6,4,True,0.86,ANSWERED
CT-001842,C00562,WHATSAPP,2026-07-25 10:00:00,10,0,True,0.22,ANSWERED
CT-001843,C00563,CALL,2026-08-02 18:00:00,18,1,False,,BOUNCED
CT-001844,C00563,WHATSAPP,2026-06-24 23:00:00,23,6,False,,IGNORED
CT-001845,C00563,CALL,2026-07-10 23:00:00,23,4,True,1.02,ANSWERED
CT-001846,C00563,CALL,2026-07-30 20:00:00,20,4,True,1.71,ANSWERED
CT-001847,C00565,CALL,2026-07-02 08:00:00,8,4,False,,IGNORED
CT-001848,C00565,APP_PUSH,2026-09-05 03:00:00,3,6,True,2.28,ANSWERED
CT-001849,C00565,CALL,2026-08-10 06:00:00,6,8,False,,IGNORED
CT-001850,C00566,WHATSAPP,2026-07-06 16:00:00,16,0,False,,IGNORED
CT-001851,C00566,SMS,2026-07-29 10:00:00,10,5,False,,IGNORED
CT-001852,C00566,WHATSAPP,2026-08-15 11:00:00,11,2,False,,IGNORED
CT-001853,C00567,SMS,2026-08-08 15:00:00,15,4,False,,IGNORED
CT-001854,C00567,APP_PUSH,2026-08-11 06:00:00,6,4,True,0.93,ANSWERED
CT-001855,C00567,WHATSAPP,2026-06-18 09:00:00,9,3,False,,IGNORED
CT-001856,C00567,WHATSAPP,2026-09-05 08:00:00,8,4,False,,BOUNCED
CT-001857,C00568,SMS,2026-07-23 08:00:00,8,7,False,,IGNORED
CT-001858,C00568,SMS,2026-07-20 10:00:00,10,6,False,,IGNORED
CT-001859,C00568,APP_PUSH,2026-08-16 10:00:00,10,6,False,,BOUNCED
CT-001860,C00569,WHATSAPP,2026-08-06 12:00:00,12,5,False,,IGNORED
CT-001861,C00569,SMS,2026-08-02 11:00:00,11,5,True,3.68,ANSWERED
CT-001862,C00569,SMS,2026-06-28 10:00:00,10,4,True,1.89,ANSWERED
CT-001863,C00570,APP_PUSH,2026-09-04 08:00:00,8,5,False,,IGNORED
CT-001864,C00570,CALL,2026-07-24 07:00:00,7,6,False,,IGNORED
CT-001865,C00570,CALL,2026-07-08 14:00:00,14,1,False,,IGNORED
CT-001866,C00571,APP_PUSH,2026-06-30 13:00:00,13,7,True,1.14,ANSWERED
CT-001867,C00571,APP_PUSH,2026-06-24 11:00:00,11,6,False,,IGNORED
CT-001868,C00571,WHATSAPP,2026-06-16 18:00:00,18,6,False,,IGNORED
CT-001869,C00571,SMS,2026-07-14 13:00:00,13,5,False,,IGNORED
CT-001870,C00572,SMS,2026-08-30 18:00:00,18,0,False,,IGNORED
CT-001871,C00572,WHATSAPP,2026-08-01 09:00:00,9,3,False,,IGNORED
CT-001872,C00572,SMS,2026-07-14 15:00:00,15,1,False,,IGNORED
CT-001873,C00572,CALL,2026-09-12 17:00:00,17,1,True,12.84,ANSWERED
CT-001874,C00573,CALL,2026-09-05 11:00:00,11,5,True,2.46,ANSWERED
CT-001875,C00573,APP_PUSH,2026-07-29 04:00:00,4,5,False,,IGNORED
CT-001876,C00573,CALL,2026-07-17 08:00:00,8,6,True,0.91,ANSWERED
CT-001877,C00573,CALL,2026-07-02 14:00:00,14,5,False,,IGNORED
CT-001878,C00574,CALL,2026-06-17 09:00:00,9,7,False,,IGNORED
CT-001879,C00575,CALL,2026-08-29 14:00:00,14,4,False,,IGNORED
CT-001880,C00575,SMS,2026-08-12 09:00:00,9,2,False,,IGNORED
CT-001881,C00576,WHATSAPP,2026-06-20 17:00:00,17,7,False,,IGNORED
CT-001882,C00576,APP_PUSH,2026-06-24 11:00:00,11,6,False,,IGNORED
CT-001883,C00576,APP_PUSH,2026-06-28 15:00:00,15,10,False,,IGNORED
CT-001884,C00577,SMS,2026-06-19 09:00:00,9,7,False,,BOUNCED
CT-001885,C00577,SMS,2026-09-01 15:00:00,15,2,True,1.33,ANSWERED
CT-001886,C00577,WHATSAPP,2026-06-16 11:00:00,11,2,False,,IGNORED
CT-001887,C00577,APP_PUSH,2026-06-15 14:00:00,14,3,False,,IGNORED
CT-001888,C00577,WHATSAPP,2026-08-13 09:00:00,9,8,False,,IGNORED
CT-001889,C00577,SMS,2026-06-17 11:00:00,11,7,False,,IGNORED
CT-001890,C00577,WHATSAPP,2026-08-19 14:00:00,14,4,False,,IGNORED
CT-001891,C00577,CALL,2026-07-05 14:00:00,14,4,False,,IGNORED
CT-001892,C00577,SMS,2026-07-31 13:00:00,13,8,False,,IGNORED
CT-001893,C00579,APP_PUSH,2026-08-25 16:00:00,16,1,False,,IGNORED
CT-001894,C00579,SMS,2026-06-19 14:00:00,14,3,False,,IGNORED
CT-001895,C00579,APP_PUSH,2026-07-15 18:00:00,18,2,False,,REJECTED
CT-001896,C00580,APP_PUSH,2026-07-14 12:00:00,12,4,False,,IGNORED
CT-001897,C00580,CALL,2026-07-03 16:00:00,16,5,False,,REJECTED
CT-001898,C00580,CALL,2026-08-29 16:00:00,16,8,False,,IGNORED
CT-001899,C00581,CALL,2026-08-15 17:00:00,17,4,False,,IGNORED
CT-001900,C00581,SMS,2026-07-25 23:00:00,23,0,False,,IGNORED
CT-001901,C00581,CALL,2026-07-29 19:00:00,19,9,False,,BOUNCED
CT-001902,C00582,CALL,2026-08-02 21:00:00,21,7,False,,IGNORED
CT-001903,C00583,WHATSAPP,2026-08-09 05:00:00,5,7,False,,IGNORED
CT-001904,C00583,WHATSAPP,2026-08-07 13:00:00,13,2,False,,BOUNCED
CT-001905,C00583,WHATSAPP,2026-07-13 09:00:00,9,4,False,,IGNORED
CT-001906,C00583,WHATSAPP,2026-06-20 09:00:00,9,4,False,,IGNORED
CT-001907,C00584,APP_PUSH,2026-09-05 09:00:00,9,5,False,,IGNORED
CT-001908,C00584,CALL,2026-09-05 10:00:00,10,9,True,0.57,ANSWERED
CT-001909,C00584,SMS,2026-06-23 09:00:00,9,9,False,,IGNORED
CT-001910,C00585,SMS,2026-06-17 06:00:00,6,5,False,,IGNORED
CT-001911,C00585,WHATSAPP,2026-07-05 11:00:00,11,10,False,,IGNORED
CT-001912,C00586,WHATSAPP,2026-07-17 13:00:00,13,5,False,,IGNORED
CT-001913,C00586,CALL,2026-08-10 12:00:00,12,4,False,,REJECTED
CT-001914,C00587,APP_PUSH,2026-09-03 17:00:00,17,5,True,3.52,ANSWERED
CT-001915,C00587,APP_PUSH,2026-07-10 15:00:00,15,4,False,,IGNORED
CT-001916,C00587,WHATSAPP,2026-07-04 20:00:00,20,4,True,6.05,ANSWERED
CT-001917,C00588,APP_PUSH,2026-08-25 22:00:00,22,7,False,,IGNORED
CT-001918,C00588,SMS,2026-06-30 18:00:00,18,7,False,,IGNORED
CT-001919,C00589,APP_PUSH,2026-09-11 12:00:00,12,2,False,,IGNORED
CT-001920,C00589,APP_PUSH,2026-07-03 15:00:00,15,4,False,,IGNORED
CT-001921,C00590,SMS,2026-07-11 16:00:00,16,2,True,1.98,ANSWERED
CT-001922,C00590,WHATSAPP,2026-07-17 22:00:00,22,2,False,,IGNORED
CT-001923,C00590,SMS,2026-09-02 17:00:00,17,3,True,3.49,ANSWERED
CT-001924,C00590,SMS,2026-06-29 15:00:00,15,0,True,4.21,ANSWERED
CT-001925,C00590,SMS,2026-06-26 16:00:00,16,4,False,,IGNORED
CT-001926,C00590,CALL,2026-07-04 20:00:00,20,4,False,,IGNORED
CT-001927,C00591,CALL,2026-08-06 12:00:00,12,4,True,0.08,ANSWERED
CT-001928,C00591,CALL,2026-08-06 12:00:00,12,3,True,4.8,ANSWERED
CT-001929,C00591,CALL,2026-06-23 12:00:00,12,1,False,,REJECTED
CT-001930,C00591,CALL,2026-09-11 09:00:00,9,7,False,,IGNORED
CT-001931,C00592,CALL,2026-08-24 14:00:00,14,6,True,5.99,ANSWERED
CT-001932,C00592,CALL,2026-07-24 15:00:00,15,3,False,,IGNORED
CT-001933,C00592,CALL,2026-07-24 18:00:00,18,8,False,,IGNORED
CT-001934,C00592,CALL,2026-08-22 11:00:00,11,7,True,2.07,ANSWERED
CT-001935,C00592,CALL,2026-08-24 18:00:00,18,5,False,,IGNORED
CT-001936,C00592,SMS,2026-06-29 16:00:00,16,6,False,,IGNORED
CT-001937,C00592,CALL,2026-07-29 15:00:00,15,5,True,0.95,ANSWERED
CT-001938,C00592,CALL,2026-06-30 09:00:00,9,2,True,0.36,ANSWERED
CT-001939,C00592,SMS,2026-08-12 14:00:00,14,9,False,,BOUNCED
CT-001940,C00592,CALL,2026-08-16 12:00:00,12,5,True,5.31,ANSWERED
CT-001941,C00593,APP_PUSH,2026-08-19 15:00:00,15,2,False,,IGNORED
CT-001942,C00594,SMS,2026-07-01 21:00:00,21,4,True,1.84,ANSWERED
CT-001943,C00594,SMS,2026-06-27 23:00:00,23,7,True,1.56,ANSWERED
CT-001944,C00594,SMS,2026-07-27 14:00:00,14,6,True,5.85,ANSWERED
CT-001945,C00595,SMS,2026-07-14 12:00:00,12,5,False,,IGNORED
CT-001946,C00595,SMS,2026-08-16 14:00:00,14,7,False,,IGNORED
CT-001947,C00595,SMS,2026-06-19 14:00:00,14,1,True,0.27,ANSWERED
CT-001948,C00595,SMS,2026-08-08 09:00:00,9,5,True,3.36,ANSWERED
CT-001949,C00596,WHATSAPP,2026-09-09 15:00:00,15,6,False,,IGNORED
CT-001950,C00596,APP_PUSH,2026-08-27 15:00:00,15,4,False,,IGNORED
CT-001951,C00596,APP_PUSH,2026-07-22 17:00:00,17,5,True,1.83,ANSWERED
CT-001952,C00596,APP_PUSH,2026-08-04 21:00:00,21,7,True,6.03,ANSWERED
CT-001953,C00596,APP_PUSH,2026-06-15 19:00:00,19,5,False,,IGNORED
CT-001954,C00597,SMS,2026-07-29 12:00:00,12,4,True,3.46,ANSWERED
CT-001955,C00598,CALL,2026-09-06 22:00:00,22,3,False,,REJECTED
CT-001956,C00598,APP_PUSH,2026-08-07 19:00:00,19,0,True,2.08,ANSWERED
CT-001957,C00599,APP_PUSH,2026-07-08 16:00:00,16,5,False,,IGNORED
CT-001958,C00599,CALL,2026-07-31 14:00:00,14,4,True,0.69,ANSWERED
CT-001959,C00599,SMS,2026-07-27 17:00:00,17,2,False,,BOUNCED
CT-001960,C00599,CALL,2026-06-18 13:00:00,13,1,True,1.61,ANSWERED
CT-001961,C00599,CALL,2026-09-09 15:00:00,15,2,True,4.71,ANSWERED
CT-001962,C00599,CALL,2026-07-28 13:00:00,13,0,False,,IGNORED
CT-001963,C00600,WHATSAPP,2026-08-20 15:00:00,15,6,False,,IGNORED
CT-001964,C00600,CALL,2026-07-05 17:00:00,17,1,False,,REJECTED
CT-001965,C00600,CALL,2026-06-23 16:00:00,16,7,True,3.11,ANSWERED
CT-001966,C00600,SMS,2026-09-02 16:00:00,16,3,False,,IGNORED
CT-001967,C00600,CALL,2026-07-24 16:00:00,16,1,False,,REJECTED
CT-001968,C00601,WHATSAPP,2026-07-05 23:00:00,23,10,False,,IGNORED
CT-001969,C00602,APP_PUSH,2026-07-09 06:00:00,6,6,False,,IGNORED
CT-001970,C00602,APP_PUSH,2026-08-12 04:00:00,4,4,False,,IGNORED
CT-001971,C00602,APP_PUSH,2026-08-18 02:00:00,2,6,True,3.98,ANSWERED
CT-001972,C00603,WHATSAPP,2026-07-25 18:00:00,18,2,True,4.83,ANSWERED
CT-001973,C00603,WHATSAPP,2026-08-16 17:00:00,17,1,True,1.07,ANSWERED
CT-001974,C00603,APP_PUSH,2026-06-28 15:00:00,15,0,False,,IGNORED
CT-001975,C00603,WHATSAPP,2026-07-14 23:00:00,23,2,False,,IGNORED
CT-001976,C00603,WHATSAPP,2026-08-15 18:00:00,18,-1,True,1.68,ANSWERED
CT-001977,C00604,APP_PUSH,2026-08-11 15:00:00,15,6,False,,IGNORED
CT-001978,C00604,APP_PUSH,2026-08-05 13:00:00,13,7,False,,IGNORED
CT-001979,C00604,APP_PUSH,2026-07-18 18:00:00,18,7,True,3.03,ANSWERED
CT-001980,C00604,APP_PUSH,2026-07-20 14:00:00,14,8,False,,IGNORED
CT-001981,C00605,SMS,2026-07-08 14:00:00,14,6,True,1.59,ANSWERED
CT-001982,C00605,WHATSAPP,2026-08-12 17:00:00,17,5,False,,IGNORED
CT-001983,C00605,WHATSAPP,2026-06-18 17:00:00,17,6,True,0.83,ANSWERED
CT-001984,C00605,WHATSAPP,2026-07-16 16:00:00,16,5,False,,BOUNCED
CT-001985,C00605,SMS,2026-08-20 18:00:00,18,7,False,,BOUNCED
CT-001986,C00605,WHATSAPP,2026-09-02 16:00:00,16,6,False,,IGNORED
CT-001987,C00606,SMS,2026-08-26 22:00:00,22,9,False,,IGNORED
CT-001988,C00606,SMS,2026-08-07 18:00:00,18,6,False,,IGNORED
CT-001989,C00606,WHATSAPP,2026-07-20 14:00:00,14,9,True,2.1,ANSWERED
CT-001990,C00606,WHATSAPP,2026-09-09 18:00:00,18,4,True,1.02,ANSWERED
CT-001991,C00606,APP_PUSH,2026-08-13 18:00:00,18,9,False,,IGNORED
CT-001992,C00607,APP_PUSH,2026-07-08 11:00:00,11,6,False,,REJECTED
CT-001993,C00607,WHATSAPP,2026-09-11 07:00:00,7,10,False,,IGNORED
CT-001994,C00607,APP_PUSH,2026-08-27 13:00:00,13,5,False,,IGNORED
CT-001995,C00607,CALL,2026-08-09 10:00:00,10,10,False,,IGNORED
CT-001996,C00607,APP_PUSH,2026-08-08 06:00:00,6,10,False,,IGNORED
CT-001997,C00607,CALL,2026-06-27 11:00:00,11,9,False,,IGNORED
CT-001998,C00608,SMS,2026-08-16 15:00:00,15,5,False,,REJECTED
CT-001999,C00608,CALL,2026-07-04 11:00:00,11,6,False,,IGNORED
CT-002000,C00608,CALL,2026-09-01 16:00:00,16,6,False,,REJECTED
CT-002001,C00608,SMS,2026-08-02 11:00:00,11,1,True,2.08,ANSWERED
CT-002002,C00609,WHATSAPP,2026-08-24 11:00:00,11,3,True,1.59,ANSWERED
CT-002003,C00610,APP_PUSH,2026-07-06 20:00:00,20,6,False,,IGNORED
CT-002004,C00610,APP_PUSH,2026-09-12 20:00:00,20,6,True,0.29,ANSWERED
CT-002005,C00610,APP_PUSH,2026-06-24 22:00:00,22,5,False,,IGNORED
CT-002006,C00610,APP_PUSH,2026-08-17 19:00:00,19,3,False,,IGNORED
CT-002007,C00611,CALL,2026-07-18 08:00:00,8,7,False,,IGNORED
CT-002008,C00611,APP_PUSH,2026-07-13 05:00:00,5,7,True,2.73,ANSWERED
CT-002009,C00612,APP_PUSH,2026-08-30 11:00:00,11,4,True,3.87,ANSWERED
CT-002010,C00612,APP_PUSH,2026-06-22 11:00:00,11,4,True,5.93,ANSWERED
CT-002011,C00613,SMS,2026-07-31 23:00:00,23,1,False,,REJECTED
CT-002012,C00613,APP_PUSH,2026-07-20 21:00:00,21,5,False,,IGNORED
CT-002013,C00613,SMS,2026-08-01 23:00:00,23,0,True,2.48,ANSWERED
CT-002014,C00613,CALL,2026-09-06 15:00:00,15,2,False,,REJECTED
CT-002015,C00613,APP_PUSH,2026-07-03 21:00:00,21,2,False,,IGNORED
CT-002016,C00613,SMS,2026-07-20 16:00:00,16,2,True,1.01,ANSWERED
CT-002017,C00613,CALL,2026-08-03 12:00:00,12,0,False,,IGNORED
CT-002018,C00613,SMS,2026-08-16 21:00:00,21,2,True,0.71,ANSWERED
CT-002019,C00613,SMS,2026-06-27 18:00:00,18,0,False,,REJECTED
CT-002020,C00613,APP_PUSH,2026-08-21 23:00:00,23,1,False,,IGNORED
CT-002021,C00614,SMS,2026-08-09 12:00:00,12,5,False,,IGNORED
CT-002022,C00614,SMS,2026-06-22 11:00:00,11,3,True,1.37,ANSWERED
CT-002023,C00614,SMS,2026-07-06 20:00:00,20,7,True,0.74,ANSWERED
CT-002024,C00614,APP_PUSH,2026-07-15 20:00:00,20,10,False,,IGNORED
CT-002025,C00615,APP_PUSH,2026-08-02 21:00:00,21,4,False,,IGNORED
CT-002026,C00615,APP_PUSH,2026-08-04 17:00:00,17,5,True,2.24,ANSWERED
CT-002027,C00615,APP_PUSH,2026-09-08 16:00:00,16,5,True,4.48,ANSWERED
CT-002028,C00616,APP_PUSH,2026-08-26 14:00:00,14,9,False,,IGNORED
CT-002029,C00616,WHATSAPP,2026-07-13 12:00:00,12,5,True,1.85,ANSWERED
CT-002030,C00616,WHATSAPP,2026-07-30 14:00:00,14,4,True,0.16,ANSWERED
CT-002031,C00616,CALL,2026-06-17 08:00:00,8,2,False,,IGNORED
CT-002032,C00616,WHATSAPP,2026-07-14 07:00:00,7,3,False,,REJECTED
CT-002033,C00617,APP_PUSH,2026-06-30 16:00:00,16,1,False,,IGNORED
CT-002034,C00617,WHATSAPP,2026-08-06 11:00:00,11,3,False,,IGNORED
CT-002035,C00618,APP_PUSH,2026-06-28 09:00:00,9,1,False,,BOUNCED
CT-002036,C00618,APP_PUSH,2026-08-06 08:00:00,8,3,True,0.11,ANSWERED
CT-002037,C00618,APP_PUSH,2026-07-13 05:00:00,5,3,True,1.5,ANSWERED
CT-002038,C00618,APP_PUSH,2026-08-27 08:00:00,8,2,False,,IGNORED
CT-002039,C00619,CALL,2026-08-31 18:00:00,18,7,False,,IGNORED
CT-002040,C00619,CALL,2026-07-08 20:00:00,20,9,True,3.86,ANSWERED
CT-002041,C00619,SMS,2026-07-10 23:00:00,23,4,False,,IGNORED
CT-002042,C00620,WHATSAPP,2026-08-18 11:00:00,11,9,True,1.85,ANSWERED
CT-002043,C00621,CALL,2026-07-02 20:00:00,20,2,False,,REJECTED
CT-002044,C00621,CALL,2026-07-18 13:00:00,13,1,False,,REJECTED
CT-002045,C00621,APP_PUSH,2026-07-31 15:00:00,15,5,True,0.2,ANSWERED
CT-002046,C00621,CALL,2026-08-08 16:00:00,16,3,False,,IGNORED
CT-002047,C00621,CALL,2026-08-05 15:00:00,15,1,False,,REJECTED
CT-002048,C00621,WHATSAPP,2026-07-10 19:00:00,19,0,False,,REJECTED
CT-002049,C00621,CALL,2026-07-06 17:00:00,17,6,False,,IGNORED
CT-002050,C00622,SMS,2026-08-02 19:00:00,19,8,True,0.4,ANSWERED
CT-002051,C00623,WHATSAPP,2026-07-13 13:00:00,13,3,True,5.72,ANSWERED
CT-002052,C00623,WHATSAPP,2026-07-28 14:00:00,14,2,True,4.82,ANSWERED
CT-002053,C00623,WHATSAPP,2026-08-01 10:00:00,10,2,False,,IGNORED
CT-002054,C00623,SMS,2026-08-02 07:00:00,7,4,True,3.53,ANSWERED
CT-002055,C00623,WHATSAPP,2026-07-22 08:00:00,8,4,True,2.54,ANSWERED
CT-002056,C00623,APP_PUSH,2026-06-17 10:00:00,10,2,False,,IGNORED
CT-002057,C00623,APP_PUSH,2026-08-08 11:00:00,11,2,False,,IGNORED
CT-002058,C00624,CALL,2026-08-30 17:00:00,17,3,False,,IGNORED
CT-002059,C00624,SMS,2026-07-06 20:00:00,20,4,False,,BOUNCED
CT-002060,C00625,WHATSAPP,2026-08-29 17:00:00,17,7,False,,IGNORED
CT-002061,C00625,SMS,2026-08-25 17:00:00,17,6,False,,IGNORED
CT-002062,C00625,WHATSAPP,2026-08-10 16:00:00,16,3,False,,IGNORED
CT-002063,C00625,WHATSAPP,2026-07-15 17:00:00,17,7,False,,IGNORED
CT-002064,C00625,CALL,2026-07-17 18:00:00,18,4,False,,BOUNCED
CT-002065,C00625,APP_PUSH,2026-09-03 20:00:00,20,2,True,1.81,ANSWERED
CT-002066,C00625,SMS,2026-08-08 17:00:00,17,4,False,,IGNORED
CT-002067,C00625,APP_PUSH,2026-09-10 14:00:00,14,6,False,,IGNORED
CT-002068,C00626,APP_PUSH,2026-07-20 11:00:00,11,5,True,3.73,ANSWERED
CT-002069,C00627,SMS,2026-09-05 10:00:00,10,1,False,,REJECTED
CT-002070,C00627,CALL,2026-07-26 09:00:00,9,1,False,,REJECTED
CT-002071,C00627,CALL,2026-06-16 05:00:00,5,0,False,,IGNORED
CT-002072,C00627,APP_PUSH,2026-07-07 11:00:00,11,1,True,0.67,ANSWERED
CT-002073,C00629,CALL,2026-08-03 09:00:00,9,4,False,,REJECTED
CT-002074,C00629,CALL,2026-08-10 07:00:00,7,7,True,1.6,ANSWERED
CT-002075,C00629,CALL,2026-07-27 06:00:00,6,11,True,1.14,ANSWERED
CT-002076,C00630,WHATSAPP,2026-07-05 16:00:00,16,5,False,,IGNORED
CT-002077,C00630,APP_PUSH,2026-08-09 17:00:00,17,6,False,,IGNORED
CT-002078,C00630,SMS,2026-08-17 12:00:00,12,6,True,3.14,ANSWERED
CT-002079,C00631,SMS,2026-07-29 20:00:00,20,6,True,2.39,ANSWERED
CT-002080,C00631,APP_PUSH,2026-07-05 20:00:00,20,7,False,,IGNORED
CT-002081,C00631,SMS,2026-09-04 14:00:00,14,4,False,,REJECTED
CT-002082,C00631,SMS,2026-07-24 17:00:00,17,3,False,,IGNORED
CT-002083,C00631,WHATSAPP,2026-08-14 18:00:00,18,6,False,,IGNORED
CT-002084,C00631,WHATSAPP,2026-07-02 13:00:00,13,8,False,,IGNORED
CT-002085,C00631,APP_PUSH,2026-08-06 16:00:00,16,6,False,,BOUNCED
CT-002086,C00632,CALL,2026-07-08 12:00:00,12,6,False,,IGNORED
CT-002087,C00633,SMS,2026-07-21 15:00:00,15,0,False,,IGNORED
CT-002088,C00633,CALL,2026-09-06 13:00:00,13,1,False,,IGNORED
CT-002089,C00633,CALL,2026-06-18 12:00:00,12,2,True,5.99,ANSWERED
CT-002090,C00633,SMS,2026-08-28 12:00:00,12,0,False,,IGNORED
CT-002091,C00634,APP_PUSH,2026-06-30 10:00:00,10,1,False,,REJECTED
CT-002092,C00634,CALL,2026-08-15 11:00:00,11,4,True,1.98,ANSWERED
CT-002093,C00634,APP_PUSH,2026-08-22 13:00:00,13,7,False,,BOUNCED
CT-002094,C00634,CALL,2026-09-01 11:00:00,11,3,False,,IGNORED
CT-002095,C00634,WHATSAPP,2026-06-18 10:00:00,10,2,False,,IGNORED
CT-002096,C00634,APP_PUSH,2026-08-28 10:00:00,10,2,False,,REJECTED
CT-002097,C00634,WHATSAPP,2026-06-15 10:00:00,10,3,False,,IGNORED
CT-002098,C00635,APP_PUSH,2026-08-16 16:00:00,16,5,False,,BOUNCED
CT-002099,C00635,SMS,2026-07-08 19:00:00,19,8,False,,IGNORED
CT-002100,C00635,WHATSAPP,2026-08-01 21:00:00,21,6,False,,IGNORED
CT-002101,C00635,APP_PUSH,2026-08-12 15:00:00,15,8,False,,IGNORED
CT-002102,C00636,SMS,2026-08-28 13:00:00,13,6,True,2.04,ANSWERED
CT-002103,C00637,SMS,2026-07-26 15:00:00,15,6,False,,IGNORED
CT-002104,C00637,SMS,2026-09-07 08:00:00,8,4,False,,IGNORED
CT-002105,C00637,SMS,2026-08-09 07:00:00,7,3,False,,IGNORED
CT-002106,C00638,WHATSAPP,2026-06-24 17:00:00,17,4,False,,REJECTED
CT-002107,C00638,APP_PUSH,2026-06-27 16:00:00,16,4,False,,IGNORED
CT-002108,C00638,CALL,2026-07-23 13:00:00,13,6,False,,IGNORED
CT-002109,C00638,SMS,2026-06-20 14:00:00,14,5,False,,BOUNCED
CT-002110,C00638,SMS,2026-09-04 14:00:00,14,3,False,,IGNORED
CT-002111,C00638,CALL,2026-07-06 13:00:00,13,5,True,1.1,ANSWERED
CT-002112,C00639,WHATSAPP,2026-08-18 14:00:00,14,9,False,,BOUNCED
CT-002113,C00639,APP_PUSH,2026-09-03 13:00:00,13,8,False,,REJECTED
CT-002114,C00639,APP_PUSH,2026-06-23 17:00:00,17,7,False,,IGNORED
CT-002115,C00640,SMS,2026-08-23 13:00:00,13,10,False,,IGNORED
CT-002116,C00642,WHATSAPP,2026-08-07 09:00:00,9,1,True,6.2,ANSWERED
CT-002117,C00642,APP_PUSH,2026-07-17 09:00:00,9,5,False,,IGNORED
CT-002118,C00643,APP_PUSH,2026-08-14 21:00:00,21,1,False,,IGNORED
CT-002119,C00643,APP_PUSH,2026-07-13 23:00:00,23,10,False,,BOUNCED
CT-002120,C00644,CALL,2026-08-13 14:00:00,14,2,True,1.17,ANSWERED
CT-002121,C00644,CALL,2026-08-23 17:00:00,17,3,True,3.29,ANSWERED
CT-002122,C00645,SMS,2026-07-06 13:00:00,13,4,False,,BOUNCED
CT-002123,C00645,SMS,2026-08-04 12:00:00,12,3,False,,IGNORED
CT-002124,C00645,SMS,2026-06-20 04:00:00,4,6,False,,IGNORED
CT-002125,C00646,APP_PUSH,2026-07-10 09:00:00,9,6,False,,REJECTED
CT-002126,C00646,CALL,2026-09-11 10:00:00,10,7,True,2.09,ANSWERED
CT-002127,C00646,CALL,2026-09-12 06:00:00,6,5,False,,IGNORED
CT-002128,C00647,CALL,2026-07-24 17:00:00,17,9,False,,IGNORED
CT-002129,C00647,WHATSAPP,2026-07-15 13:00:00,13,8,False,,IGNORED
CT-002130,C00648,APP_PUSH,2026-06-26 18:00:00,18,0,False,,IGNORED
CT-002131,C00648,APP_PUSH,2026-07-03 12:00:00,12,4,True,1.58,ANSWERED
CT-002132,C00648,APP_PUSH,2026-08-18 12:00:00,12,6,False,,IGNORED
CT-002133,C00648,APP_PUSH,2026-07-08 16:00:00,16,6,False,,BOUNCED
CT-002134,C00648,APP_PUSH,2026-06-23 15:00:00,15,3,True,0.3,ANSWERED
CT-002135,C00648,WHATSAPP,2026-07-28 18:00:00,18,3,False,,IGNORED
CT-002136,C00649,CALL,2026-08-04 11:00:00,11,0,True,2.89,ANSWERED
CT-002137,C00649,CALL,2026-09-03 17:00:00,17,4,True,3.38,ANSWERED
CT-002138,C00650,APP_PUSH,2026-06-27 21:00:00,21,0,False,,IGNORED
CT-002139,C00650,APP_PUSH,2026-08-03 20:00:00,20,2,True,1.39,ANSWERED
CT-002140,C00650,APP_PUSH,2026-06-19 23:00:00,23,1,True,1.02,ANSWERED
CT-002141,C00650,APP_PUSH,2026-07-10 19:00:00,19,3,False,,IGNORED
CT-002142,C00651,SMS,2026-08-26 19:00:00,19,2,True,0.48,ANSWERED
CT-002143,C00651,WHATSAPP,2026-06-20 19:00:00,19,7,False,,BOUNCED
CT-002144,C00651,SMS,2026-08-14 18:00:00,18,7,True,3.81,ANSWERED
CT-002145,C00652,CALL,2026-08-22 07:00:00,7,5,False,,REJECTED
CT-002146,C00653,WHATSAPP,2026-08-20 20:00:00,20,1,False,,IGNORED
CT-002147,C00653,WHATSAPP,2026-06-15 10:00:00,10,5,True,0.3,ANSWERED
CT-002148,C00653,WHATSAPP,2026-08-12 13:00:00,13,9,False,,IGNORED
CT-002149,C00654,APP_PUSH,2026-06-19 23:00:00,23,3,False,,IGNORED
CT-002150,C00654,APP_PUSH,2026-08-04 15:00:00,15,3,False,,IGNORED
CT-002151,C00654,SMS,2026-09-10 18:00:00,18,5,False,,IGNORED
CT-002152,C00654,CALL,2026-08-08 14:00:00,14,7,False,,IGNORED
CT-002153,C00655,CALL,2026-07-20 16:00:00,16,1,True,4.77,ANSWERED
CT-002154,C00655,WHATSAPP,2026-08-18 19:00:00,19,3,False,,IGNORED
CT-002155,C00655,WHATSAPP,2026-06-19 19:00:00,19,5,True,1.32,ANSWERED
CT-002156,C00655,WHATSAPP,2026-07-30 19:00:00,19,0,False,,IGNORED
CT-002157,C00656,SMS,2026-08-22 07:00:00,7,2,True,0.32,ANSWERED
CT-002158,C00656,WHATSAPP,2026-08-31 05:00:00,5,6,False,,REJECTED
CT-002159,C00656,SMS,2026-08-08 12:00:00,12,4,True,1.73,ANSWERED
CT-002160,C00657,APP_PUSH,2026-09-06 12:00:00,12,4,False,,BOUNCED
CT-002161,C00657,SMS,2026-07-31 15:00:00,15,5,False,,IGNORED
CT-002162,C00657,SMS,2026-08-09 11:00:00,11,2,False,,REJECTED
CT-002163,C00658,SMS,2026-08-13 13:00:00,13,8,False,,IGNORED
CT-002164,C00658,APP_PUSH,2026-06-17 10:00:00,10,7,False,,REJECTED
CT-002165,C00658,APP_PUSH,2026-07-12 18:00:00,18,8,False,,IGNORED
CT-002166,C00658,SMS,2026-06-30 20:00:00,20,4,False,,IGNORED
CT-002167,C00659,APP_PUSH,2026-08-23 13:00:00,13,4,False,,REJECTED
CT-002168,C00659,CALL,2026-09-06 10:00:00,10,3,True,3.62,ANSWERED
CT-002169,C00659,CALL,2026-07-20 08:00:00,8,7,False,,IGNORED
CT-002170,C00660,SMS,2026-08-18 15:00:00,15,6,False,,IGNORED
CT-002171,C00660,SMS,2026-08-16 21:00:00,21,8,False,,IGNORED
CT-002172,C00660,APP_PUSH,2026-07-02 14:00:00,14,7,False,,IGNORED
CT-002173,C00660,WHATSAPP,2026-08-08 21:00:00,21,6,False,,IGNORED
CT-002174,C00661,WHATSAPP,2026-08-17 22:00:00,22,3,True,0.19,ANSWERED
CT-002175,C00663,APP_PUSH,2026-06-27 14:00:00,14,7,False,,IGNORED
CT-002176,C00663,WHATSAPP,2026-07-20 14:00:00,14,-1,False,,BOUNCED
CT-002177,C00663,SMS,2026-08-18 21:00:00,21,0,False,,IGNORED
CT-002178,C00663,APP_PUSH,2026-08-06 14:00:00,14,6,False,,REJECTED
CT-002179,C00664,WHATSAPP,2026-07-29 14:00:00,14,3,True,0.62,ANSWERED
CT-002180,C00664,WHATSAPP,2026-08-14 17:00:00,17,0,True,6.81,ANSWERED
CT-002181,C00664,CALL,2026-08-17 14:00:00,14,4,False,,IGNORED
CT-002182,C00664,APP_PUSH,2026-08-01 10:00:00,10,2,True,1.1,ANSWERED
CT-002183,C00664,WHATSAPP,2026-06-26 12:00:00,12,5,False,,IGNORED
CT-002184,C00664,SMS,2026-08-31 16:00:00,16,0,False,,IGNORED
CT-002185,C00665,WHATSAPP,2026-07-26 13:00:00,13,6,False,,IGNORED
CT-002186,C00666,CALL,2026-08-03 08:00:00,8,7,True,0.29,ANSWERED
CT-002187,C00666,CALL,2026-08-14 11:00:00,11,3,False,,IGNORED
CT-002188,C00666,CALL,2026-08-31 07:00:00,7,0,False,,REJECTED
CT-002189,C00666,SMS,2026-07-25 06:00:00,6,5,False,,REJECTED
CT-002190,C00666,CALL,2026-08-25 03:00:00,3,1,False,,REJECTED
CT-002191,C00667,SMS,2026-06-20 09:00:00,9,9,False,,REJECTED
CT-002192,C00667,CALL,2026-08-22 20:00:00,20,7,False,,IGNORED
CT-002193,C00667,CALL,2026-06-16 17:00:00,17,6,False,,IGNORED
CT-002194,C00667,SMS,2026-08-24 15:00:00,15,3,False,,IGNORED
CT-002195,C00667,CALL,2026-07-07 16:00:00,16,3,False,,IGNORED
CT-002196,C00668,SMS,2026-08-22 06:00:00,6,3,True,1.38,ANSWERED
CT-002197,C00668,CALL,2026-07-21 12:00:00,12,1,False,,IGNORED
CT-002198,C00668,SMS,2026-06-29 07:00:00,7,3,False,,IGNORED
CT-002199,C00668,CALL,2026-07-12 11:00:00,11,3,True,1.31,ANSWERED
CT-002200,C00668,APP_PUSH,2026-06-22 08:00:00,8,4,False,,IGNORED
CT-002201,C00668,CALL,2026-07-13 10:00:00,10,4,True,1.95,ANSWERED
CT-002202,C00668,SMS,2026-06-20 09:00:00,9,0,False,,IGNORED
CT-002203,C00668,SMS,2026-07-17 12:00:00,12,4,False,,IGNORED
CT-002204,C00669,SMS,2026-08-17 15:00:00,15,6,False,,IGNORED
CT-002205,C00669,SMS,2026-08-24 17:00:00,17,6,False,,IGNORED
CT-002206,C00669,SMS,2026-08-14 13:00:00,13,4,True,0.04,ANSWERED
CT-002207,C00670,CALL,2026-09-09 21:00:00,21,5,False,,REJECTED
CT-002208,C00670,SMS,2026-09-10 10:00:00,10,4,False,,IGNORED
CT-002209,C00670,APP_PUSH,2026-07-05 07:00:00,7,2,False,,IGNORED
CT-002210,C00670,CALL,2026-06-15 10:00:00,10,4,False,,BOUNCED
CT-002211,C00670,APP_PUSH,2026-08-03 11:00:00,11,2,False,,IGNORED
CT-002212,C00670,SMS,2026-08-18 14:00:00,14,7,False,,IGNORED
CT-002213,C00670,APP_PUSH,2026-06-30 09:00:00,9,8,False,,IGNORED
CT-002214,C00672,CALL,2026-07-09 19:00:00,19,5,False,,IGNORED
CT-002215,C00672,CALL,2026-06-25 21:00:00,21,5,False,,IGNORED
CT-002216,C00672,WHATSAPP,2026-08-26 16:00:00,16,4,True,0.9,ANSWERED
CT-002217,C00673,SMS,2026-08-22 20:00:00,20,5,False,,REJECTED
CT-002218,C00673,CALL,2026-06-16 23:00:00,23,5,False,,IGNORED
CT-002219,C00673,CALL,2026-08-01 21:00:00,21,4,True,0.73,ANSWERED
CT-002220,C00673,APP_PUSH,2026-07-18 22:00:00,22,2,False,,REJECTED
CT-002221,C00673,APP_PUSH,2026-06-26 20:00:00,20,2,False,,IGNORED
CT-002222,C00673,APP_PUSH,2026-08-12 13:00:00,13,6,False,,IGNORED
CT-002223,C00673,APP_PUSH,2026-08-24 20:00:00,20,5,True,7.12,ANSWERED
CT-002224,C00673,SMS,2026-08-12 23:00:00,23,5,False,,REJECTED
CT-002225,C00673,CALL,2026-09-01 19:00:00,19,6,False,,IGNORED
CT-002226,C00674,SMS,2026-07-21 15:00:00,15,5,False,,IGNORED
CT-002227,C00675,WHATSAPP,2026-06-29 12:00:00,12,3,True,3.43,ANSWERED
CT-002228,C00675,CALL,2026-08-26 17:00:00,17,12,True,1.3,ANSWERED
CT-002229,C00675,CALL,2026-06-26 16:00:00,16,2,False,,IGNORED
CT-002230,C00675,CALL,2026-07-17 15:00:00,15,5,True,0.53,ANSWERED
CT-002231,C00675,CALL,2026-06-26 13:00:00,13,5,True,0.43,ANSWERED
CT-002232,C00675,APP_PUSH,2026-08-07 11:00:00,11,9,False,,REJECTED
CT-002233,C00676,SMS,2026-08-11 08:00:00,8,6,False,,IGNORED
CT-002234,C00676,WHATSAPP,2026-08-15 07:00:00,7,6,True,1.12,ANSWERED
CT-002235,C00676,WHATSAPP,2026-07-23 05:00:00,5,9,False,,REJECTED
CT-002236,C00676,WHATSAPP,2026-07-17 09:00:00,9,5,True,0.39,ANSWERED
CT-002237,C00676,WHATSAPP,2026-08-10 11:00:00,11,6,True,1.61,ANSWERED
CT-002238,C00676,WHATSAPP,2026-08-01 05:00:00,5,4,True,1.86,ANSWERED
CT-002239,C00676,SMS,2026-09-02 06:00:00,6,6,False,,IGNORED
CT-002240,C00676,WHATSAPP,2026-07-18 12:00:00,12,9,False,,IGNORED
CT-002241,C00677,CALL,2026-08-05 16:00:00,16,3,False,,IGNORED
CT-002242,C00677,CALL,2026-08-10 12:00:00,12,4,True,0.43,ANSWERED
CT-002243,C00677,CALL,2026-06-18 15:00:00,15,4,False,,IGNORED
CT-002244,C00677,CALL,2026-08-10 10:00:00,10,3,True,3.7,ANSWERED
CT-002245,C00677,APP_PUSH,2026-07-24 12:00:00,12,2,False,,REJECTED
CT-002246,C00677,CALL,2026-09-10 15:00:00,15,0,False,,IGNORED
CT-002247,C00677,CALL,2026-08-15 18:00:00,18,3,True,3.24,ANSWERED
CT-002248,C00678,APP_PUSH,2026-08-25 05:00:00,5,5,False,,IGNORED
CT-002249,C00678,WHATSAPP,2026-08-28 12:00:00,12,6,False,,REJECTED
CT-002250,C00678,WHATSAPP,2026-07-29 10:00:00,10,8,False,,IGNORED
CT-002251,C00678,CALL,2026-09-09 15:00:00,15,1,False,,IGNORED
CT-002252,C00678,WHATSAPP,2026-09-02 10:00:00,10,5,True,0.74,ANSWERED
CT-002253,C00678,APP_PUSH,2026-08-19 16:00:00,16,5,False,,IGNORED
CT-002254,C00679,CALL,2026-07-18 11:00:00,11,3,False,,IGNORED
CT-002255,C00679,CALL,2026-08-12 12:00:00,12,5,False,,IGNORED
CT-002256,C00679,CALL,2026-09-01 14:00:00,14,8,False,,IGNORED
CT-002257,C00680,SMS,2026-08-19 08:00:00,8,6,True,4.49,ANSWERED
CT-002258,C00680,WHATSAPP,2026-08-10 08:00:00,8,2,False,,IGNORED
CT-002259,C00680,CALL,2026-07-10 06:00:00,6,4,True,1.44,ANSWERED
CT-002260,C00680,WHATSAPP,2026-08-07 05:00:00,5,9,False,,IGNORED
CT-002261,C00681,WHATSAPP,2026-07-14 19:00:00,19,3,False,,IGNORED
CT-002262,C00681,WHATSAPP,2026-07-04 17:00:00,17,3,False,,IGNORED
CT-002263,C00681,CALL,2026-07-03 15:00:00,15,6,False,,IGNORED
CT-002264,C00682,CALL,2026-08-02 08:00:00,8,0,False,,REJECTED
CT-002265,C00682,CALL,2026-08-28 11:00:00,11,3,True,2.55,ANSWERED
CT-002266,C00683,SMS,2026-07-26 20:00:00,20,5,True,0.71,ANSWERED
CT-002267,C00683,APP_PUSH,2026-07-05 16:00:00,16,11,False,,BOUNCED
CT-002268,C00684,WHATSAPP,2026-08-15 16:00:00,16,5,False,,REJECTED
CT-002269,C00684,WHATSAPP,2026-07-11 13:00:00,13,7,True,2.53,ANSWERED
CT-002270,C00684,WHATSAPP,2026-08-06 23:00:00,23,1,False,,IGNORED
CT-002271,C00684,WHATSAPP,2026-06-15 13:00:00,13,4,True,1.88,ANSWERED
CT-002272,C00685,WHATSAPP,2026-08-05 15:00:00,15,6,False,,IGNORED
CT-002273,C00685,CALL,2026-09-10 22:00:00,22,6,False,,IGNORED
CT-002274,C00686,APP_PUSH,2026-07-06 16:00:00,16,6,False,,IGNORED
CT-002275,C00686,APP_PUSH,2026-06-18 11:00:00,11,5,True,2.36,ANSWERED
CT-002276,C00686,APP_PUSH,2026-07-15 13:00:00,13,8,False,,IGNORED
CT-002277,C00686,WHATSAPP,2026-07-10 18:00:00,18,3,False,,REJECTED
CT-002278,C00686,WHATSAPP,2026-08-25 11:00:00,11,4,False,,IGNORED
CT-002279,C00687,APP_PUSH,2026-08-19 10:00:00,10,11,False,,IGNORED
CT-002280,C00687,CALL,2026-08-06 06:00:00,6,6,False,,IGNORED
CT-002281,C00688,WHATSAPP,2026-08-22 22:00:00,22,6,False,,IGNORED
CT-002282,C00688,APP_PUSH,2026-08-19 21:00:00,21,5,False,,REJECTED
CT-002283,C00688,CALL,2026-07-18 18:00:00,18,7,True,0.43,ANSWERED
CT-002284,C00688,CALL,2026-08-16 20:00:00,20,8,True,3.09,ANSWERED
CT-002285,C00688,CALL,2026-07-05 23:00:00,23,6,False,,IGNORED
CT-002286,C00688,WHATSAPP,2026-08-17 23:00:00,23,8,True,1.33,ANSWERED
CT-002287,C00688,CALL,2026-07-14 20:00:00,20,8,False,,IGNORED
CT-002288,C00689,APP_PUSH,2026-07-11 10:00:00,10,5,False,,REJECTED
CT-002289,C00689,APP_PUSH,2026-08-27 18:00:00,18,3,True,0.43,ANSWERED
CT-002290,C00689,SMS,2026-08-30 19:00:00,19,1,True,8.25,ANSWERED
CT-002291,C00689,APP_PUSH,2026-06-23 15:00:00,15,8,False,,IGNORED
CT-002292,C00690,WHATSAPP,2026-07-20 15:00:00,15,3,True,2.8,ANSWERED
CT-002293,C00691,SMS,2026-09-12 10:00:00,10,2,False,,REJECTED
CT-002294,C00691,WHATSAPP,2026-09-12 09:00:00,9,4,False,,IGNORED
CT-002295,C00691,APP_PUSH,2026-07-04 05:00:00,5,4,False,,IGNORED
CT-002296,C00692,APP_PUSH,2026-09-05 12:00:00,12,2,False,,IGNORED
CT-002297,C00693,WHATSAPP,2026-08-03 07:00:00,7,7,True,1.85,ANSWERED
CT-002298,C00693,WHATSAPP,2026-07-03 11:00:00,11,9,False,,IGNORED
CT-002299,C00693,APP_PUSH,2026-07-15 09:00:00,9,2,False,,REJECTED
CT-002300,C00693,APP_PUSH,2026-06-16 07:00:00,7,4,False,,IGNORED
CT-002301,C00694,WHATSAPP,2026-08-25 05:00:00,5,9,False,,IGNORED
CT-002302,C00694,WHATSAPP,2026-07-29 11:00:00,11,3,False,,BOUNCED
CT-002303,C00694,APP_PUSH,2026-07-06 12:00:00,12,8,True,0.98,ANSWERED
CT-002304,C00695,CALL,2026-06-16 13:00:00,13,4,True,2.97,ANSWERED
CT-002305,C00695,CALL,2026-07-08 08:00:00,8,3,False,,REJECTED
CT-002306,C00695,CALL,2026-07-30 11:00:00,11,5,True,4.06,ANSWERED
CT-002307,C00695,CALL,2026-08-26 06:00:00,6,1,False,,IGNORED
CT-002308,C00695,SMS,2026-08-01 15:00:00,15,2,False,,IGNORED
CT-002309,C00695,CALL,2026-06-29 10:00:00,10,5,True,1.12,ANSWERED
CT-002310,C00695,CALL,2026-08-10 09:00:00,9,3,True,0.52,ANSWERED
CT-002311,C00696,APP_PUSH,2026-08-14 07:00:00,7,2,True,7.46,ANSWERED
CT-002312,C00696,APP_PUSH,2026-06-21 10:00:00,10,3,False,,IGNORED
CT-002313,C00696,CALL,2026-07-10 05:00:00,5,4,False,,IGNORED
CT-002314,C00696,APP_PUSH,2026-07-11 10:00:00,10,6,False,,IGNORED
CT-002315,C00697,WHATSAPP,2026-08-20 14:00:00,14,-1,False,,IGNORED
CT-002316,C00697,SMS,2026-07-10 16:00:00,16,3,True,2.03,ANSWERED
CT-002317,C00697,SMS,2026-09-11 15:00:00,15,3,False,,BOUNCED
CT-002318,C00697,SMS,2026-08-27 14:00:00,14,1,True,5.72,ANSWERED
CT-002319,C00698,WHATSAPP,2026-07-07 05:00:00,5,7,True,0.53,ANSWERED
CT-002320,C00698,WHATSAPP,2026-07-18 08:00:00,8,8,False,,IGNORED
CT-002321,C00698,WHATSAPP,2026-07-02 13:00:00,13,7,False,,IGNORED
CT-002322,C00699,SMS,2026-08-04 11:00:00,11,2,True,3.55,ANSWERED
CT-002323,C00699,SMS,2026-09-10 03:00:00,3,5,False,,IGNORED
CT-002324,C00699,SMS,2026-07-15 09:00:00,9,3,True,4.85,ANSWERED
CT-002325,C00700,CALL,2026-08-10 16:00:00,16,5,False,,IGNORED
CT-002326,C00700,WHATSAPP,2026-08-22 11:00:00,11,1,True,0.01,ANSWERED
CT-002327,C00700,WHATSAPP,2026-08-19 09:00:00,9,6,True,0.19,ANSWERED
CT-002328,C00701,WHATSAPP,2026-09-06 23:00:00,23,6,False,,IGNORED
CT-002329,C00701,SMS,2026-08-23 23:00:00,23,3,False,,REJECTED
CT-002330,C00701,CALL,2026-07-24 14:00:00,14,3,True,0.21,ANSWERED
CT-002331,C00703,CALL,2026-07-16 15:00:00,15,0,False,,IGNORED
CT-002332,C00703,SMS,2026-08-13 17:00:00,17,2,False,,IGNORED
CT-002333,C00703,CALL,2026-06-23 12:00:00,12,1,False,,IGNORED
CT-002334,C00703,CALL,2026-08-18 11:00:00,11,0,False,,REJECTED
CT-002335,C00703,CALL,2026-08-23 14:00:00,14,4,False,,REJECTED
CT-002336,C00704,APP_PUSH,2026-07-19 10:00:00,10,3,False,,IGNORED
CT-002337,C00704,APP_PUSH,2026-07-11 12:00:00,12,5,False,,IGNORED
CT-002338,C00704,SMS,2026-07-14 05:00:00,5,11,False,,IGNORED
CT-002339,C00705,CALL,2026-09-03 08:00:00,8,2,False,,IGNORED
CT-002340,C00705,APP_PUSH,2026-08-23 11:00:00,11,4,True,0.29,ANSWERED
CT-002341,C00705,CALL,2026-08-14 08:00:00,8,1,False,,IGNORED
CT-002342,C00705,CALL,2026-08-29 07:00:00,7,2,False,,IGNORED
CT-002343,C00706,WHATSAPP,2026-07-18 15:00:00,15,1,False,,IGNORED
CT-002344,C00706,WHATSAPP,2026-06-27 08:00:00,8,3,False,,REJECTED
CT-002345,C00706,CALL,2026-08-22 10:00:00,10,6,True,1.5,ANSWERED
CT-002346,C00706,APP_PUSH,2026-07-13 13:00:00,13,1,True,1.0,ANSWERED
CT-002347,C00707,WHATSAPP,2026-09-10 16:00:00,16,2,False,,IGNORED
CT-002348,C00708,APP_PUSH,2026-08-03 08:00:00,8,3,False,,IGNORED
CT-002349,C00708,SMS,2026-08-07 07:00:00,7,4,False,,IGNORED
CT-002350,C00708,CALL,2026-08-04 14:00:00,14,7,False,,IGNORED
CT-002351,C00708,WHATSAPP,2026-07-14 09:00:00,9,5,True,1.29,ANSWERED
CT-002352,C00709,WHATSAPP,2026-06-29 11:00:00,11,4,False,,BOUNCED
CT-002353,C00709,CALL,2026-08-24 08:00:00,8,3,True,3.19,ANSWERED
CT-002354,C00710,CALL,2026-06-20 04:00:00,4,2,False,,IGNORED
CT-002355,C00710,APP_PUSH,2026-09-05 10:00:00,10,1,True,0.28,ANSWERED
CT-002356,C00710,SMS,2026-09-02 07:00:00,7,7,False,,IGNORED
CT-002357,C00711,CALL,2026-08-12 14:00:00,14,2,False,,IGNORED
CT-002358,C00711,CALL,2026-07-01 10:00:00,10,8,False,,IGNORED
CT-002359,C00711,SMS,2026-08-12 12:00:00,12,0,True,1.94,ANSWERED
CT-002360,C00712,APP_PUSH,2026-08-20 08:00:00,8,3,False,,IGNORED
CT-002361,C00712,APP_PUSH,2026-07-08 06:00:00,6,7,False,,REJECTED
CT-002362,C00713,CALL,2026-07-17 13:00:00,13,-1,False,,IGNORED
CT-002363,C00713,CALL,2026-08-26 14:00:00,14,5,False,,IGNORED
CT-002364,C00713,WHATSAPP,2026-07-18 14:00:00,14,3,True,3.37,ANSWERED
CT-002365,C00714,APP_PUSH,2026-06-19 14:00:00,14,1,False,,IGNORED
CT-002366,C00714,WHATSAPP,2026-07-01 09:00:00,9,4,False,,IGNORED
CT-002367,C00714,CALL,2026-06-21 13:00:00,13,5,False,,IGNORED
CT-002368,C00714,APP_PUSH,2026-06-15 14:00:00,14,5,True,1.17,ANSWERED
CT-002369,C00714,APP_PUSH,2026-06-19 16:00:00,16,4,True,0.42,ANSWERED
CT-002370,C00714,WHATSAPP,2026-07-23 16:00:00,16,7,False,,IGNORED
CT-002371,C00714,APP_PUSH,2026-07-01 14:00:00,14,5,False,,IGNORED
CT-002372,C00715,APP_PUSH,2026-08-14 03:00:00,3,7,False,,IGNORED
CT-002373,C00715,CALL,2026-07-30 08:00:00,8,4,False,,IGNORED
CT-002374,C00715,CALL,2026-07-29 07:00:00,7,5,False,,IGNORED
CT-002375,C00716,CALL,2026-09-08 18:00:00,18,2,False,,IGNORED
CT-002376,C00716,CALL,2026-07-04 13:00:00,13,4,True,0.28,ANSWERED
CT-002377,C00717,APP_PUSH,2026-07-31 08:00:00,8,6,True,1.74,ANSWERED
CT-002378,C00718,WHATSAPP,2026-06-27 11:00:00,11,8,True,2.41,ANSWERED
CT-002379,C00718,WHATSAPP,2026-08-14 04:00:00,4,4,False,,IGNORED
CT-002380,C00718,WHATSAPP,2026-06-21 09:00:00,9,6,False,,IGNORED
CT-002381,C00718,APP_PUSH,2026-08-17 09:00:00,9,8,False,,IGNORED
CT-002382,C00718,APP_PUSH,2026-07-03 10:00:00,10,4,False,,REJECTED
CT-002383,C00719,WHATSAPP,2026-09-02 16:00:00,16,3,False,,IGNORED
CT-002384,C00720,SMS,2026-08-16 10:00:00,10,8,False,,REJECTED
CT-002385,C00720,WHATSAPP,2026-09-08 10:00:00,10,5,True,1.1,ANSWERED
CT-002386,C00721,CALL,2026-08-19 13:00:00,13,2,False,,BOUNCED
CT-002387,C00721,SMS,2026-07-24 11:00:00,11,6,False,,IGNORED
CT-002388,C00721,CALL,2026-06-20 11:00:00,11,4,False,,IGNORED
CT-002389,C00721,APP_PUSH,2026-07-08 08:00:00,8,4,False,,IGNORED
CT-002390,C00721,WHATSAPP,2026-08-05 10:00:00,10,7,True,5.85,ANSWERED
CT-002391,C00723,WHATSAPP,2026-07-11 17:00:00,17,6,False,,BOUNCED
CT-002392,C00723,SMS,2026-07-24 11:00:00,11,9,False,,IGNORED
CT-002393,C00723,CALL,2026-08-24 15:00:00,15,9,False,,REJECTED
CT-002394,C00723,SMS,2026-06-24 16:00:00,16,10,True,0.76,ANSWERED
CT-002395,C00724,WHATSAPP,2026-07-06 09:00:00,9,3,False,,IGNORED
CT-002396,C00724,APP_PUSH,2026-08-07 01:00:00,1,5,False,,IGNORED
CT-002397,C00724,CALL,2026-07-17 07:00:00,7,6,False,,IGNORED
CT-002398,C00724,APP_PUSH,2026-08-03 07:00:00,7,8,False,,IGNORED
CT-002399,C00724,WHATSAPP,2026-07-27 05:00:00,5,5,False,,IGNORED
CT-002400,C00724,APP_PUSH,2026-08-09 06:00:00,6,8,True,0.14,ANSWERED
CT-002401,C00726,APP_PUSH,2026-09-12 15:00:00,15,4,True,0.38,ANSWERED
CT-002402,C00727,CALL,2026-06-30 17:00:00,17,3,True,1.59,ANSWERED
CT-002403,C00727,WHATSAPP,2026-08-21 08:00:00,8,3,False,,BOUNCED
CT-002404,C00728,APP_PUSH,2026-07-07 09:00:00,9,5,False,,IGNORED
CT-002405,C00728,APP_PUSH,2026-07-11 16:00:00,16,6,True,3.27,ANSWERED
CT-002406,C00728,APP_PUSH,2026-07-04 15:00:00,15,6,True,0.04,ANSWERED
CT-002407,C00728,APP_PUSH,2026-08-24 11:00:00,11,4,True,1.07,ANSWERED
CT-002408,C00728,APP_PUSH,2026-07-11 15:00:00,15,10,False,,IGNORED
CT-002409,C00729,WHATSAPP,2026-07-27 11:00:00,11,6,False,,IGNORED
CT-002410,C00729,SMS,2026-08-08 09:00:00,9,4,False,,IGNORED
CT-002411,C00730,APP_PUSH,2026-06-20 09:00:00,9,5,True,0.18,ANSWERED
CT-002412,C00730,CALL,2026-08-23 08:00:00,8,6,True,1.3,ANSWERED
CT-002413,C00730,SMS,2026-06-17 13:00:00,13,5,False,,IGNORED
CT-002414,C00730,WHATSAPP,2026-08-01 06:00:00,6,8,False,,IGNORED
CT-002415,C00730,APP_PUSH,2026-08-12 12:00:00,12,2,False,,IGNORED
CT-002416,C00731,WHATSAPP,2026-07-11 10:00:00,10,2,False,,REJECTED
CT-002417,C00732,CALL,2026-07-12 09:00:00,9,3,False,,IGNORED
CT-002418,C00732,SMS,2026-08-05 08:00:00,8,3,False,,REJECTED
CT-002419,C00733,WHATSAPP,2026-09-10 14:00:00,14,8,False,,IGNORED
CT-002420,C00734,WHATSAPP,2026-07-28 16:00:00,16,7,True,0.86,ANSWERED
CT-002421,C00734,WHATSAPP,2026-09-11 11:00:00,11,6,False,,REJECTED
CT-002422,C00734,WHATSAPP,2026-07-31 15:00:00,15,4,True,1.28,ANSWERED
CT-002423,C00734,WHATSAPP,2026-06-28 12:00:00,12,11,True,2.29,ANSWERED
CT-002424,C00735,CALL,2026-07-01 11:00:00,11,5,True,3.91,ANSWERED
CT-002425,C00735,SMS,2026-08-20 10:00:00,10,4,False,,IGNORED
CT-002426,C00735,CALL,2026-06-22 08:00:00,8,4,False,,BOUNCED
CT-002427,C00735,CALL,2026-06-21 09:00:00,9,5,False,,IGNORED
CT-002428,C00736,WHATSAPP,2026-07-04 15:00:00,15,3,True,1.15,ANSWERED
CT-002429,C00736,WHATSAPP,2026-06-15 13:00:00,13,6,False,,IGNORED
CT-002430,C00736,WHATSAPP,2026-08-30 15:00:00,15,1,False,,BOUNCED
CT-002431,C00737,WHATSAPP,2026-08-07 13:00:00,13,5,False,,IGNORED
CT-002432,C00737,WHATSAPP,2026-08-30 06:00:00,6,1,True,4.98,ANSWERED
CT-002433,C00738,WHATSAPP,2026-09-11 16:00:00,16,4,False,,IGNORED
CT-002434,C00739,WHATSAPP,2026-06-20 19:00:00,19,1,False,,IGNORED
CT-002435,C00739,CALL,2026-06-22 08:00:00,8,2,False,,IGNORED
CT-002436,C00740,SMS,2026-06-16 10:00:00,10,5,True,2.57,ANSWERED
CT-002437,C00740,SMS,2026-07-01 09:00:00,9,10,True,1.64,ANSWERED
CT-002438,C00740,CALL,2026-07-01 11:00:00,11,8,True,2.24,ANSWERED
CT-002439,C00741,CALL,2026-08-30 10:00:00,10,4,True,0.82,ANSWERED
CT-002440,C00741,SMS,2026-07-18 17:00:00,17,5,False,,IGNORED
CT-002441,C00741,WHATSAPP,2026-07-07 15:00:00,15,4,False,,IGNORED
CT-002442,C00741,CALL,2026-06-29 17:00:00,17,4,True,1.17,ANSWERED
CT-002443,C00742,WHATSAPP,2026-07-19 20:00:00,20,3,True,0.24,ANSWERED
CT-002444,C00742,SMS,2026-07-14 19:00:00,19,7,False,,IGNORED
CT-002445,C00742,WHATSAPP,2026-08-23 17:00:00,17,3,False,,IGNORED
CT-002446,C00743,SMS,2026-08-02 12:00:00,12,8,False,,IGNORED
CT-002447,C00743,APP_PUSH,2026-07-31 04:00:00,4,5,False,,IGNORED
CT-002448,C00743,APP_PUSH,2026-06-26 09:00:00,9,11,False,,REJECTED
CT-002449,C00744,CALL,2026-08-27 05:00:00,5,3,False,,IGNORED
CT-002450,C00744,WHATSAPP,2026-07-24 06:00:00,6,5,False,,IGNORED
CT-002451,C00745,SMS,2026-09-11 03:00:00,3,5,True,1.42,ANSWERED
CT-002452,C00745,SMS,2026-07-05 10:00:00,10,3,False,,IGNORED
CT-002453,C00745,CALL,2026-07-10 10:00:00,10,9,False,,REJECTED
CT-002454,C00746,CALL,2026-07-22 15:00:00,15,7,False,,REJECTED
CT-002455,C00746,SMS,2026-07-25 15:00:00,15,2,True,0.53,ANSWERED
CT-002456,C00746,WHATSAPP,2026-07-06 15:00:00,15,6,True,1.71,ANSWERED
CT-002457,C00746,CALL,2026-08-21 16:00:00,16,4,False,,IGNORED
CT-002458,C00747,SMS,2026-08-28 18:00:00,18,6,True,3.16,ANSWERED
CT-002459,C00747,WHATSAPP,2026-08-27 10:00:00,10,4,False,,IGNORED
CT-002460,C00747,SMS,2026-07-04 14:00:00,14,5,True,0.21,ANSWERED
CT-002461,C00748,WHATSAPP,2026-09-06 17:00:00,17,6,True,0.88,ANSWERED
CT-002462,C00748,CALL,2026-07-10 10:00:00,10,6,True,2.64,ANSWERED
CT-002463,C00748,APP_PUSH,2026-06-21 17:00:00,17,7,False,,IGNORED
CT-002464,C00748,WHATSAPP,2026-07-17 15:00:00,15,8,False,,BOUNCED
CT-002465,C00748,APP_PUSH,2026-07-05 13:00:00,13,2,False,,IGNORED
CT-002466,C00748,APP_PUSH,2026-08-29 11:00:00,11,3,False,,IGNORED
CT-002467,C00749,WHATSAPP,2026-06-25 17:00:00,17,3,True,3.75,ANSWERED
CT-002468,C00749,CALL,2026-07-11 17:00:00,17,2,False,,IGNORED
CT-002469,C00749,SMS,2026-07-09 22:00:00,22,2,True,2.45,ANSWERED
CT-002470,C00749,WHATSAPP,2026-07-21 23:00:00,23,5,False,,IGNORED
CT-002471,C00750,WHATSAPP,2026-06-25 08:00:00,8,6,False,,IGNORED
CT-002472,C00751,APP_PUSH,2026-08-05 15:00:00,15,3,False,,REJECTED
CT-002473,C00751,CALL,2026-08-11 17:00:00,17,5,False,,IGNORED
CT-002474,C00751,WHATSAPP,2026-08-14 15:00:00,15,6,False,,IGNORED
CT-002475,C00751,WHATSAPP,2026-06-22 21:00:00,21,0,False,,REJECTED
CT-002476,C00751,WHATSAPP,2026-07-06 19:00:00,19,1,True,0.26,ANSWERED
CT-002477,C00751,WHATSAPP,2026-09-09 15:00:00,15,6,False,,IGNORED
CT-002478,C00752,SMS,2026-06-29 05:00:00,5,1,False,,IGNORED
CT-002479,C00753,CALL,2026-07-07 20:00:00,20,3,True,4.5,ANSWERED
CT-002480,C00753,SMS,2026-08-18 17:00:00,17,4,False,,IGNORED
CT-002481,C00753,SMS,2026-07-02 19:00:00,19,6,False,,IGNORED
CT-002482,C00753,SMS,2026-08-29 19:00:00,19,4,True,0.19,ANSWERED
CT-002483,C00753,APP_PUSH,2026-07-19 22:00:00,22,7,False,,IGNORED
CT-002484,C00754,CALL,2026-06-19 00:00:00,0,7,False,,IGNORED
CT-002485,C00754,WHATSAPP,2026-07-29 07:00:00,7,6,False,,IGNORED
CT-002486,C00754,CALL,2026-09-01 06:00:00,6,4,True,0.94,ANSWERED
CT-002487,C00754,CALL,2026-09-11 07:00:00,7,5,True,2.08,ANSWERED
CT-002488,C00755,SMS,2026-06-23 17:00:00,17,8,True,0.27,ANSWERED
CT-002489,C00755,CALL,2026-07-21 19:00:00,19,7,True,2.64,ANSWERED
CT-002490,C00755,WHATSAPP,2026-07-31 14:00:00,14,9,False,,IGNORED
CT-002491,C00756,APP_PUSH,2026-06-29 23:00:00,23,3,False,,IGNORED
CT-002492,C00756,CALL,2026-06-26 21:00:00,21,5,True,0.28,ANSWERED
CT-002493,C00756,SMS,2026-07-08 20:00:00,20,5,False,,IGNORED
CT-002494,C00756,SMS,2026-07-08 17:00:00,17,6,True,4.04,ANSWERED
CT-002495,C00756,APP_PUSH,2026-08-19 20:00:00,20,2,True,2.09,ANSWERED
CT-002496,C00756,SMS,2026-07-06 20:00:00,20,7,False,,IGNORED
CT-002497,C00757,SMS,2026-07-05 11:00:00,11,10,False,,IGNORED
CT-002498,C00757,CALL,2026-06-22 14:00:00,14,7,True,0.89,ANSWERED
CT-002499,C00757,WHATSAPP,2026-08-14 16:00:00,16,8,False,,IGNORED
CT-002500,C00758,APP_PUSH,2026-07-28 09:00:00,9,5,False,,IGNORED
CT-002501,C00758,WHATSAPP,2026-08-29 09:00:00,9,0,False,,IGNORED
CT-002502,C00758,APP_PUSH,2026-09-02 10:00:00,10,10,False,,REJECTED
CT-002503,C00759,APP_PUSH,2026-07-07 14:00:00,14,9,True,0.08,ANSWERED
CT-002504,C00759,APP_PUSH,2026-07-25 16:00:00,16,6,True,1.23,ANSWERED
CT-002505,C00759,APP_PUSH,2026-08-20 20:00:00,20,9,True,1.76,ANSWERED
CT-002506,C00759,APP_PUSH,2026-07-10 09:00:00,9,2,False,,REJECTED
CT-002507,C00759,WHATSAPP,2026-09-04 12:00:00,12,5,False,,IGNORED
CT-002508,C00760,SMS,2026-06-22 16:00:00,16,4,False,,IGNORED
CT-002509,C00760,SMS,2026-07-23 19:00:00,19,4,True,1.43,ANSWERED
CT-002510,C00760,SMS,2026-08-09 18:00:00,18,3,False,,IGNORED
CT-002511,C00761,CALL,2026-09-11 16:00:00,16,2,False,,IGNORED
CT-002512,C00761,APP_PUSH,2026-07-01 14:00:00,14,1,False,,IGNORED
CT-002513,C00762,CALL,2026-08-09 07:00:00,7,1,True,1.22,ANSWERED
CT-002514,C00762,CALL,2026-08-07 09:00:00,9,3,True,0.9,ANSWERED
CT-002515,C00763,CALL,2026-07-02 19:00:00,19,4,False,,IGNORED
CT-002516,C00763,SMS,2026-07-16 21:00:00,21,0,False,,IGNORED
CT-002517,C00763,WHATSAPP,2026-08-02 20:00:00,20,2,False,,BOUNCED
CT-002518,C00763,SMS,2026-08-09 16:00:00,16,5,True,3.3,ANSWERED
CT-002519,C00763,WHATSAPP,2026-07-12 11:00:00,11,3,False,,IGNORED
CT-002520,C00763,APP_PUSH,2026-06-28 10:00:00,10,4,False,,IGNORED
CT-002521,C00764,SMS,2026-07-18 06:00:00,6,5,False,,IGNORED
CT-002522,C00765,APP_PUSH,2026-09-03 07:00:00,7,4,False,,IGNORED
CT-002523,C00765,APP_PUSH,2026-06-19 11:00:00,11,8,False,,IGNORED
CT-002524,C00765,APP_PUSH,2026-06-21 10:00:00,10,6,False,,IGNORED
CT-002525,C00765,APP_PUSH,2026-07-15 09:00:00,9,6,True,4.49,ANSWERED
CT-002526,C00765,APP_PUSH,2026-06-17 08:00:00,8,5,False,,IGNORED
CT-002527,C00765,APP_PUSH,2026-08-12 10:00:00,10,0,False,,IGNORED
CT-002528,C00765,APP_PUSH,2026-08-09 10:00:00,10,4,True,1.25,ANSWERED
CT-002529,C00765,APP_PUSH,2026-06-28 10:00:00,10,3,False,,IGNORED
CT-002530,C00766,WHATSAPP,2026-08-11 17:00:00,17,-1,False,,REJECTED
CT-002531,C00767,SMS,2026-08-25 17:00:00,17,5,True,1.37,ANSWERED
CT-002532,C00767,WHATSAPP,2026-08-13 18:00:00,18,6,False,,BOUNCED
CT-002533,C00767,WHATSAPP,2026-08-10 19:00:00,19,6,False,,IGNORED
CT-002534,C00767,CALL,2026-08-28 21:00:00,21,5,False,,IGNORED
CT-002535,C00768,WHATSAPP,2026-07-05 12:00:00,12,9,True,0.72,ANSWERED
CT-002536,C00768,WHATSAPP,2026-06-27 17:00:00,17,7,False,,IGNORED
CT-002537,C00768,APP_PUSH,2026-09-02 17:00:00,17,8,False,,IGNORED
CT-002538,C00769,APP_PUSH,2026-08-11 07:00:00,7,1,True,0.64,ANSWERED
CT-002539,C00769,APP_PUSH,2026-07-17 07:00:00,7,2,True,0.35,ANSWERED
CT-002540,C00769,SMS,2026-06-22 05:00:00,5,2,False,,REJECTED
CT-002541,C00769,APP_PUSH,2026-06-21 09:00:00,9,0,False,,IGNORED
CT-002542,C00770,SMS,2026-07-28 17:00:00,17,10,False,,IGNORED
CT-002543,C00770,SMS,2026-07-15 16:00:00,16,11,True,0.93,ANSWERED
CT-002544,C00770,SMS,2026-07-11 20:00:00,20,10,True,3.12,ANSWERED
CT-002545,C00770,SMS,2026-08-14 17:00:00,17,5,False,,REJECTED
CT-002546,C00770,SMS,2026-06-21 18:00:00,18,8,False,,BOUNCED
CT-002547,C00771,CALL,2026-06-19 10:00:00,10,7,False,,IGNORED
CT-002548,C00771,CALL,2026-09-01 09:00:00,9,8,True,3.42,ANSWERED
CT-002549,C00772,WHATSAPP,2026-08-23 07:00:00,7,4,False,,IGNORED
CT-002550,C00773,WHATSAPP,2026-08-02 11:00:00,11,0,False,,IGNORED
CT-002551,C00774,CALL,2026-08-07 20:00:00,20,8,True,0.74,ANSWERED
CT-002552,C00774,WHATSAPP,2026-09-07 19:00:00,19,9,False,,BOUNCED
CT-002553,C00774,CALL,2026-09-07 22:00:00,22,3,False,,IGNORED
CT-002554,C00775,WHATSAPP,2026-08-05 14:00:00,14,4,True,0.19,ANSWERED
CT-002555,C00775,APP_PUSH,2026-07-12 16:00:00,16,3,False,,IGNORED
CT-002556,C00776,APP_PUSH,2026-08-14 04:00:00,4,5,False,,IGNORED
CT-002557,C00776,SMS,2026-07-26 06:00:00,6,8,False,,BOUNCED
CT-002558,C00776,SMS,2026-09-07 06:00:00,6,5,False,,REJECTED
CT-002559,C00776,WHATSAPP,2026-07-04 03:00:00,3,9,False,,REJECTED
CT-002560,C00778,SMS,2026-08-04 12:00:00,12,5,False,,IGNORED
CT-002561,C00778,APP_PUSH,2026-08-13 20:00:00,20,6,False,,IGNORED
CT-002562,C00778,APP_PUSH,2026-08-08 15:00:00,15,6,True,0.24,ANSWERED
CT-002563,C00779,CALL,2026-07-28 14:00:00,14,7,False,,IGNORED
CT-002564,C00780,CALL,2026-06-20 06:00:00,6,7,False,,IGNORED
CT-002565,C00780,SMS,2026-08-21 08:00:00,8,8,True,0.36,ANSWERED
CT-002566,C00780,SMS,2026-09-07 11:00:00,11,7,False,,REJECTED
CT-002567,C00781,WHATSAPP,2026-08-03 20:00:00,20,8,False,,IGNORED
CT-002568,C00781,APP_PUSH,2026-09-11 08:00:00,8,10,True,6.49,ANSWERED
CT-002569,C00782,APP_PUSH,2026-08-10 04:00:00,4,4,False,,IGNORED
CT-002570,C00782,SMS,2026-08-30 12:00:00,12,3,True,11.67,ANSWERED
CT-002571,C00782,SMS,2026-07-05 13:00:00,13,9,True,0.43,ANSWERED
CT-002572,C00782,SMS,2026-07-24 05:00:00,5,8,True,0.22,ANSWERED
CT-002573,C00782,APP_PUSH,2026-07-29 09:00:00,9,4,False,,IGNORED
CT-002574,C00782,APP_PUSH,2026-06-28 11:00:00,11,8,True,0.16,ANSWERED
CT-002575,C00782,SMS,2026-08-23 09:00:00,9,9,False,,IGNORED
CT-002576,C00782,WHATSAPP,2026-06-18 10:00:00,10,7,False,,IGNORED
CT-002577,C00783,WHATSAPP,2026-07-03 16:00:00,16,6,False,,IGNORED
CT-002578,C00783,SMS,2026-07-02 11:00:00,11,5,False,,IGNORED
CT-002579,C00784,APP_PUSH,2026-08-23 12:00:00,12,7,True,7.09,ANSWERED
CT-002580,C00784,APP_PUSH,2026-08-16 09:00:00,9,6,False,,IGNORED
CT-002581,C00784,APP_PUSH,2026-06-22 13:00:00,13,7,False,,IGNORED
CT-002582,C00784,APP_PUSH,2026-08-14 18:00:00,18,7,False,,IGNORED
CT-002583,C00784,APP_PUSH,2026-07-08 15:00:00,15,6,False,,IGNORED
CT-002584,C00784,APP_PUSH,2026-06-26 09:00:00,9,5,False,,IGNORED
CT-002585,C00785,APP_PUSH,2026-06-24 19:00:00,19,-2,False,,IGNORED
CT-002586,C00785,APP_PUSH,2026-08-27 13:00:00,13,1,True,2.57,ANSWERED
CT-002587,C00785,WHATSAPP,2026-08-16 17:00:00,17,3,False,,IGNORED
CT-002588,C00785,WHATSAPP,2026-06-25 14:00:00,14,5,False,,IGNORED
CT-002589,C00786,WHATSAPP,2026-07-29 13:00:00,13,6,True,1.36,ANSWERED
CT-002590,C00787,SMS,2026-09-08 05:00:00,5,1,False,,IGNORED
CT-002591,C00787,SMS,2026-08-21 12:00:00,12,3,False,,REJECTED
CT-002592,C00787,SMS,2026-06-24 04:00:00,4,3,False,,IGNORED
CT-002593,C00788,SMS,2026-07-28 23:00:00,23,1,False,,IGNORED
CT-002594,C00788,WHATSAPP,2026-08-11 23:00:00,23,7,False,,IGNORED
CT-002595,C00788,WHATSAPP,2026-07-04 19:00:00,19,0,True,1.49,ANSWERED
CT-002596,C00789,CALL,2026-08-14 20:00:00,20,5,True,0.98,ANSWERED
CT-002597,C00789,CALL,2026-09-01 20:00:00,20,5,False,,IGNORED
CT-002598,C00789,SMS,2026-08-02 19:00:00,19,1,False,,IGNORED
CT-002599,C00791,APP_PUSH,2026-08-06 06:00:00,6,1,False,,IGNORED
CT-002600,C00791,APP_PUSH,2026-09-04 07:00:00,7,2,False,,IGNORED
CT-002601,C00791,APP_PUSH,2026-09-02 11:00:00,11,3,False,,IGNORED
CT-002602,C00792,SMS,2026-07-21 18:00:00,18,3,True,0.87,ANSWERED
CT-002603,C00793,WHATSAPP,2026-08-04 12:00:00,12,7,True,0.76,ANSWERED
CT-002604,C00793,WHATSAPP,2026-08-28 13:00:00,13,5,False,,IGNORED
CT-002605,C00793,CALL,2026-09-08 11:00:00,11,9,False,,IGNORED
CT-002606,C00794,CALL,2026-06-30 18:00:00,18,3,False,,IGNORED
CT-002607,C00794,CALL,2026-07-26 15:00:00,15,3,False,,IGNORED
CT-002608,C00794,APP_PUSH,2026-09-08 12:00:00,12,4,False,,IGNORED
CT-002609,C00794,CALL,2026-08-31 15:00:00,15,3,False,,IGNORED
CT-002610,C00794,WHATSAPP,2026-06-21 19:00:00,19,-1,False,,IGNORED
CT-002611,C00794,CALL,2026-08-11 14:00:00,14,0,False,,IGNORED
CT-002612,C00795,WHATSAPP,2026-06-19 12:00:00,12,8,False,,IGNORED
CT-002613,C00795,SMS,2026-08-11 05:00:00,5,5,False,,IGNORED
CT-002614,C00795,CALL,2026-07-15 10:00:00,10,3,False,,IGNORED
CT-002615,C00795,CALL,2026-06-19 13:00:00,13,8,True,0.58,ANSWERED
CT-002616,C00795,SMS,2026-07-13 13:00:00,13,7,False,,IGNORED
CT-002617,C00796,WHATSAPP,2026-08-31 11:00:00,11,7,True,0.04,ANSWERED
CT-002618,C00796,WHATSAPP,2026-07-14 15:00:00,15,3,False,,IGNORED
CT-002619,C00797,WHATSAPP,2026-06-15 11:00:00,11,6,False,,IGNORED
CT-002620,C00797,WHATSAPP,2026-07-20 17:00:00,17,6,False,,IGNORED
CT-002621,C00797,WHATSAPP,2026-08-18 17:00:00,17,9,False,,IGNORED
CT-002622,C00797,SMS,2026-07-27 09:00:00,9,8,False,,IGNORED
CT-002623,C00797,SMS,2026-06-16 08:00:00,8,5,False,,IGNORED
CT-002624,C00798,CALL,2026-08-24 15:00:00,15,6,False,,REJECTED
CT-002625,C00798,CALL,2026-07-27 14:00:00,14,7,False,,IGNORED
CT-002626,C00799,WHATSAPP,2026-06-29 13:00:00,13,7,False,,IGNORED
CT-002627,C00799,SMS,2026-08-12 14:00:00,14,6,False,,IGNORED
CT-002628,C00799,WHATSAPP,2026-07-19 12:00:00,12,7,False,,IGNORED
CT-002629,C00799,CALL,2026-08-05 14:00:00,14,8,False,,IGNORED
CT-002630,C00799,WHATSAPP,2026-06-26 12:00:00,12,6,False,,IGNORED
CT-002631,C00799,CALL,2026-08-23 08:00:00,8,3,False,,IGNORED
CT-002632,C00800,APP_PUSH,2026-08-13 12:00:00,12,4,True,3.64,ANSWERED
CT-002633,C00800,CALL,2026-07-17 09:00:00,9,5,False,,BOUNCED
CT-002634,C00800,APP_PUSH,2026-07-07 10:00:00,10,3,False,,IGNORED
CT-002635,C00800,SMS,2026-08-30 14:00:00,14,8,False,,IGNORED
CT-002636,C00801,SMS,2026-06-25 14:00:00,14,8,False,,IGNORED
CT-002637,C00801,SMS,2026-08-29 14:00:00,14,6,False,,IGNORED
CT-002638,C00801,APP_PUSH,2026-07-31 13:00:00,13,6,False,,REJECTED
CT-002639,C00801,APP_PUSH,2026-08-12 10:00:00,10,6,False,,IGNORED
CT-002640,C00802,APP_PUSH,2026-07-11 11:00:00,11,8,False,,IGNORED
CT-002641,C00802,APP_PUSH,2026-07-29 07:00:00,7,3,True,0.02,ANSWERED
CT-002642,C00803,CALL,2026-06-23 09:00:00,9,4,True,4.31,ANSWERED
CT-002643,C00803,CALL,2026-07-20 05:00:00,5,4,False,,IGNORED
CT-002644,C00803,APP_PUSH,2026-09-03 10:00:00,10,2,False,,REJECTED
CT-002645,C00804,SMS,2026-08-10 08:00:00,8,6,True,2.75,ANSWERED
CT-002646,C00804,SMS,2026-06-28 14:00:00,14,8,False,,IGNORED
CT-002647,C00804,SMS,2026-09-11 16:00:00,16,6,False,,IGNORED
CT-002648,C00806,SMS,2026-08-13 06:00:00,6,5,False,,REJECTED
CT-002649,C00806,SMS,2026-08-03 05:00:00,5,7,True,0.68,ANSWERED
CT-002650,C00807,APP_PUSH,2026-08-23 07:00:00,7,4,True,0.95,ANSWERED
CT-002651,C00807,APP_PUSH,2026-08-24 07:00:00,7,0,False,,IGNORED
CT-002652,C00807,SMS,2026-06-24 08:00:00,8,3,False,,REJECTED
CT-002653,C00808,SMS,2026-08-31 12:00:00,12,3,False,,IGNORED
CT-002654,C00808,WHATSAPP,2026-09-10 10:00:00,10,4,False,,IGNORED
CT-002655,C00809,CALL,2026-07-18 11:00:00,11,5,False,,IGNORED
CT-002656,C00809,APP_PUSH,2026-08-24 12:00:00,12,7,False,,REJECTED
CT-002657,C00810,SMS,2026-06-18 21:00:00,21,2,False,,IGNORED
CT-002658,C00810,SMS,2026-08-02 14:00:00,14,6,False,,IGNORED
CT-002659,C00810,SMS,2026-06-17 15:00:00,15,3,False,,IGNORED
CT-002660,C00810,WHATSAPP,2026-09-04 19:00:00,19,1,False,,REJECTED
CT-002661,C00810,WHATSAPP,2026-08-15 16:00:00,16,2,True,0.01,ANSWERED
CT-002662,C00813,APP_PUSH,2026-09-07 21:00:00,21,2,False,,IGNORED
CT-002663,C00813,SMS,2026-07-22 19:00:00,19,2,False,,IGNORED
CT-002664,C00813,APP_PUSH,2026-09-08 13:00:00,13,8,False,,IGNORED
CT-002665,C00813,SMS,2026-07-15 18:00:00,18,6,True,4.24,ANSWERED
CT-002666,C00813,WHATSAPP,2026-09-07 16:00:00,16,6,False,,IGNORED
CT-002667,C00813,APP_PUSH,2026-07-05 13:00:00,13,11,False,,IGNORED
CT-002668,C00813,SMS,2026-07-31 13:00:00,13,9,False,,REJECTED
CT-002669,C00814,CALL,2026-08-14 15:00:00,15,4,False,,IGNORED
CT-002670,C00814,CALL,2026-07-27 11:00:00,11,0,False,,IGNORED
CT-002671,C00814,WHATSAPP,2026-06-23 18:00:00,18,2,False,,IGNORED
CT-002672,C00815,APP_PUSH,2026-06-26 05:00:00,5,7,False,,IGNORED
CT-002673,C00816,CALL,2026-08-08 15:00:00,15,7,False,,IGNORED
CT-002674,C00816,SMS,2026-09-06 15:00:00,15,5,False,,IGNORED
CT-002675,C00817,SMS,2026-07-02 07:00:00,7,4,False,,IGNORED
CT-002676,C00817,SMS,2026-07-18 08:00:00,8,7,False,,IGNORED
CT-002677,C00817,SMS,2026-08-25 06:00:00,6,5,False,,IGNORED
CT-002678,C00817,CALL,2026-09-05 04:00:00,4,5,False,,REJECTED
CT-002679,C00818,WHATSAPP,2026-08-12 16:00:00,16,11,False,,IGNORED
CT-002680,C00818,WHATSAPP,2026-06-25 20:00:00,20,7,False,,REJECTED
CT-002681,C00818,WHATSAPP,2026-06-24 19:00:00,19,6,False,,REJECTED
CT-002682,C00819,APP_PUSH,2026-06-26 13:00:00,13,7,True,3.42,ANSWERED
CT-002683,C00819,APP_PUSH,2026-08-31 07:00:00,7,4,True,1.22,ANSWERED
CT-002684,C00819,APP_PUSH,2026-06-27 10:00:00,10,3,True,1.99,ANSWERED
CT-002685,C00820,WHATSAPP,2026-08-24 22:00:00,22,7,True,3.65,ANSWERED
CT-002686,C00820,CALL,2026-08-17 15:00:00,15,7,True,2.17,ANSWERED
CT-002687,C00820,SMS,2026-08-21 20:00:00,20,3,False,,IGNORED
CT-002688,C00822,CALL,2026-08-30 06:00:00,6,4,False,,IGNORED
CT-002689,C00822,WHATSAPP,2026-07-21 11:00:00,11,5,False,,IGNORED
CT-002690,C00823,CALL,2026-09-10 11:00:00,11,4,False,,IGNORED
CT-002691,C00824,APP_PUSH,2026-06-30 08:00:00,8,2,False,,IGNORED
CT-002692,C00824,APP_PUSH,2026-08-14 09:00:00,9,7,True,0.85,ANSWERED
CT-002693,C00824,APP_PUSH,2026-08-12 08:00:00,8,6,True,5.11,ANSWERED
CT-002694,C00824,APP_PUSH,2026-07-20 08:00:00,8,9,False,,IGNORED
CT-002695,C00826,WHATSAPP,2026-08-22 16:00:00,16,2,False,,IGNORED
CT-002696,C00826,WHATSAPP,2026-08-14 12:00:00,12,5,False,,IGNORED
CT-002697,C00826,APP_PUSH,2026-07-18 16:00:00,16,3,True,0.17,ANSWERED
CT-002698,C00826,WHATSAPP,2026-07-04 15:00:00,15,3,False,,IGNORED
CT-002699,C00827,SMS,2026-08-24 17:00:00,17,1,False,,IGNORED
CT-002700,C00827,APP_PUSH,2026-07-17 16:00:00,16,4,True,1.86,ANSWERED
CT-002701,C00827,SMS,2026-07-15 10:00:00,10,3,True,1.73,ANSWERED
CT-002702,C00828,SMS,2026-07-17 11:00:00,11,0,True,1.38,ANSWERED
CT-002703,C00828,WHATSAPP,2026-07-18 07:00:00,7,3,False,,IGNORED
CT-002704,C00828,SMS,2026-07-10 12:00:00,12,2,False,,IGNORED
CT-002705,C00829,APP_PUSH,2026-07-27 12:00:00,12,4,False,,REJECTED
CT-002706,C00829,WHATSAPP,2026-08-26 11:00:00,11,9,True,2.77,ANSWERED
CT-002707,C00830,SMS,2026-08-08 07:00:00,7,4,False,,BOUNCED
CT-002708,C00830,WHATSAPP,2026-06-17 07:00:00,7,4,False,,IGNORED
CT-002709,C00831,SMS,2026-09-07 13:00:00,13,7,False,,IGNORED
CT-002710,C00831,SMS,2026-09-10 12:00:00,12,5,False,,IGNORED
CT-002711,C00831,CALL,2026-07-03 15:00:00,15,5,False,,REJECTED
CT-002712,C00831,SMS,2026-09-08 10:00:00,10,5,False,,IGNORED
CT-002713,C00831,SMS,2026-07-08 12:00:00,12,5,False,,IGNORED
CT-002714,C00831,CALL,2026-07-15 10:00:00,10,8,False,,REJECTED
CT-002715,C00833,APP_PUSH,2026-07-06 07:00:00,7,0,False,,IGNORED
CT-002716,C00833,SMS,2026-07-19 08:00:00,8,1,True,0.09,ANSWERED
CT-002717,C00833,WHATSAPP,2026-08-02 02:00:00,2,1,False,,REJECTED
CT-002718,C00833,CALL,2026-09-06 08:00:00,8,0,False,,IGNORED
CT-002719,C00834,WHATSAPP,2026-06-28 21:00:00,21,1,False,,IGNORED
CT-002720,C00835,SMS,2026-07-07 22:00:00,22,1,False,,IGNORED
CT-002721,C00835,SMS,2026-08-20 20:00:00,20,0,False,,BOUNCED
CT-002722,C00835,SMS,2026-07-15 20:00:00,20,6,True,4.37,ANSWERED
CT-002723,C00836,CALL,2026-07-12 12:00:00,12,8,False,,REJECTED
CT-002724,C00836,WHATSAPP,2026-07-16 17:00:00,17,6,True,3.73,ANSWERED
CT-002725,C00836,SMS,2026-07-03 13:00:00,13,5,True,1.55,ANSWERED
CT-002726,C00836,WHATSAPP,2026-08-27 16:00:00,16,6,False,,REJECTED
CT-002727,C00837,SMS,2026-06-30 13:00:00,13,6,False,,IGNORED
CT-002728,C00837,WHATSAPP,2026-07-27 23:00:00,23,1,False,,IGNORED
CT-002729,C00837,SMS,2026-08-13 19:00:00,19,6,True,1.11,ANSWERED
CT-002730,C00837,SMS,2026-07-16 20:00:00,20,6,False,,IGNORED
CT-002731,C00837,APP_PUSH,2026-06-22 23:00:00,23,7,False,,IGNORED
CT-002732,C00838,WHATSAPP,2026-08-09 15:00:00,15,5,False,,IGNORED
CT-002733,C00838,WHATSAPP,2026-07-27 08:00:00,8,6,False,,IGNORED
CT-002734,C00838,WHATSAPP,2026-07-02 14:00:00,14,5,True,0.27,ANSWERED
CT-002735,C00838,WHATSAPP,2026-09-05 10:00:00,10,4,True,3.16,ANSWERED
CT-002736,C00838,WHATSAPP,2026-08-06 04:00:00,4,3,False,,IGNORED
CT-002737,C00838,SMS,2026-07-08 08:00:00,8,7,False,,IGNORED
CT-002738,C00838,WHATSAPP,2026-08-02 12:00:00,12,11,False,,BOUNCED
CT-002739,C00838,WHATSAPP,2026-07-15 09:00:00,9,5,True,0.79,ANSWERED
CT-002740,C00838,WHATSAPP,2026-08-13 12:00:00,12,7,False,,IGNORED
CT-002741,C00839,SMS,2026-08-18 11:00:00,11,6,True,1.16,ANSWERED
CT-002742,C00839,WHATSAPP,2026-07-25 12:00:00,12,4,True,2.68,ANSWERED
CT-002743,C00839,WHATSAPP,2026-07-15 17:00:00,17,8,False,,IGNORED
CT-002744,C00839,WHATSAPP,2026-07-13 12:00:00,12,5,False,,IGNORED
CT-002745,C00839,WHATSAPP,2026-09-07 13:00:00,13,9,False,,IGNORED
CT-002746,C00839,APP_PUSH,2026-08-01 19:00:00,19,3,False,,REJECTED
CT-002747,C00839,WHATSAPP,2026-07-21 19:00:00,19,7,False,,IGNORED
CT-002748,C00840,APP_PUSH,2026-08-09 22:00:00,22,7,False,,IGNORED
CT-002749,C00840,APP_PUSH,2026-06-24 16:00:00,16,10,False,,IGNORED
CT-002750,C00840,WHATSAPP,2026-07-18 22:00:00,22,8,False,,IGNORED
CT-002751,C00840,CALL,2026-07-08 19:00:00,19,7,False,,IGNORED
CT-002752,C00841,SMS,2026-07-28 10:00:00,10,5,False,,IGNORED
CT-002753,C00841,WHATSAPP,2026-09-08 16:00:00,16,11,False,,IGNORED
CT-002754,C00841,WHATSAPP,2026-08-16 13:00:00,13,7,True,1.63,ANSWERED
CT-002755,C00842,WHATSAPP,2026-08-15 11:00:00,11,6,True,1.81,ANSWERED
CT-002756,C00842,CALL,2026-09-11 11:00:00,11,4,False,,IGNORED
CT-002757,C00842,APP_PUSH,2026-07-03 14:00:00,14,6,False,,REJECTED
CT-002758,C00843,APP_PUSH,2026-08-27 15:00:00,15,1,False,,IGNORED
CT-002759,C00843,APP_PUSH,2026-06-27 13:00:00,13,2,False,,IGNORED
CT-002760,C00843,SMS,2026-09-07 11:00:00,11,0,False,,IGNORED
CT-002761,C00843,WHATSAPP,2026-09-11 12:00:00,12,6,False,,IGNORED
CT-002762,C00843,WHATSAPP,2026-08-15 10:00:00,10,3,False,,IGNORED
CT-002763,C00844,WHATSAPP,2026-09-05 13:00:00,13,3,True,2.47,ANSWERED
CT-002764,C00844,APP_PUSH,2026-06-20 13:00:00,13,1,False,,IGNORED
CT-002765,C00845,CALL,2026-08-09 21:00:00,21,4,False,,IGNORED
CT-002766,C00845,CALL,2026-06-28 23:00:00,23,5,True,3.57,ANSWERED
CT-002767,C00845,APP_PUSH,2026-07-27 15:00:00,15,5,False,,IGNORED
CT-002768,C00846,CALL,2026-07-18 12:00:00,12,6,True,1.14,ANSWERED
CT-002769,C00846,WHATSAPP,2026-08-26 12:00:00,12,10,False,,IGNORED
CT-002770,C00847,CALL,2026-06-29 06:00:00,6,7,False,,IGNORED
CT-002771,C00848,SMS,2026-07-24 04:00:00,4,4,True,0.69,ANSWERED
CT-002772,C00848,CALL,2026-06-17 12:00:00,12,5,True,1.96,ANSWERED
CT-002773,C00848,SMS,2026-08-23 06:00:00,6,0,False,,REJECTED
CT-002774,C00848,APP_PUSH,2026-06-17 11:00:00,11,1,False,,IGNORED
CT-002775,C00848,SMS,2026-07-03 15:00:00,15,6,False,,REJECTED
CT-002776,C00849,APP_PUSH,2026-08-18 16:00:00,16,1,False,,BOUNCED
CT-002777,C00849,CALL,2026-06-30 09:00:00,9,5,False,,IGNORED
CT-002778,C00850,WHATSAPP,2026-07-18 20:00:00,20,3,False,,BOUNCED
CT-002779,C00850,APP_PUSH,2026-06-25 19:00:00,19,3,False,,IGNORED
CT-002780,C00850,WHATSAPP,2026-09-09 18:00:00,18,2,True,1.79,ANSWERED
CT-002781,C00850,CALL,2026-07-16 17:00:00,17,5,True,0.57,ANSWERED
CT-002782,C00850,SMS,2026-06-26 15:00:00,15,2,True,1.57,ANSWERED
CT-002783,C00850,CALL,2026-07-14 18:00:00,18,5,False,,IGNORED
CT-002784,C00850,WHATSAPP,2026-07-14 18:00:00,18,2,True,6.72,ANSWERED
CT-002785,C00850,APP_PUSH,2026-07-26 16:00:00,16,0,False,,IGNORED
CT-002786,C00850,CALL,2026-09-07 18:00:00,18,3,True,1.93,ANSWERED
CT-002787,C00850,APP_PUSH,2026-07-12 18:00:00,18,3,True,1.45,ANSWERED
CT-002788,C00850,WHATSAPP,2026-08-27 17:00:00,17,4,False,,IGNORED
CT-002789,C00850,WHATSAPP,2026-07-07 13:00:00,13,1,False,,IGNORED
CT-002790,C00850,APP_PUSH,2026-08-21 19:00:00,19,0,True,0.08,ANSWERED
CT-002791,C00850,APP_PUSH,2026-08-07 16:00:00,16,4,True,0.05,ANSWERED
CT-002792,C00851,WHATSAPP,2026-07-23 19:00:00,19,3,True,6.19,ANSWERED
CT-002793,C00851,WHATSAPP,2026-08-05 11:00:00,11,5,False,,IGNORED
CT-002794,C00852,SMS,2026-06-24 14:00:00,14,3,False,,IGNORED
CT-002795,C00852,WHATSAPP,2026-08-18 10:00:00,10,3,False,,IGNORED
CT-002796,C00852,WHATSAPP,2026-08-10 15:00:00,15,5,False,,IGNORED
CT-002797,C00852,CALL,2026-07-28 07:00:00,7,4,True,1.55,ANSWERED
CT-002798,C00853,APP_PUSH,2026-06-30 14:00:00,14,6,False,,IGNORED
CT-002799,C00853,APP_PUSH,2026-08-12 11:00:00,11,5,False,,IGNORED
CT-002800,C00854,WHATSAPP,2026-08-21 15:00:00,15,5,True,1.86,ANSWERED
CT-002801,C00854,SMS,2026-06-19 15:00:00,15,2,True,0.33,ANSWERED
CT-002802,C00854,SMS,2026-08-21 15:00:00,15,1,True,1.51,ANSWERED
CT-002803,C00854,WHATSAPP,2026-08-29 17:00:00,17,5,False,,IGNORED
CT-002804,C00855,APP_PUSH,2026-08-26 12:00:00,12,7,False,,IGNORED
CT-002805,C00855,WHATSAPP,2026-08-30 12:00:00,12,4,False,,IGNORED
CT-002806,C00855,WHATSAPP,2026-09-08 12:00:00,12,5,False,,IGNORED
CT-002807,C00855,WHATSAPP,2026-07-19 11:00:00,11,3,False,,IGNORED
CT-002808,C00856,WHATSAPP,2026-06-16 12:00:00,12,2,False,,IGNORED
CT-002809,C00856,APP_PUSH,2026-08-10 12:00:00,12,8,False,,IGNORED
CT-002810,C00856,APP_PUSH,2026-07-24 10:00:00,10,5,False,,BOUNCED
CT-002811,C00856,WHATSAPP,2026-07-21 12:00:00,12,5,False,,IGNORED
CT-002812,C00857,CALL,2026-08-21 10:00:00,10,4,False,,REJECTED
CT-002813,C00857,CALL,2026-06-16 10:00:00,10,5,False,,IGNORED
CT-002814,C00857,CALL,2026-06-24 12:00:00,12,5,True,2.15,ANSWERED
CT-002815,C00857,CALL,2026-08-05 14:00:00,14,3,True,1.13,ANSWERED
CT-002816,C00857,CALL,2026-07-19 10:00:00,10,5,False,,IGNORED
CT-002817,C00858,APP_PUSH,2026-07-10 20:00:00,20,5,False,,IGNORED
CT-002818,C00858,CALL,2026-08-26 17:00:00,17,2,False,,IGNORED
CT-002819,C00858,APP_PUSH,2026-07-30 18:00:00,18,5,False,,IGNORED
CT-002820,C00858,SMS,2026-09-09 18:00:00,18,4,True,1.52,ANSWERED
CT-002821,C00858,CALL,2026-09-08 12:00:00,12,6,False,,IGNORED
CT-002822,C00859,SMS,2026-08-09 12:00:00,12,6,True,1.52,ANSWERED
CT-002823,C00859,SMS,2026-09-01 15:00:00,15,2,False,,IGNORED
CT-002824,C00859,WHATSAPP,2026-08-31 19:00:00,19,1,False,,REJECTED
CT-002825,C00860,CALL,2026-08-27 08:00:00,8,1,False,,IGNORED
CT-002826,C00861,APP_PUSH,2026-08-18 08:00:00,8,5,True,0.4,ANSWERED
CT-002827,C00861,APP_PUSH,2026-08-20 12:00:00,12,4,True,1.8,ANSWERED
CT-002828,C00861,APP_PUSH,2026-08-04 15:00:00,15,3,True,1.15,ANSWERED
CT-002829,C00861,CALL,2026-07-08 13:00:00,13,5,False,,BOUNCED
CT-002830,C00861,APP_PUSH,2026-08-02 03:00:00,3,6,False,,IGNORED
CT-002831,C00861,CALL,2026-07-17 10:00:00,10,3,False,,IGNORED
CT-002832,C00862,WHATSAPP,2026-08-04 13:00:00,13,4,True,0.32,ANSWERED
CT-002833,C00863,WHATSAPP,2026-07-25 09:00:00,9,6,False,,IGNORED
CT-002834,C00863,WHATSAPP,2026-08-29 12:00:00,12,6,False,,REJECTED
CT-002835,C00863,WHATSAPP,2026-07-09 08:00:00,8,6,True,0.64,ANSWERED
CT-002836,C00863,WHATSAPP,2026-08-09 02:00:00,2,8,False,,REJECTED
CT-002837,C00864,APP_PUSH,2026-07-05 17:00:00,17,8,False,,IGNORED
CT-002838,C00864,APP_PUSH,2026-07-05 21:00:00,21,3,False,,IGNORED
CT-002839,C00865,CALL,2026-08-11 14:00:00,14,5,False,,IGNORED
CT-002840,C00865,WHATSAPP,2026-06-16 11:00:00,11,6,False,,IGNORED
CT-002841,C00865,CALL,2026-08-07 13:00:00,13,4,False,,IGNORED
CT-002842,C00865,CALL,2026-08-26 09:00:00,9,5,False,,REJECTED
CT-002843,C00865,CALL,2026-07-14 11:00:00,11,5,False,,BOUNCED
CT-002844,C00866,APP_PUSH,2026-08-15 07:00:00,7,6,False,,IGNORED
CT-002845,C00866,SMS,2026-06-25 09:00:00,9,3,True,6.81,ANSWERED
CT-002846,C00866,APP_PUSH,2026-08-28 07:00:00,7,1,False,,IGNORED
CT-002847,C00866,WHATSAPP,2026-08-29 11:00:00,11,7,True,0.2,ANSWERED
CT-002848,C00866,WHATSAPP,2026-08-21 12:00:00,12,6,True,1.96,ANSWERED
CT-002849,C00866,WHATSAPP,2026-06-19 08:00:00,8,5,True,0.43,ANSWERED
CT-002850,C00866,SMS,2026-08-25 10:00:00,10,4,True,2.45,ANSWERED
CT-002851,C00866,APP_PUSH,2026-07-02 09:00:00,9,8,False,,IGNORED
CT-002852,C00867,APP_PUSH,2026-07-05 07:00:00,7,7,True,1.54,ANSWERED
CT-002853,C00867,APP_PUSH,2026-08-02 14:00:00,14,3,False,,IGNORED
CT-002854,C00867,CALL,2026-06-18 13:00:00,13,7,True,1.47,ANSWERED
CT-002855,C00867,APP_PUSH,2026-07-30 15:00:00,15,10,False,,IGNORED
CT-002856,C00867,APP_PUSH,2026-09-12 11:00:00,11,6,False,,IGNORED
CT-002857,C00868,SMS,2026-07-15 08:00:00,8,4,True,1.28,ANSWERED
CT-002858,C00868,SMS,2026-08-02 06:00:00,6,7,True,2.58,ANSWERED
CT-002859,C00868,SMS,2026-06-20 07:00:00,7,8,True,0.5,ANSWERED
CT-002860,C00869,SMS,2026-06-28 20:00:00,20,8,False,,REJECTED
CT-002861,C00869,CALL,2026-09-03 17:00:00,17,7,False,,IGNORED
CT-002862,C00869,CALL,2026-09-01 10:00:00,10,4,False,,IGNORED
CT-002863,C00869,CALL,2026-06-25 17:00:00,17,4,False,,IGNORED
CT-002864,C00870,APP_PUSH,2026-07-10 19:00:00,19,5,False,,IGNORED
CT-002865,C00870,SMS,2026-07-11 22:00:00,22,7,False,,IGNORED
CT-002866,C00870,CALL,2026-07-27 20:00:00,20,6,False,,REJECTED
CT-002867,C00870,SMS,2026-06-15 14:00:00,14,9,False,,IGNORED
CT-002868,C00870,WHATSAPP,2026-08-08 12:00:00,12,5,True,1.44,ANSWERED
CT-002869,C00872,APP_PUSH,2026-08-03 17:00:00,17,1,False,,REJECTED
CT-002870,C00873,CALL,2026-08-19 12:00:00,12,6,True,3.49,ANSWERED
CT-002871,C00873,APP_PUSH,2026-08-29 09:00:00,9,3,True,3.01,ANSWERED
CT-002872,C00873,APP_PUSH,2026-07-29 10:00:00,10,1,False,,IGNORED
CT-002873,C00873,CALL,2026-07-04 08:00:00,8,1,False,,IGNORED
CT-002874,C00873,CALL,2026-07-02 12:00:00,12,1,True,0.76,ANSWERED
CT-002875,C00873,APP_PUSH,2026-09-04 06:00:00,6,3,False,,IGNORED
CT-002876,C00873,CALL,2026-08-17 14:00:00,14,4,False,,IGNORED
CT-002877,C00873,CALL,2026-09-12 11:00:00,11,3,False,,IGNORED
CT-002878,C00873,APP_PUSH,2026-07-26 11:00:00,11,1,True,2.6,ANSWERED
CT-002879,C00873,APP_PUSH,2026-09-11 13:00:00,13,4,False,,IGNORED
CT-002880,C00874,APP_PUSH,2026-06-26 14:00:00,14,2,False,,IGNORED
CT-002881,C00875,WHATSAPP,2026-08-04 19:00:00,19,5,True,1.18,ANSWERED
CT-002882,C00876,CALL,2026-07-30 06:00:00,6,4,False,,IGNORED
CT-002883,C00876,APP_PUSH,2026-06-16 03:00:00,3,0,False,,IGNORED
CT-002884,C00876,APP_PUSH,2026-08-17 06:00:00,6,3,True,0.45,ANSWERED
CT-002885,C00876,CALL,2026-08-07 07:00:00,7,2,True,0.27,ANSWERED
CT-002886,C00876,APP_PUSH,2026-08-17 07:00:00,7,1,False,,IGNORED
CT-002887,C00876,APP_PUSH,2026-07-24 08:00:00,8,4,False,,IGNORED
CT-002888,C00876,SMS,2026-08-01 08:00:00,8,3,False,,IGNORED
CT-002889,C00876,SMS,2026-08-18 09:00:00,9,4,False,,IGNORED
CT-002890,C00876,APP_PUSH,2026-08-11 05:00:00,5,7,True,4.67,ANSWERED
CT-002891,C00877,SMS,2026-07-17 23:00:00,23,3,True,1.59,ANSWERED
CT-002892,C00877,WHATSAPP,2026-08-06 13:00:00,13,2,False,,IGNORED
CT-002893,C00877,CALL,2026-06-16 14:00:00,14,0,False,,IGNORED
CT-002894,C00878,APP_PUSH,2026-07-30 16:00:00,16,1,False,,IGNORED
CT-002895,C00878,CALL,2026-06-23 16:00:00,16,3,False,,IGNORED
CT-002896,C00878,WHATSAPP,2026-08-27 17:00:00,17,1,True,0.02,ANSWERED
CT-002897,C00879,APP_PUSH,2026-07-02 17:00:00,17,6,False,,BOUNCED
CT-002898,C00879,SMS,2026-07-01 21:00:00,21,2,True,1.67,ANSWERED
CT-002899,C00880,CALL,2026-07-30 11:00:00,11,1,False,,REJECTED
CT-002900,C00881,APP_PUSH,2026-07-16 15:00:00,15,2,True,1.59,ANSWERED
CT-002901,C00882,CALL,2026-07-02 20:00:00,20,6,False,,IGNORED
CT-002902,C00882,CALL,2026-06-18 09:00:00,9,4,False,,IGNORED
CT-002903,C00882,WHATSAPP,2026-09-07 15:00:00,15,3,False,,IGNORED
CT-002904,C00883,SMS,2026-06-25 07:00:00,7,3,False,,BOUNCED
CT-002905,C00883,WHATSAPP,2026-08-31 08:00:00,8,9,False,,IGNORED
CT-002906,C00883,WHATSAPP,2026-09-01 09:00:00,9,5,True,3.74,ANSWERED
CT-002907,C00883,SMS,2026-07-09 08:00:00,8,3,False,,IGNORED
CT-002908,C00884,APP_PUSH,2026-07-19 23:00:00,23,8,True,0.14,ANSWERED
CT-002909,C00884,APP_PUSH,2026-07-13 17:00:00,17,6,True,0.36,ANSWERED
CT-002910,C00884,APP_PUSH,2026-09-04 20:00:00,20,7,True,3.77,ANSWERED
CT-002911,C00884,APP_PUSH,2026-08-01 14:00:00,14,5,False,,IGNORED
CT-002912,C00885,WHATSAPP,2026-09-11 20:00:00,20,5,False,,IGNORED
CT-002913,C00885,SMS,2026-08-04 21:00:00,21,5,False,,IGNORED
CT-002914,C00885,APP_PUSH,2026-08-30 22:00:00,22,7,False,,IGNORED
CT-002915,C00886,SMS,2026-07-23 10:00:00,10,5,True,0.12,ANSWERED
CT-002916,C00886,WHATSAPP,2026-08-26 11:00:00,11,5,False,,IGNORED
CT-002917,C00886,SMS,2026-06-27 10:00:00,10,0,False,,IGNORED
CT-002918,C00887,APP_PUSH,2026-08-15 18:00:00,18,10,True,3.18,ANSWERED
CT-002919,C00887,APP_PUSH,2026-07-07 17:00:00,17,9,False,,IGNORED
CT-002920,C00887,APP_PUSH,2026-07-05 15:00:00,15,8,False,,IGNORED
CT-002921,C00887,APP_PUSH,2026-08-04 11:00:00,11,8,True,2.85,ANSWERED
CT-002922,C00887,APP_PUSH,2026-08-31 10:00:00,10,9,False,,IGNORED
CT-002923,C00888,WHATSAPP,2026-06-16 10:00:00,10,7,False,,IGNORED
CT-002924,C00889,WHATSAPP,2026-07-18 08:00:00,8,1,False,,IGNORED
CT-002925,C00889,WHATSAPP,2026-07-10 08:00:00,8,2,False,,IGNORED
CT-002926,C00890,SMS,2026-06-20 17:00:00,17,1,False,,REJECTED
CT-002927,C00890,SMS,2026-07-31 21:00:00,21,2,False,,IGNORED
CT-002928,C00891,APP_PUSH,2026-07-15 12:00:00,12,4,True,0.42,ANSWERED
CT-002929,C00891,APP_PUSH,2026-07-02 12:00:00,12,2,False,,IGNORED
CT-002930,C00891,APP_PUSH,2026-07-28 11:00:00,11,2,True,0.48,ANSWERED
CT-002931,C00891,APP_PUSH,2026-09-09 12:00:00,12,3,False,,IGNORED
CT-002932,C00891,WHATSAPP,2026-07-04 14:00:00,14,2,False,,IGNORED
CT-002933,C00891,CALL,2026-08-14 07:00:00,7,2,False,,IGNORED
CT-002934,C00891,CALL,2026-07-01 10:00:00,10,0,False,,REJECTED
CT-002935,C00892,APP_PUSH,2026-07-07 12:00:00,12,6,False,,IGNORED
CT-002936,C00892,APP_PUSH,2026-08-05 07:00:00,7,7,True,0.21,ANSWERED
CT-002937,C00892,CALL,2026-08-12 15:00:00,15,9,False,,IGNORED
CT-002938,C00892,APP_PUSH,2026-08-30 10:00:00,10,5,True,0.6,ANSWERED
CT-002939,C00892,APP_PUSH,2026-07-09 12:00:00,12,6,False,,IGNORED
CT-002940,C00893,CALL,2026-06-25 11:00:00,11,3,False,,REJECTED
CT-002941,C00894,CALL,2026-06-27 09:00:00,9,1,True,0.14,ANSWERED
CT-002942,C00895,APP_PUSH,2026-08-08 06:00:00,6,0,False,,IGNORED
CT-002943,C00895,APP_PUSH,2026-07-22 05:00:00,5,3,False,,IGNORED
CT-002944,C00896,CALL,2026-06-27 17:00:00,17,4,True,0.2,ANSWERED
CT-002945,C00896,SMS,2026-09-03 22:00:00,22,2,False,,IGNORED
CT-002946,C00897,APP_PUSH,2026-09-06 13:00:00,13,3,False,,IGNORED
CT-002947,C00897,SMS,2026-06-16 19:00:00,19,6,True,4.8,ANSWERED
CT-002948,C00897,CALL,2026-07-25 22:00:00,22,7,True,0.98,ANSWERED
CT-002949,C00897,WHATSAPP,2026-07-18 16:00:00,16,5,False,,IGNORED
CT-002950,C00898,SMS,2026-06-28 10:00:00,10,4,False,,IGNORED
CT-002951,C00898,SMS,2026-08-31 10:00:00,10,7,False,,IGNORED
CT-002952,C00899,WHATSAPP,2026-07-03 20:00:00,20,7,False,,IGNORED
CT-002953,C00899,CALL,2026-08-26 20:00:00,20,1,False,,IGNORED
CT-002954,C00899,CALL,2026-08-11 11:00:00,11,5,True,5.53,ANSWERED
CT-002955,C00900,SMS,2026-07-08 20:00:00,20,5,True,1.2,ANSWERED
CT-002956,C00901,SMS,2026-09-08 19:00:00,19,3,False,,IGNORED
CT-002957,C00901,WHATSAPP,2026-06-18 19:00:00,19,3,False,,BOUNCED
CT-002958,C00901,WHATSAPP,2026-07-19 14:00:00,14,3,False,,IGNORED
CT-002959,C00901,WHATSAPP,2026-08-03 17:00:00,17,3,True,2.86,ANSWERED
CT-002960,C00901,WHATSAPP,2026-08-05 10:00:00,10,1,True,0.56,ANSWERED
CT-002961,C00902,APP_PUSH,2026-07-29 11:00:00,11,4,True,0.96,ANSWERED
CT-002962,C00902,CALL,2026-08-11 13:00:00,13,4,False,,IGNORED
CT-002963,C00902,CALL,2026-06-17 08:00:00,8,4,True,1.03,ANSWERED
CT-002964,C00903,SMS,2026-09-07 06:00:00,6,6,True,2.65,ANSWERED
CT-002965,C00903,SMS,2026-07-10 05:00:00,5,3,True,2.04,ANSWERED
CT-002966,C00903,SMS,2026-09-04 07:00:00,7,5,True,0.8,ANSWERED
CT-002967,C00903,SMS,2026-08-03 07:00:00,7,5,True,1.01,ANSWERED
CT-002968,C00904,WHATSAPP,2026-09-05 20:00:00,20,4,False,,IGNORED
CT-002969,C00904,WHATSAPP,2026-07-01 22:00:00,22,1,False,,IGNORED
CT-002970,C00904,WHATSAPP,2026-06-23 23:00:00,23,7,False,,IGNORED
CT-002971,C00905,WHATSAPP,2026-09-08 18:00:00,18,1,False,,IGNORED
CT-002972,C00905,APP_PUSH,2026-08-18 13:00:00,13,5,False,,REJECTED
CT-002973,C00905,APP_PUSH,2026-06-23 15:00:00,15,4,False,,IGNORED
CT-002974,C00905,APP_PUSH,2026-06-27 18:00:00,18,1,False,,IGNORED
CT-002975,C00905,APP_PUSH,2026-06-15 13:00:00,13,1,False,,REJECTED
CT-002976,C00905,APP_PUSH,2026-06-20 11:00:00,11,1,False,,REJECTED
CT-002977,C00906,CALL,2026-07-06 20:00:00,20,8,False,,REJECTED
CT-002978,C00908,CALL,2026-06-25 12:00:00,12,1,False,,IGNORED
CT-002979,C00908,WHATSAPP,2026-07-23 14:00:00,14,1,False,,IGNORED
CT-002980,C00908,APP_PUSH,2026-08-02 13:00:00,13,1,False,,REJECTED
CT-002981,C00908,WHATSAPP,2026-08-20 11:00:00,11,3,True,0.26,ANSWERED
CT-002982,C00908,APP_PUSH,2026-07-16 10:00:00,10,3,True,1.3,ANSWERED
CT-002983,C00908,WHATSAPP,2026-06-17 12:00:00,12,4,False,,REJECTED
CT-002984,C00908,APP_PUSH,2026-08-01 19:00:00,19,1,False,,IGNORED
CT-002985,C00908,APP_PUSH,2026-08-08 11:00:00,11,1,False,,REJECTED
CT-002986,C00908,APP_PUSH,2026-06-17 08:00:00,8,1,False,,IGNORED
CT-002987,C00909,SMS,2026-06-26 13:00:00,13,4,True,4.45,ANSWERED
CT-002988,C00909,APP_PUSH,2026-07-18 11:00:00,11,8,True,2.0,ANSWERED
CT-002989,C00910,APP_PUSH,2026-07-22 17:00:00,17,5,False,,IGNORED
CT-002990,C00910,CALL,2026-08-09 15:00:00,15,5,True,1.45,ANSWERED
CT-002991,C00910,APP_PUSH,2026-08-20 15:00:00,15,2,False,,IGNORED
CT-002992,C00910,APP_PUSH,2026-08-10 14:00:00,14,5,True,2.9,ANSWERED
CT-002993,C00910,CALL,2026-09-01 15:00:00,15,0,False,,IGNORED
CT-002994,C00911,WHATSAPP,2026-06-16 22:00:00,22,3,True,0.12,ANSWERED
CT-002995,C00911,CALL,2026-06-19 19:00:00,19,3,False,,IGNORED
CT-002996,C00911,WHATSAPP,2026-09-01 13:00:00,13,0,True,0.04,ANSWERED
CT-002997,C00912,SMS,2026-07-03 16:00:00,16,3,True,1.48,ANSWERED
CT-002998,C00912,SMS,2026-06-16 20:00:00,20,6,False,,IGNORED
CT-002999,C00912,SMS,2026-09-01 18:00:00,18,5,True,10.68,ANSWERED
CT-003000,C00913,WHATSAPP,2026-07-04 09:00:00,9,4,False,,IGNORED
CT-003001,C00913,APP_PUSH,2026-08-25 10:00:00,10,7,False,,IGNORED
CT-003002,C00913,APP_PUSH,2026-06-29 07:00:00,7,9,False,,REJECTED
CT-003003,C00913,CALL,2026-07-10 15:00:00,15,5,False,,IGNORED
CT-003004,C00913,APP_PUSH,2026-09-03 08:00:00,8,5,False,,REJECTED
CT-003005,C00913,APP_PUSH,2026-07-22 07:00:00,7,6,False,,IGNORED
CT-003006,C00913,CALL,2026-06-18 05:00:00,5,7,False,,IGNORED
CT-003007,C00913,CALL,2026-06-19 10:00:00,10,5,False,,REJECTED
CT-003008,C00914,SMS,2026-06-15 18:00:00,18,5,False,,IGNORED
CT-003009,C00914,CALL,2026-07-31 15:00:00,15,9,False,,IGNORED
CT-003010,C00914,CALL,2026-07-10 19:00:00,19,9,False,,IGNORED
CT-003011,C00914,CALL,2026-06-15 17:00:00,17,5,False,,IGNORED
CT-003012,C00914,SMS,2026-07-14 17:00:00,17,5,True,1.14,ANSWERED
CT-003013,C00914,CALL,2026-07-15 20:00:00,20,6,False,,IGNORED
CT-003014,C00914,CALL,2026-08-18 20:00:00,20,7,False,,IGNORED
CT-003015,C00914,CALL,2026-07-14 23:00:00,23,5,False,,IGNORED
CT-003016,C00914,SMS,2026-07-05 14:00:00,14,8,True,0.06,ANSWERED
CT-003017,C00914,APP_PUSH,2026-07-29 19:00:00,19,10,False,,IGNORED
CT-003018,C00915,APP_PUSH,2026-07-06 11:00:00,11,1,False,,IGNORED
CT-003019,C00915,APP_PUSH,2026-08-04 18:00:00,18,3,False,,IGNORED
CT-003020,C00915,APP_PUSH,2026-07-17 20:00:00,20,2,False,,IGNORED
CT-003021,C00915,APP_PUSH,2026-07-29 15:00:00,15,4,False,,REJECTED
CT-003022,C00915,APP_PUSH,2026-08-08 19:00:00,19,2,True,0.14,ANSWERED
CT-003023,C00915,APP_PUSH,2026-08-14 16:00:00,16,3,False,,IGNORED
CT-003024,C00915,WHATSAPP,2026-09-10 15:00:00,15,0,False,,IGNORED
CT-003025,C00915,WHATSAPP,2026-08-16 21:00:00,21,4,False,,IGNORED
CT-003026,C00915,APP_PUSH,2026-07-22 14:00:00,14,1,False,,IGNORED
CT-003027,C00915,APP_PUSH,2026-07-07 17:00:00,17,4,False,,REJECTED
CT-003028,C00916,WHATSAPP,2026-08-06 19:00:00,19,6,False,,REJECTED
CT-003029,C00916,APP_PUSH,2026-08-28 23:00:00,23,7,False,,IGNORED
CT-003030,C00916,APP_PUSH,2026-09-11 20:00:00,20,8,True,0.77,ANSWERED
CT-003031,C00916,APP_PUSH,2026-06-29 19:00:00,19,4,False,,IGNORED
CT-003032,C00916,APP_PUSH,2026-08-10 21:00:00,21,5,False,,IGNORED
CT-003033,C00917,SMS,2026-06-28 17:00:00,17,5,False,,IGNORED
CT-003034,C00917,WHATSAPP,2026-06-18 21:00:00,21,6,False,,IGNORED
CT-003035,C00917,SMS,2026-07-20 19:00:00,19,2,False,,IGNORED
CT-003036,C00917,CALL,2026-09-01 17:00:00,17,3,False,,REJECTED
CT-003037,C00917,CALL,2026-09-08 17:00:00,17,0,False,,IGNORED
CT-003038,C00918,APP_PUSH,2026-08-21 14:00:00,14,5,False,,IGNORED
CT-003039,C00919,WHATSAPP,2026-06-18 12:00:00,12,11,False,,BOUNCED
CT-003040,C00919,APP_PUSH,2026-08-21 12:00:00,12,6,False,,BOUNCED
CT-003041,C00919,WHATSAPP,2026-09-08 15:00:00,15,4,False,,IGNORED
CT-003042,C00919,APP_PUSH,2026-08-18 10:00:00,10,7,False,,IGNORED
CT-003043,C00919,APP_PUSH,2026-08-16 09:00:00,9,8,False,,REJECTED
CT-003044,C00919,APP_PUSH,2026-08-14 15:00:00,15,9,True,1.33,ANSWERED
CT-003045,C00920,APP_PUSH,2026-07-12 10:00:00,10,3,False,,IGNORED
CT-003046,C00920,WHATSAPP,2026-08-29 17:00:00,17,3,False,,IGNORED
CT-003047,C00921,SMS,2026-08-08 21:00:00,21,-1,False,,IGNORED
CT-003048,C00921,APP_PUSH,2026-08-04 21:00:00,21,2,False,,IGNORED
CT-003049,C00921,APP_PUSH,2026-06-28 20:00:00,20,-1,False,,IGNORED
CT-003050,C00921,SMS,2026-06-26 23:00:00,23,2,False,,BOUNCED
CT-003051,C00921,CALL,2026-08-10 23:00:00,23,2,True,0.74,ANSWERED
CT-003052,C00922,WHATSAPP,2026-08-20 19:00:00,19,0,False,,REJECTED
CT-003053,C00922,WHATSAPP,2026-08-29 21:00:00,21,2,False,,IGNORED
CT-003054,C00923,WHATSAPP,2026-07-19 14:00:00,14,3,False,,REJECTED
CT-003055,C00923,APP_PUSH,2026-08-26 16:00:00,16,3,True,1.26,ANSWERED
CT-003056,C00923,APP_PUSH,2026-08-06 17:00:00,17,4,True,0.14,ANSWERED
CT-003057,C00924,APP_PUSH,2026-08-28 17:00:00,17,6,True,0.1,ANSWERED
CT-003058,C00924,CALL,2026-07-21 16:00:00,16,4,False,,REJECTED
CT-003059,C00924,SMS,2026-07-07 13:00:00,13,6,False,,IGNORED
CT-003060,C00925,APP_PUSH,2026-06-15 14:00:00,14,4,False,,IGNORED
CT-003061,C00925,WHATSAPP,2026-07-02 19:00:00,19,2,False,,IGNORED
CT-003062,C00925,APP_PUSH,2026-07-27 10:00:00,10,2,False,,IGNORED
CT-003063,C00926,SMS,2026-06-17 14:00:00,14,0,False,,IGNORED
CT-003064,C00926,WHATSAPP,2026-08-01 12:00:00,12,7,False,,IGNORED
CT-003065,C00926,CALL,2026-07-05 11:00:00,11,2,False,,IGNORED
CT-003066,C00926,CALL,2026-06-18 15:00:00,15,5,False,,IGNORED
CT-003067,C00926,CALL,2026-08-03 06:00:00,6,2,False,,IGNORED
CT-003068,C00926,SMS,2026-07-30 13:00:00,13,0,False,,IGNORED
CT-003069,C00926,SMS,2026-09-02 13:00:00,13,5,True,1.0,ANSWERED
CT-003070,C00927,WHATSAPP,2026-08-26 10:00:00,10,9,True,1.18,ANSWERED
CT-003071,C00928,WHATSAPP,2026-07-10 17:00:00,17,3,False,,IGNORED
CT-003072,C00928,CALL,2026-08-17 13:00:00,13,5,False,,REJECTED
CT-003073,C00928,SMS,2026-08-05 12:00:00,12,4,False,,IGNORED
CT-003074,C00928,WHATSAPP,2026-08-06 14:00:00,14,3,False,,IGNORED
CT-003075,C00929,SMS,2026-08-14 15:00:00,15,4,False,,BOUNCED
CT-003076,C00929,SMS,2026-09-03 17:00:00,17,8,False,,REJECTED
CT-003077,C00930,WHATSAPP,2026-06-30 18:00:00,18,5,False,,IGNORED
CT-003078,C00930,APP_PUSH,2026-09-02 12:00:00,12,1,False,,BOUNCED
CT-003079,C00930,CALL,2026-07-14 18:00:00,18,2,False,,IGNORED
CT-003080,C00931,WHATSAPP,2026-08-13 17:00:00,17,3,False,,IGNORED
CT-003081,C00931,CALL,2026-07-04 16:00:00,16,8,True,0.51,ANSWERED
CT-003082,C00931,CALL,2026-07-03 13:00:00,13,1,True,5.24,ANSWERED
CT-003083,C00932,SMS,2026-07-30 22:00:00,22,2,False,,IGNORED
CT-003084,C00932,SMS,2026-09-05 20:00:00,20,0,True,0.66,ANSWERED
CT-003085,C00932,WHATSAPP,2026-07-23 19:00:00,19,4,False,,IGNORED
CT-003086,C00932,WHATSAPP,2026-09-07 18:00:00,18,0,False,,REJECTED
CT-003087,C00933,SMS,2026-07-25 14:00:00,14,5,False,,IGNORED
CT-003088,C00933,WHATSAPP,2026-07-18 15:00:00,15,4,False,,IGNORED
CT-003089,C00933,SMS,2026-07-02 14:00:00,14,3,False,,IGNORED
CT-003090,C00933,SMS,2026-07-29 15:00:00,15,2,False,,REJECTED
CT-003091,C00933,WHATSAPP,2026-08-19 11:00:00,11,1,False,,BOUNCED
CT-003092,C00933,APP_PUSH,2026-08-02 18:00:00,18,4,False,,IGNORED
CT-003093,C00933,CALL,2026-08-04 17:00:00,17,3,False,,IGNORED
CT-003094,C00933,SMS,2026-07-27 15:00:00,15,1,False,,IGNORED
CT-003095,C00934,SMS,2026-07-26 23:00:00,23,9,False,,IGNORED
CT-003096,C00934,CALL,2026-07-15 19:00:00,19,4,False,,IGNORED
CT-003097,C00935,APP_PUSH,2026-09-03 17:00:00,17,2,False,,REJECTED
CT-003098,C00935,CALL,2026-08-12 13:00:00,13,3,False,,IGNORED
CT-003099,C00936,WHATSAPP,2026-06-18 14:00:00,14,3,False,,IGNORED
CT-003100,C00936,WHATSAPP,2026-08-30 11:00:00,11,7,False,,REJECTED
CT-003101,C00937,APP_PUSH,2026-09-03 19:00:00,19,4,False,,IGNORED
CT-003102,C00937,APP_PUSH,2026-06-21 16:00:00,16,3,True,0.26,ANSWERED
CT-003103,C00937,APP_PUSH,2026-08-08 15:00:00,15,5,True,0.62,ANSWERED
CT-003104,C00937,APP_PUSH,2026-06-22 18:00:00,18,0,False,,IGNORED
CT-003105,C00937,APP_PUSH,2026-08-10 21:00:00,21,5,True,6.93,ANSWERED
CT-003106,C00938,CALL,2026-08-23 19:00:00,19,3,False,,IGNORED
CT-003107,C00938,CALL,2026-09-06 23:00:00,23,1,False,,BOUNCED
CT-003108,C00938,SMS,2026-07-16 14:00:00,14,0,False,,REJECTED
CT-003109,C00938,SMS,2026-07-21 14:00:00,14,3,False,,IGNORED
CT-003110,C00939,SMS,2026-08-08 11:00:00,11,5,True,2.33,ANSWERED
CT-003111,C00939,SMS,2026-09-05 15:00:00,15,6,True,1.76,ANSWERED
CT-003112,C00939,APP_PUSH,2026-07-23 14:00:00,14,1,False,,IGNORED
CT-003113,C00939,SMS,2026-06-24 09:00:00,9,5,False,,IGNORED
CT-003114,C00940,CALL,2026-09-04 08:00:00,8,2,True,1.02,ANSWERED
CT-003115,C00940,SMS,2026-07-21 21:00:00,21,2,True,0.83,ANSWERED
CT-003116,C00941,CALL,2026-07-02 18:00:00,18,1,True,2.67,ANSWERED
CT-003117,C00942,SMS,2026-07-25 14:00:00,14,6,False,,IGNORED
CT-003118,C00942,SMS,2026-06-26 13:00:00,13,2,False,,REJECTED
CT-003119,C00943,SMS,2026-07-25 08:00:00,8,2,False,,REJECTED
CT-003120,C00943,APP_PUSH,2026-07-19 09:00:00,9,0,False,,IGNORED
CT-003121,C00943,APP_PUSH,2026-07-09 13:00:00,13,0,False,,IGNORED
CT-003122,C00944,WHATSAPP,2026-06-26 07:00:00,7,4,True,4.27,ANSWERED
CT-003123,C00944,WHATSAPP,2026-07-14 15:00:00,15,4,True,0.1,ANSWERED
CT-003124,C00945,APP_PUSH,2026-07-19 06:00:00,6,1,True,6.1,ANSWERED
CT-003125,C00945,WHATSAPP,2026-09-05 04:00:00,4,8,False,,IGNORED
CT-003126,C00945,WHATSAPP,2026-07-10 06:00:00,6,4,False,,IGNORED
CT-003127,C00945,SMS,2026-08-16 06:00:00,6,3,False,,REJECTED
CT-003128,C00945,WHATSAPP,2026-07-04 10:00:00,10,3,False,,REJECTED
CT-003129,C00946,WHATSAPP,2026-07-08 17:00:00,17,2,False,,IGNORED
CT-003130,C00946,APP_PUSH,2026-07-12 12:00:00,12,4,False,,IGNORED
CT-003131,C00947,WHATSAPP,2026-06-17 18:00:00,18,1,False,,BOUNCED
CT-003132,C00947,CALL,2026-07-27 17:00:00,17,2,False,,IGNORED
CT-003133,C00947,WHATSAPP,2026-07-11 22:00:00,22,5,False,,BOUNCED
CT-003134,C00948,CALL,2026-08-07 06:00:00,6,9,False,,IGNORED
CT-003135,C00948,CALL,2026-08-11 12:00:00,12,10,False,,IGNORED
CT-003136,C00949,APP_PUSH,2026-06-19 09:00:00,9,5,False,,REJECTED
CT-003137,C00950,SMS,2026-07-05 11:00:00,11,4,True,2.26,ANSWERED
CT-003138,C00950,SMS,2026-07-28 08:00:00,8,7,False,,IGNORED
CT-003139,C00950,WHATSAPP,2026-07-25 10:00:00,10,2,False,,IGNORED
CT-003140,C00952,CALL,2026-08-03 15:00:00,15,4,False,,IGNORED
CT-003141,C00952,SMS,2026-08-03 20:00:00,20,2,False,,REJECTED
CT-003142,C00953,WHATSAPP,2026-07-11 16:00:00,16,7,True,4.71,ANSWERED
CT-003143,C00953,WHATSAPP,2026-07-15 15:00:00,15,3,False,,IGNORED
CT-003144,C00953,SMS,2026-06-22 14:00:00,14,2,True,0.7,ANSWERED
CT-003145,C00954,SMS,2026-08-23 23:00:00,23,0,False,,IGNORED
CT-003146,C00954,APP_PUSH,2026-06-21 22:00:00,22,0,False,,IGNORED
CT-003147,C00955,SMS,2026-08-01 21:00:00,21,7,True,1.11,ANSWERED
CT-003148,C00955,SMS,2026-07-16 18:00:00,18,5,True,0.41,ANSWERED
CT-003149,C00955,CALL,2026-06-16 15:00:00,15,5,True,0.97,ANSWERED
CT-003150,C00955,CALL,2026-08-16 21:00:00,21,6,True,0.37,ANSWERED
CT-003151,C00956,WHATSAPP,2026-07-18 23:00:00,23,2,True,10.64,ANSWERED
CT-003152,C00956,SMS,2026-09-09 20:00:00,20,3,False,,REJECTED
CT-003153,C00956,SMS,2026-08-29 18:00:00,18,2,True,3.15,ANSWERED
CT-003154,C00956,WHATSAPP,2026-08-04 14:00:00,14,3,False,,IGNORED
CT-003155,C00956,WHATSAPP,2026-07-06 16:00:00,16,1,True,1.09,ANSWERED
CT-003156,C00957,WHATSAPP,2026-08-29 19:00:00,19,4,False,,IGNORED
CT-003157,C00957,CALL,2026-08-26 15:00:00,15,4,False,,IGNORED
CT-003158,C00958,APP_PUSH,2026-07-05 07:00:00,7,4,False,,IGNORED
CT-003159,C00958,APP_PUSH,2026-06-23 11:00:00,11,7,False,,IGNORED
CT-003160,C00959,WHATSAPP,2026-07-04 09:00:00,9,6,False,,IGNORED
CT-003161,C00959,WHATSAPP,2026-09-10 09:00:00,9,3,False,,IGNORED
CT-003162,C00959,WHATSAPP,2026-09-06 12:00:00,12,4,True,5.36,ANSWERED
CT-003163,C00960,CALL,2026-07-22 07:00:00,7,7,False,,IGNORED
CT-003164,C00960,CALL,2026-06-20 11:00:00,11,5,False,,REJECTED
CT-003165,C00960,CALL,2026-08-13 14:00:00,14,8,False,,REJECTED
CT-003166,C00960,CALL,2026-08-14 15:00:00,15,8,False,,REJECTED
CT-003167,C00960,CALL,2026-09-05 07:00:00,7,9,False,,REJECTED
CT-003168,C00961,CALL,2026-08-05 09:00:00,9,0,False,,IGNORED
CT-003169,C00961,CALL,2026-06-19 10:00:00,10,5,False,,IGNORED
CT-003170,C00962,SMS,2026-07-23 13:00:00,13,5,False,,IGNORED
CT-003171,C00962,SMS,2026-06-17 16:00:00,16,1,False,,IGNORED
CT-003172,C00962,SMS,2026-08-01 13:00:00,13,6,True,4.23,ANSWERED
CT-003173,C00962,CALL,2026-09-06 17:00:00,17,8,False,,IGNORED
CT-003174,C00962,APP_PUSH,2026-08-01 16:00:00,16,6,True,4.66,ANSWERED
CT-003175,C00962,CALL,2026-08-31 16:00:00,16,4,False,,IGNORED
CT-003176,C00962,APP_PUSH,2026-08-29 19:00:00,19,5,False,,IGNORED
CT-003177,C00963,APP_PUSH,2026-07-06 16:00:00,16,3,True,1.56,ANSWERED
CT-003178,C00963,CALL,2026-09-11 15:00:00,15,6,True,0.14,ANSWERED
CT-003179,C00963,SMS,2026-07-15 16:00:00,16,6,False,,IGNORED
CT-003180,C00963,APP_PUSH,2026-07-17 19:00:00,19,3,True,3.33,ANSWERED
CT-003181,C00963,SMS,2026-07-28 16:00:00,16,1,True,4.53,ANSWERED
CT-003182,C00963,SMS,2026-06-28 19:00:00,19,1,False,,IGNORED
CT-003183,C00963,CALL,2026-08-11 18:00:00,18,5,True,4.22,ANSWERED
CT-003184,C00964,APP_PUSH,2026-07-12 07:00:00,7,5,True,1.33,ANSWERED
CT-003185,C00965,CALL,2026-06-17 16:00:00,16,6,True,0.52,ANSWERED
CT-003186,C00965,CALL,2026-07-25 23:00:00,23,9,False,,REJECTED
CT-003187,C00965,WHATSAPP,2026-08-01 16:00:00,16,8,False,,IGNORED
CT-003188,C00965,APP_PUSH,2026-07-12 19:00:00,19,9,False,,REJECTED
CT-003189,C00965,APP_PUSH,2026-08-29 18:00:00,18,9,False,,IGNORED
CT-003190,C00967,APP_PUSH,2026-07-10 18:00:00,18,9,True,0.34,ANSWERED
CT-003191,C00967,APP_PUSH,2026-08-26 17:00:00,17,6,False,,BOUNCED
CT-003192,C00967,APP_PUSH,2026-07-17 18:00:00,18,10,False,,IGNORED
CT-003193,C00967,WHATSAPP,2026-09-06 18:00:00,18,7,False,,IGNORED
CT-003194,C00967,APP_PUSH,2026-08-15 17:00:00,17,5,True,0.27,ANSWERED
CT-003195,C00967,APP_PUSH,2026-08-05 17:00:00,17,4,False,,IGNORED
CT-003196,C00967,WHATSAPP,2026-08-13 20:00:00,20,6,False,,IGNORED
CT-003197,C00967,APP_PUSH,2026-06-16 20:00:00,20,3,False,,IGNORED
CT-003198,C00968,SMS,2026-09-12 07:00:00,7,5,False,,IGNORED
CT-003199,C00968,WHATSAPP,2026-08-19 09:00:00,9,3,False,,IGNORED
CT-003200,C00969,APP_PUSH,2026-09-09 08:00:00,8,4,False,,IGNORED
CT-003201,C00969,WHATSAPP,2026-08-08 12:00:00,12,6,False,,IGNORED
CT-003202,C00969,WHATSAPP,2026-08-05 10:00:00,10,6,False,,IGNORED
CT-003203,C00969,APP_PUSH,2026-07-09 07:00:00,7,7,False,,IGNORED
CT-003204,C00970,WHATSAPP,2026-09-08 14:00:00,14,7,True,3.13,ANSWERED
CT-003205,C00971,APP_PUSH,2026-08-03 22:00:00,22,4,False,,IGNORED
CT-003206,C00971,SMS,2026-08-09 20:00:00,20,4,False,,IGNORED
CT-003207,C00972,CALL,2026-06-27 18:00:00,18,7,False,,IGNORED
CT-003208,C00972,WHATSAPP,2026-06-27 19:00:00,19,7,True,2.58,ANSWERED
CT-003209,C00972,SMS,2026-09-03 13:00:00,13,4,False,,IGNORED
CT-003210,C00972,WHATSAPP,2026-08-29 18:00:00,18,9,False,,IGNORED
CT-003211,C00974,SMS,2026-08-21 15:00:00,15,1,False,,IGNORED
CT-003212,C00974,SMS,2026-07-16 20:00:00,20,1,False,,IGNORED
CT-003213,C00974,APP_PUSH,2026-07-06 20:00:00,20,4,False,,IGNORED
CT-003214,C00974,APP_PUSH,2026-06-28 15:00:00,15,2,True,3.83,ANSWERED
CT-003215,C00974,SMS,2026-08-30 10:00:00,10,1,False,,IGNORED
CT-003216,C00974,CALL,2026-09-02 15:00:00,15,5,True,13.53,ANSWERED
CT-003217,C00974,WHATSAPP,2026-07-02 10:00:00,10,1,False,,IGNORED
CT-003218,C00974,APP_PUSH,2026-06-21 11:00:00,11,4,False,,IGNORED
CT-003219,C00974,APP_PUSH,2026-06-22 16:00:00,16,0,False,,IGNORED
CT-003220,C00974,APP_PUSH,2026-08-20 20:00:00,20,4,False,,IGNORED
CT-003221,C00974,WHATSAPP,2026-09-07 19:00:00,19,3,False,,IGNORED
CT-003222,C00975,APP_PUSH,2026-06-25 11:00:00,11,-1,False,,IGNORED
CT-003223,C00975,APP_PUSH,2026-07-06 10:00:00,10,2,True,1.98,ANSWERED
CT-003224,C00976,CALL,2026-08-02 12:00:00,12,4,True,0.82,ANSWERED
CT-003225,C00976,CALL,2026-07-23 13:00:00,13,0,True,6.67,ANSWERED
CT-003226,C00977,CALL,2026-08-26 04:00:00,4,3,False,,REJECTED
CT-003227,C00978,CALL,2026-08-02 17:00:00,17,6,True,3.88,ANSWERED
CT-003228,C00978,APP_PUSH,2026-07-26 23:00:00,23,3,False,,IGNORED
CT-003229,C00978,CALL,2026-06-18 23:00:00,23,5,False,,IGNORED
CT-003230,C00978,CALL,2026-07-07 19:00:00,19,5,False,,IGNORED
CT-003231,C00979,CALL,2026-06-29 20:00:00,20,2,False,,BOUNCED
CT-003232,C00979,SMS,2026-08-03 23:00:00,23,3,False,,REJECTED
CT-003233,C00980,SMS,2026-06-28 09:00:00,9,1,False,,IGNORED
CT-003234,C00980,APP_PUSH,2026-08-09 04:00:00,4,6,False,,IGNORED
CT-003235,C00980,CALL,2026-07-26 12:00:00,12,8,False,,IGNORED
CT-003236,C00980,SMS,2026-09-11 07:00:00,7,4,False,,REJECTED
CT-003237,C00980,CALL,2026-09-04 08:00:00,8,3,False,,IGNORED
CT-003238,C00980,APP_PUSH,2026-08-13 05:00:00,5,7,False,,IGNORED
CT-003239,C00981,WHATSAPP,2026-07-11 14:00:00,14,5,False,,IGNORED
CT-003240,C00981,WHATSAPP,2026-06-22 06:00:00,6,4,True,0.24,ANSWERED
CT-003241,C00981,APP_PUSH,2026-07-12 13:00:00,13,4,True,1.19,ANSWERED
CT-003242,C00982,APP_PUSH,2026-07-24 14:00:00,14,7,True,0.29,ANSWERED
CT-003243,C00982,CALL,2026-07-14 09:00:00,9,6,True,10.39,ANSWERED
CT-003244,C00982,SMS,2026-07-08 13:00:00,13,10,False,,IGNORED
CT-003245,C00982,SMS,2026-08-10 09:00:00,9,7,True,6.51,ANSWERED
CT-003246,C00982,SMS,2026-07-11 12:00:00,12,7,False,,IGNORED
CT-003247,C00982,SMS,2026-07-30 09:00:00,9,6,True,0.14,ANSWERED
CT-003248,C00983,CALL,2026-08-17 23:00:00,23,5,False,,IGNORED
CT-003249,C00983,CALL,2026-08-25 13:00:00,13,3,True,1.4,ANSWERED
CT-003250,C00983,SMS,2026-08-21 19:00:00,19,6,False,,IGNORED
CT-003251,C00983,CALL,2026-08-22 16:00:00,16,3,False,,IGNORED
CT-003252,C00983,WHATSAPP,2026-06-30 15:00:00,15,2,True,4.79,ANSWERED
CT-003253,C00984,APP_PUSH,2026-07-06 12:00:00,12,1,False,,IGNORED
CT-003254,C00984,CALL,2026-08-08 06:00:00,6,3,True,1.19,ANSWERED
CT-003255,C00984,WHATSAPP,2026-09-12 05:00:00,5,0,True,1.18,ANSWERED
CT-003256,C00985,APP_PUSH,2026-07-11 22:00:00,22,0,True,10.5,ANSWERED
CT-003257,C00985,APP_PUSH,2026-06-17 19:00:00,19,2,False,,IGNORED
CT-003258,C00986,WHATSAPP,2026-08-02 22:00:00,22,0,False,,IGNORED
CT-003259,C00986,WHATSAPP,2026-07-11 20:00:00,20,4,False,,IGNORED
CT-003260,C00986,SMS,2026-08-18 15:00:00,15,5,False,,IGNORED
CT-003261,C00986,WHATSAPP,2026-06-30 21:00:00,21,0,False,,IGNORED
CT-003262,C00986,APP_PUSH,2026-07-19 14:00:00,14,4,False,,IGNORED
CT-003263,C00986,WHATSAPP,2026-08-08 20:00:00,20,0,False,,IGNORED
CT-003264,C00987,WHATSAPP,2026-06-18 12:00:00,12,6,True,0.5,ANSWERED
CT-003265,C00987,WHATSAPP,2026-09-02 10:00:00,10,6,False,,IGNORED
CT-003266,C00987,CALL,2026-07-06 16:00:00,16,10,False,,IGNORED
CT-003267,C00988,SMS,2026-07-08 10:00:00,10,7,True,1.31,ANSWERED
CT-003268,C00988,WHATSAPP,2026-06-28 09:00:00,9,4,False,,IGNORED
CT-003269,C00989,SMS,2026-08-28 01:00:00,1,9,False,,REJECTED
CT-003270,C00990,WHATSAPP,2026-08-20 15:00:00,15,5,False,,IGNORED
CT-003271,C00991,WHATSAPP,2026-07-13 11:00:00,11,3,False,,IGNORED
CT-003272,C00991,SMS,2026-06-18 16:00:00,16,2,False,,BOUNCED
CT-003273,C00991,APP_PUSH,2026-08-30 11:00:00,11,1,True,0.55,ANSWERED
CT-003274,C00991,SMS,2026-08-17 15:00:00,15,5,False,,REJECTED
CT-003275,C00992,WHATSAPP,2026-08-27 07:00:00,7,2,False,,IGNORED
CT-003276,C00992,CALL,2026-07-09 06:00:00,6,9,True,0.13,ANSWERED
CT-003277,C00992,CALL,2026-06-19 10:00:00,10,6,True,2.8,ANSWERED
CT-003278,C00993,SMS,2026-06-18 16:00:00,16,2,False,,REJECTED
CT-003279,C00994,WHATSAPP,2026-07-14 08:00:00,8,9,True,3.91,ANSWERED
CT-003280,C00994,WHATSAPP,2026-06-23 08:00:00,8,6,True,0.01,ANSWERED
CT-003281,C00995,SMS,2026-09-11 23:00:00,23,4,True,1.15,ANSWERED
CT-003282,C00995,APP_PUSH,2026-09-10 15:00:00,15,7,False,,IGNORED
CT-003283,C00995,WHATSAPP,2026-09-03 23:00:00,23,4,False,,IGNORED
CT-003284,C00995,SMS,2026-06-23 18:00:00,18,2,False,,IGNORED
CT-003285,C00995,SMS,2026-06-20 17:00:00,17,3,False,,IGNORED
CT-003286,C00995,WHATSAPP,2026-06-16 21:00:00,21,4,False,,IGNORED
CT-003287,C00996,APP_PUSH,2026-09-07 06:00:00,6,6,False,,REJECTED
CT-003288,C00996,APP_PUSH,2026-08-17 07:00:00,7,6,True,1.44,ANSWERED
CT-003289,C00996,APP_PUSH,2026-07-23 10:00:00,10,8,True,1.2,ANSWERED
CT-003290,C00996,APP_PUSH,2026-07-19 15:00:00,15,7,False,,REJECTED
CT-003291,C00997,SMS,2026-08-07 17:00:00,17,5,True,2.26,ANSWERED
CT-003292,C00997,WHATSAPP,2026-06-21 23:00:00,23,7,True,0.49,ANSWERED
CT-003293,C00997,SMS,2026-09-06 18:00:00,18,0,False,,IGNORED
CT-003294,C00997,SMS,2026-07-04 17:00:00,17,2,False,,IGNORED
CT-003295,C00997,SMS,2026-08-26 19:00:00,19,3,True,0.96,ANSWERED
CT-003296,C00997,WHATSAPP,2026-08-19 19:00:00,19,3,False,,IGNORED
CT-003297,C00998,WHATSAPP,2026-09-01 20:00:00,20,0,False,,REJECTED
CT-003298,C00998,WHATSAPP,2026-08-10 19:00:00,19,3,False,,IGNORED
CT-003299,C00998,CALL,2026-08-13 15:00:00,15,7,False,,IGNORED
CT-003300,C00999,APP_PUSH,2026-08-13 21:00:00,21,0,False,,IGNORED
CT-003301,C00999,APP_PUSH,2026-07-31 22:00:00,22,7,True,0.19,ANSWERED
CT-003302,C00999,WHATSAPP,2026-06-30 17:00:00,17,7,True,0.49,ANSWERED
CT-003303,C00999,WHATSAPP,2026-09-05 23:00:00,23,4,False,,REJECTED
CT-003304,C00999,WHATSAPP,2026-07-25 17:00:00,17,4,False,,IGNORED
CT-003305,C00999,APP_PUSH,2026-08-14 17:00:00,17,3,False,,IGNORED
CT-003306,C00999,APP_PUSH,2026-08-16 23:00:00,23,3,False,,REJECTED
CT-003307,C00999,APP_PUSH,2026-08-19 18:00:00,18,4,False,,REJECTED
CT-003308,C00999,WHATSAPP,2026-06-26 17:00:00,17,6,False,,IGNORED
CT-003309,C00999,WHATSAPP,2026-08-20 19:00:00,19,5,False,,BOUNCED
CT-003310,C00999,WHATSAPP,2026-09-10 18:00:00,18,5,False,,IGNORED
CT-003311,C01000,APP_PUSH,2026-08-18 19:00:00,19,4,False,,REJECTED
CT-003312,C01000,WHATSAPP,2026-07-23 14:00:00,14,6,False,,IGNORED
CT-003313,C01001,APP_PUSH,2026-08-19 22:00:00,22,7,False,,IGNORED
CT-003314,C01001,CALL,2026-07-18 16:00:00,16,5,False,,IGNORED
CT-003315,C01001,SMS,2026-07-30 22:00:00,22,2,True,2.55,ANSWERED
CT-003316,C01001,SMS,2026-07-06 18:00:00,18,7,False,,IGNORED
CT-003317,C01001,SMS,2026-08-03 21:00:00,21,4,False,,REJECTED
CT-003318,C01001,CALL,2026-06-20 22:00:00,22,3,True,1.83,ANSWERED
CT-003319,C01001,APP_PUSH,2026-06-23 15:00:00,15,2,True,0.14,ANSWERED
CT-003320,C01001,WHATSAPP,2026-07-21 15:00:00,15,0,False,,IGNORED
CT-003321,C01002,WHATSAPP,2026-06-18 12:00:00,12,6,False,,IGNORED
CT-003322,C01003,SMS,2026-07-06 11:00:00,11,3,False,,IGNORED
CT-003323,C01003,WHATSAPP,2026-09-06 09:00:00,9,5,False,,IGNORED
CT-003324,C01003,CALL,2026-08-08 10:00:00,10,8,True,1.23,ANSWERED
CT-003325,C01004,APP_PUSH,2026-08-08 12:00:00,12,9,False,,IGNORED
CT-003326,C01004,CALL,2026-07-21 08:00:00,8,5,False,,IGNORED
CT-003327,C01005,WHATSAPP,2026-08-10 18:00:00,18,3,False,,REJECTED
CT-003328,C01005,WHATSAPP,2026-06-30 23:00:00,23,3,True,2.1,ANSWERED
CT-003329,C01006,SMS,2026-06-21 08:00:00,8,4,False,,REJECTED
CT-003330,C01006,WHATSAPP,2026-09-10 12:00:00,12,1,True,0.56,ANSWERED
CT-003331,C01006,WHATSAPP,2026-08-19 13:00:00,13,3,False,,IGNORED
CT-003332,C01007,SMS,2026-07-16 16:00:00,16,0,True,1.83,ANSWERED
CT-003333,C01007,SMS,2026-07-03 23:00:00,23,3,False,,IGNORED
CT-003334,C01007,SMS,2026-06-17 18:00:00,18,3,True,1.7,ANSWERED
CT-003335,C01007,CALL,2026-07-15 14:00:00,14,2,True,2.34,ANSWERED
CT-003336,C01007,WHATSAPP,2026-09-11 19:00:00,19,2,False,,IGNORED
CT-003337,C01007,SMS,2026-06-29 16:00:00,16,1,False,,IGNORED
CT-003338,C01007,WHATSAPP,2026-08-19 23:00:00,23,5,True,9.38,ANSWERED
CT-003339,C01008,WHATSAPP,2026-06-28 07:00:00,7,4,True,0.19,ANSWERED
CT-003340,C01008,APP_PUSH,2026-06-28 10:00:00,10,3,True,2.81,ANSWERED
CT-003341,C01008,APP_PUSH,2026-07-22 13:00:00,13,3,False,,IGNORED
CT-003342,C01009,CALL,2026-07-30 06:00:00,6,5,False,,IGNORED
CT-003343,C01009,WHATSAPP,2026-08-20 09:00:00,9,5,False,,IGNORED
CT-003344,C01009,APP_PUSH,2026-07-22 07:00:00,7,5,False,,REJECTED
CT-003345,C01009,CALL,2026-08-25 07:00:00,7,7,True,3.44,ANSWERED
CT-003346,C01009,SMS,2026-06-25 11:00:00,11,3,False,,IGNORED
CT-003347,C01009,WHATSAPP,2026-06-19 05:00:00,5,5,False,,IGNORED
CT-003348,C01009,WHATSAPP,2026-06-17 08:00:00,8,4,True,3.58,ANSWERED
CT-003349,C01010,WHATSAPP,2026-08-25 11:00:00,11,0,True,6.3,ANSWERED
CT-003350,C01010,WHATSAPP,2026-07-31 11:00:00,11,0,False,,IGNORED
CT-003351,C01010,WHATSAPP,2026-09-07 06:00:00,6,1,True,1.35,ANSWERED
CT-003352,C01010,WHATSAPP,2026-07-27 14:00:00,14,0,True,1.52,ANSWERED
CT-003353,C01011,APP_PUSH,2026-09-07 22:00:00,22,1,False,,IGNORED
CT-003354,C01011,SMS,2026-07-18 23:00:00,23,2,False,,IGNORED
CT-003355,C01011,CALL,2026-07-02 21:00:00,21,3,False,,IGNORED
CT-003356,C01012,SMS,2026-07-29 15:00:00,15,7,True,1.22,ANSWERED
CT-003357,C01012,SMS,2026-07-10 16:00:00,16,9,True,0.44,ANSWERED
CT-003358,C01012,CALL,2026-08-21 17:00:00,17,7,False,,IGNORED
CT-003359,C01012,SMS,2026-08-07 13:00:00,13,8,False,,IGNORED
CT-003360,C01012,SMS,2026-06-23 15:00:00,15,13,False,,IGNORED
CT-003361,C01013,APP_PUSH,2026-08-27 22:00:00,22,10,False,,BOUNCED
CT-003362,C01013,APP_PUSH,2026-07-26 19:00:00,19,7,False,,IGNORED
CT-003363,C01013,APP_PUSH,2026-07-05 20:00:00,20,7,False,,IGNORED
CT-003364,C01013,APP_PUSH,2026-09-12 21:00:00,21,6,True,0.03,ANSWERED
CT-003365,C01013,SMS,2026-09-12 23:00:00,23,10,False,,IGNORED
CT-003366,C01013,APP_PUSH,2026-08-15 16:00:00,16,9,True,0.79,ANSWERED
CT-003367,C01013,WHATSAPP,2026-07-18 19:00:00,19,6,False,,IGNORED
CT-003368,C01014,CALL,2026-08-18 07:00:00,7,2,False,,IGNORED
CT-003369,C01014,WHATSAPP,2026-06-19 10:00:00,10,8,False,,BOUNCED
CT-003370,C01014,WHATSAPP,2026-07-14 09:00:00,9,4,False,,IGNORED
CT-003371,C01014,CALL,2026-09-08 05:00:00,5,4,False,,REJECTED
CT-003372,C01014,CALL,2026-08-18 07:00:00,7,7,False,,REJECTED
CT-003373,C01014,CALL,2026-06-21 08:00:00,8,7,True,0.7,ANSWERED
CT-003374,C01014,CALL,2026-07-01 08:00:00,8,2,False,,IGNORED
CT-003375,C01015,APP_PUSH,2026-07-29 06:00:00,6,6,False,,REJECTED
CT-003376,C01015,CALL,2026-09-12 10:00:00,10,4,True,10.81,ANSWERED
CT-003377,C01015,APP_PUSH,2026-06-28 02:00:00,2,5,True,1.27,ANSWERED
CT-003378,C01015,CALL,2026-08-31 07:00:00,7,4,False,,IGNORED
CT-003379,C01016,WHATSAPP,2026-08-17 15:00:00,15,9,False,,IGNORED
CT-003380,C01016,APP_PUSH,2026-09-11 18:00:00,18,7,False,,IGNORED
CT-003381,C01016,APP_PUSH,2026-07-14 12:00:00,12,5,True,3.25,ANSWERED
CT-003382,C01016,APP_PUSH,2026-08-03 21:00:00,21,10,False,,IGNORED
CT-003383,C01016,APP_PUSH,2026-07-26 18:00:00,18,9,False,,IGNORED
CT-003384,C01016,SMS,2026-08-19 18:00:00,18,8,True,2.35,ANSWERED
CT-003385,C01016,APP_PUSH,2026-06-25 14:00:00,14,4,True,0.95,ANSWERED
CT-003386,C01017,APP_PUSH,2026-08-31 04:00:00,4,6,True,4.93,ANSWERED
CT-003387,C01017,SMS,2026-08-27 10:00:00,10,9,False,,IGNORED
CT-003388,C01018,WHATSAPP,2026-07-31 09:00:00,9,2,True,1.49,ANSWERED
CT-003389,C01018,CALL,2026-08-16 07:00:00,7,7,False,,IGNORED
CT-003390,C01019,APP_PUSH,2026-06-17 11:00:00,11,4,False,,IGNORED
CT-003391,C01019,WHATSAPP,2026-07-05 07:00:00,7,6,True,2.83,ANSWERED
CT-003392,C01019,APP_PUSH,2026-09-01 03:00:00,3,5,False,,IGNORED
CT-003393,C01019,SMS,2026-08-23 00:00:00,0,4,False,,REJECTED
CT-003394,C01020,CALL,2026-08-29 03:00:00,3,4,True,5.27,ANSWERED
CT-003395,C01020,CALL,2026-06-26 03:00:00,3,3,False,,IGNORED
CT-003396,C01020,WHATSAPP,2026-09-08 08:00:00,8,5,False,,IGNORED
CT-003397,C01020,CALL,2026-07-27 08:00:00,8,8,True,2.24,ANSWERED
CT-003398,C01020,CALL,2026-07-04 06:00:00,6,3,True,1.92,ANSWERED
CT-003399,C01021,SMS,2026-07-06 12:00:00,12,2,False,,IGNORED
CT-003400,C01021,APP_PUSH,2026-09-04 16:00:00,16,5,False,,IGNORED
CT-003401,C01021,APP_PUSH,2026-09-07 17:00:00,17,2,False,,IGNORED
CT-003402,C01022,SMS,2026-07-27 08:00:00,8,1,False,,IGNORED
CT-003403,C01022,APP_PUSH,2026-09-03 09:00:00,9,2,False,,IGNORED
CT-003404,C01022,WHATSAPP,2026-08-03 08:00:00,8,0,False,,IGNORED
CT-003405,C01022,APP_PUSH,2026-06-20 08:00:00,8,7,False,,IGNORED
CT-003406,C01023,CALL,2026-08-16 13:00:00,13,3,False,,IGNORED
CT-003407,C01023,SMS,2026-07-06 10:00:00,10,7,False,,IGNORED
CT-003408,C01023,CALL,2026-08-16 07:00:00,7,5,True,1.06,ANSWERED
CT-003409,C01023,APP_PUSH,2026-07-05 09:00:00,9,6,False,,IGNORED
CT-003410,C01023,CALL,2026-07-07 08:00:00,8,9,False,,IGNORED
CT-003411,C01025,SMS,2026-08-12 11:00:00,11,5,True,0.74,ANSWERED
CT-003412,C01025,SMS,2026-08-26 09:00:00,9,5,False,,IGNORED
CT-003413,C01027,SMS,2026-06-21 12:00:00,12,5,False,,IGNORED
CT-003414,C01027,WHATSAPP,2026-08-18 14:00:00,14,4,False,,IGNORED
CT-003415,C01027,WHATSAPP,2026-07-26 12:00:00,12,3,True,3.2,ANSWERED
CT-003416,C01027,APP_PUSH,2026-08-01 13:00:00,13,0,False,,REJECTED
CT-003417,C01028,APP_PUSH,2026-06-29 09:00:00,9,5,False,,IGNORED
CT-003418,C01028,CALL,2026-08-22 10:00:00,10,5,False,,IGNORED
CT-003419,C01029,SMS,2026-08-01 15:00:00,15,3,True,0.03,ANSWERED
CT-003420,C01029,SMS,2026-08-30 14:00:00,14,6,False,,IGNORED
CT-003421,C01029,SMS,2026-06-15 10:00:00,10,5,False,,IGNORED
CT-003422,C01030,SMS,2026-07-24 15:00:00,15,7,False,,IGNORED
CT-003423,C01030,WHATSAPP,2026-08-30 18:00:00,18,7,False,,IGNORED
CT-003424,C01030,APP_PUSH,2026-07-13 23:00:00,23,6,False,,IGNORED
CT-003425,C01031,WHATSAPP,2026-07-09 16:00:00,16,5,False,,BOUNCED
CT-003426,C01032,SMS,2026-07-18 17:00:00,17,6,False,,IGNORED
CT-003427,C01032,WHATSAPP,2026-07-28 18:00:00,18,8,False,,REJECTED
CT-003428,C01033,CALL,2026-06-24 15:00:00,15,3,True,0.52,ANSWERED
CT-003429,C01033,CALL,2026-06-16 16:00:00,16,2,True,0.84,ANSWERED
CT-003430,C01033,CALL,2026-06-26 19:00:00,19,-1,False,,REJECTED
CT-003431,C01033,CALL,2026-07-13 18:00:00,18,-1,True,0.13,ANSWERED
CT-003432,C01033,CALL,2026-06-16 23:00:00,23,4,True,2.42,ANSWERED
CT-003433,C01034,CALL,2026-06-17 06:00:00,6,12,False,,IGNORED
CT-003434,C01034,SMS,2026-07-14 06:00:00,6,7,False,,IGNORED
CT-003435,C01034,CALL,2026-08-21 11:00:00,11,8,True,0.15,ANSWERED
CT-003436,C01034,CALL,2026-07-23 12:00:00,12,5,True,6.33,ANSWERED
CT-003437,C01034,WHATSAPP,2026-07-09 00:00:00,0,6,False,,IGNORED
CT-003438,C01034,CALL,2026-09-02 03:00:00,3,5,True,0.97,ANSWERED
CT-003439,C01034,CALL,2026-07-02 10:00:00,10,8,True,1.12,ANSWERED
CT-003440,C01035,SMS,2026-06-23 05:00:00,5,5,False,,IGNORED
CT-003441,C01035,SMS,2026-06-21 02:00:00,2,3,False,,IGNORED
CT-003442,C01036,APP_PUSH,2026-08-25 18:00:00,18,2,True,4.23,ANSWERED
CT-003443,C01036,APP_PUSH,2026-08-06 19:00:00,19,3,True,0.87,ANSWERED
CT-003444,C01037,CALL,2026-09-09 14:00:00,14,3,True,2.32,ANSWERED
CT-003445,C01037,APP_PUSH,2026-08-22 13:00:00,13,4,False,,IGNORED
CT-003446,C01038,WHATSAPP,2026-07-24 10:00:00,10,3,True,1.6,ANSWERED
CT-003447,C01038,WHATSAPP,2026-07-24 07:00:00,7,1,False,,IGNORED
CT-003448,C01039,APP_PUSH,2026-06-23 13:00:00,13,5,True,2.33,ANSWERED
CT-003449,C01040,SMS,2026-07-31 16:00:00,16,4,True,3.87,ANSWERED
CT-003450,C01040,CALL,2026-06-19 12:00:00,12,3,False,,IGNORED
CT-003451,C01040,WHATSAPP,2026-09-04 17:00:00,17,2,True,1.42,ANSWERED
CT-003452,C01040,CALL,2026-06-22 16:00:00,16,3,False,,IGNORED
CT-003453,C01041,APP_PUSH,2026-08-01 07:00:00,7,5,False,,IGNORED
CT-003454,C01041,CALL,2026-06-30 09:00:00,9,6,False,,REJECTED
CT-003455,C01041,CALL,2026-08-06 11:00:00,11,7,False,,BOUNCED
CT-003456,C01041,APP_PUSH,2026-09-09 11:00:00,11,9,False,,IGNORED
CT-003457,C01041,CALL,2026-08-28 12:00:00,12,6,False,,REJECTED
CT-003458,C01041,WHATSAPP,2026-08-25 08:00:00,8,6,False,,IGNORED
CT-003459,C01042,CALL,2026-07-15 18:00:00,18,3,False,,IGNORED
CT-003460,C01042,CALL,2026-07-05 09:00:00,9,2,False,,IGNORED
CT-003461,C01042,WHATSAPP,2026-08-19 14:00:00,14,5,False,,IGNORED
CT-003462,C01043,SMS,2026-07-13 17:00:00,17,6,False,,IGNORED
CT-003463,C01043,WHATSAPP,2026-06-15 13:00:00,13,3,True,1.1,ANSWERED
CT-003464,C01043,WHATSAPP,2026-09-03 15:00:00,15,6,True,2.94,ANSWERED
CT-003465,C01043,CALL,2026-09-12 11:00:00,11,3,False,,IGNORED
CT-003466,C01043,WHATSAPP,2026-08-16 09:00:00,9,1,True,0.13,ANSWERED
CT-003467,C01043,WHATSAPP,2026-07-21 19:00:00,19,1,True,0.51,ANSWERED
CT-003468,C01043,WHATSAPP,2026-06-20 13:00:00,13,1,True,2.41,ANSWERED
CT-003469,C01043,CALL,2026-08-02 16:00:00,16,3,False,,IGNORED
CT-003470,C01044,SMS,2026-06-22 18:00:00,18,2,True,0.26,ANSWERED
CT-003471,C01045,WHATSAPP,2026-08-16 16:00:00,16,2,False,,IGNORED
CT-003472,C01045,WHATSAPP,2026-07-27 16:00:00,16,3,True,1.08,ANSWERED
CT-003473,C01046,WHATSAPP,2026-06-22 14:00:00,14,0,False,,IGNORED
CT-003474,C01046,WHATSAPP,2026-08-08 16:00:00,16,1,False,,IGNORED
CT-003475,C01046,WHATSAPP,2026-07-02 18:00:00,18,2,False,,IGNORED
CT-003476,C01047,WHATSAPP,2026-07-17 12:00:00,12,9,False,,BOUNCED
CT-003477,C01047,WHATSAPP,2026-07-29 15:00:00,15,7,False,,IGNORED
CT-003478,C01048,CALL,2026-07-29 13:00:00,13,7,False,,IGNORED
CT-003479,C01048,WHATSAPP,2026-07-15 15:00:00,15,6,True,1.76,ANSWERED
CT-003480,C01048,SMS,2026-07-30 15:00:00,15,6,False,,IGNORED
CT-003481,C01048,APP_PUSH,2026-08-05 17:00:00,17,6,True,0.87,ANSWERED
CT-003482,C01048,SMS,2026-07-08 15:00:00,15,5,False,,REJECTED
CT-003483,C01048,APP_PUSH,2026-08-10 12:00:00,12,6,True,0.69,ANSWERED
CT-003484,C01049,WHATSAPP,2026-07-02 10:00:00,10,1,False,,IGNORED
CT-003485,C01049,WHATSAPP,2026-08-22 11:00:00,11,0,False,,IGNORED
CT-003486,C01049,SMS,2026-06-21 14:00:00,14,5,False,,IGNORED
CT-003487,C01049,WHATSAPP,2026-07-05 16:00:00,16,1,False,,IGNORED
CT-003488,C01050,WHATSAPP,2026-07-01 16:00:00,16,7,False,,IGNORED
CT-003489,C01050,APP_PUSH,2026-07-25 15:00:00,15,1,False,,BOUNCED
CT-003490,C01050,APP_PUSH,2026-07-06 14:00:00,14,4,True,1.84,ANSWERED
CT-003491,C01050,SMS,2026-08-14 15:00:00,15,2,False,,IGNORED
CT-003492,C01051,WHATSAPP,2026-08-13 20:00:00,20,6,False,,IGNORED
CT-003493,C01051,WHATSAPP,2026-08-03 19:00:00,19,4,False,,REJECTED
CT-003494,C01051,WHATSAPP,2026-08-18 22:00:00,22,3,False,,IGNORED
CT-003495,C01053,CALL,2026-09-05 09:00:00,9,5,False,,REJECTED
CT-003496,C01054,CALL,2026-07-11 13:00:00,13,3,False,,IGNORED
CT-003497,C01054,SMS,2026-08-07 15:00:00,15,5,False,,IGNORED
CT-003498,C01054,WHATSAPP,2026-07-18 16:00:00,16,9,False,,IGNORED
CT-003499,C01054,SMS,2026-06-25 15:00:00,15,6,False,,REJECTED
CT-003500,C01055,WHATSAPP,2026-08-11 19:00:00,19,4,False,,IGNORED
CT-003501,C01055,APP_PUSH,2026-07-11 23:00:00,23,7,True,1.17,ANSWERED
CT-003502,C01055,SMS,2026-07-31 18:00:00,18,8,False,,IGNORED
CT-003503,C01055,APP_PUSH,2026-06-17 15:00:00,15,8,True,0.64,ANSWERED
CT-003504,C01056,CALL,2026-07-19 15:00:00,15,6,True,3.55,ANSWERED
CT-003505,C01056,APP_PUSH,2026-07-04 15:00:00,15,2,False,,IGNORED
CT-003506,C01056,CALL,2026-07-09 16:00:00,16,5,False,,IGNORED
CT-003507,C01056,APP_PUSH,2026-08-28 08:00:00,8,8,False,,REJECTED
CT-003508,C01057,WHATSAPP,2026-07-03 18:00:00,18,4,False,,IGNORED
CT-003509,C01057,CALL,2026-07-12 08:00:00,8,0,True,5.02,ANSWERED
CT-003510,C01057,APP_PUSH,2026-09-09 14:00:00,14,2,True,2.59,ANSWERED
CT-003511,C01057,APP_PUSH,2026-08-26 11:00:00,11,5,True,1.77,ANSWERED
CT-003512,C01057,APP_PUSH,2026-07-30 07:00:00,7,5,True,3.83,ANSWERED
CT-003513,C01057,APP_PUSH,2026-07-29 12:00:00,12,3,True,2.46,ANSWERED
CT-003514,C01057,APP_PUSH,2026-08-27 13:00:00,13,3,True,4.37,ANSWERED
CT-003515,C01057,APP_PUSH,2026-08-29 07:00:00,7,4,True,0.15,ANSWERED
CT-003516,C01058,SMS,2026-08-17 16:00:00,16,6,True,0.27,ANSWERED
CT-003517,C01058,SMS,2026-07-23 14:00:00,14,9,True,1.19,ANSWERED
CT-003518,C01059,SMS,2026-06-29 04:00:00,4,2,False,,IGNORED
CT-003519,C01059,SMS,2026-07-07 06:00:00,6,4,True,1.78,ANSWERED
CT-003520,C01060,SMS,2026-07-14 03:00:00,3,3,False,,IGNORED
CT-003521,C01060,CALL,2026-08-18 07:00:00,7,6,True,3.97,ANSWERED
CT-003522,C01060,APP_PUSH,2026-08-03 05:00:00,5,5,False,,IGNORED
CT-003523,C01061,APP_PUSH,2026-07-16 04:00:00,4,2,False,,REJECTED
CT-003524,C01061,APP_PUSH,2026-07-23 10:00:00,10,3,True,2.01,ANSWERED
CT-003525,C01061,APP_PUSH,2026-06-26 15:00:00,15,9,False,,IGNORED
CT-003526,C01061,CALL,2026-07-06 03:00:00,3,4,False,,IGNORED
CT-003527,C01061,APP_PUSH,2026-07-17 05:00:00,5,5,True,0.38,ANSWERED
CT-003528,C01062,WHATSAPP,2026-07-05 20:00:00,20,0,False,,IGNORED
CT-003529,C01062,CALL,2026-07-21 16:00:00,16,2,False,,REJECTED
CT-003530,C01063,WHATSAPP,2026-08-30 11:00:00,11,6,True,1.88,ANSWERED
CT-003531,C01063,WHATSAPP,2026-08-06 10:00:00,10,2,True,0.67,ANSWERED
CT-003532,C01063,WHATSAPP,2026-08-14 10:00:00,10,2,False,,REJECTED
CT-003533,C01064,CALL,2026-07-11 10:00:00,10,2,False,,IGNORED
CT-003534,C01064,WHATSAPP,2026-07-24 04:00:00,4,7,False,,IGNORED
CT-003535,C01064,WHATSAPP,2026-08-09 04:00:00,4,4,False,,IGNORED
CT-003536,C01066,SMS,2026-07-28 20:00:00,20,5,False,,IGNORED
CT-003537,C01066,CALL,2026-07-25 16:00:00,16,3,False,,IGNORED
CT-003538,C01066,SMS,2026-06-24 19:00:00,19,4,False,,REJECTED
CT-003539,C01066,APP_PUSH,2026-09-08 16:00:00,16,5,False,,IGNORED
CT-003540,C01066,APP_PUSH,2026-07-25 20:00:00,20,3,False,,IGNORED
CT-003541,C01066,CALL,2026-08-03 19:00:00,19,4,False,,IGNORED
CT-003542,C01066,WHATSAPP,2026-09-10 21:00:00,21,2,False,,IGNORED
CT-003543,C01066,WHATSAPP,2026-06-28 22:00:00,22,2,False,,IGNORED
CT-003544,C01067,CALL,2026-08-03 07:00:00,7,3,False,,BOUNCED
CT-003545,C01068,SMS,2026-07-27 13:00:00,13,2,True,0.54,ANSWERED
CT-003546,C01068,SMS,2026-06-19 07:00:00,7,0,False,,IGNORED
CT-003547,C01068,SMS,2026-07-30 11:00:00,11,3,False,,IGNORED
CT-003548,C01069,APP_PUSH,2026-08-14 09:00:00,9,5,True,2.67,ANSWERED
CT-003549,C01069,SMS,2026-08-09 16:00:00,16,6,False,,IGNORED
CT-003550,C01069,WHATSAPP,2026-08-11 17:00:00,17,5,False,,IGNORED
CT-003551,C01071,CALL,2026-07-20 05:00:00,5,2,True,0.77,ANSWERED
CT-003552,C01071,CALL,2026-08-09 09:00:00,9,4,False,,REJECTED
CT-003553,C01071,CALL,2026-09-06 12:00:00,12,3,False,,IGNORED
CT-003554,C01071,CALL,2026-08-01 10:00:00,10,2,True,0.25,ANSWERED
CT-003555,C01072,SMS,2026-07-05 06:00:00,6,2,False,,IGNORED
CT-003556,C01072,WHATSAPP,2026-07-23 09:00:00,9,6,False,,IGNORED
CT-003557,C01073,APP_PUSH,2026-07-08 07:00:00,7,7,False,,IGNORED
CT-003558,C01073,SMS,2026-07-23 02:00:00,2,5,True,1.07,ANSWERED
CT-003559,C01073,CALL,2026-07-06 11:00:00,11,8,True,3.47,ANSWERED
CT-003560,C01073,CALL,2026-06-24 07:00:00,7,0,False,,IGNORED
CT-003561,C01073,CALL,2026-07-09 13:00:00,13,7,False,,IGNORED
CT-003562,C01073,APP_PUSH,2026-08-06 12:00:00,12,4,False,,IGNORED
CT-003563,C01073,APP_PUSH,2026-08-19 05:00:00,5,6,True,0.98,ANSWERED
CT-003564,C01074,SMS,2026-08-27 13:00:00,13,5,False,,IGNORED
CT-003565,C01074,APP_PUSH,2026-08-21 14:00:00,14,5,False,,BOUNCED
CT-003566,C01074,SMS,2026-08-02 10:00:00,10,0,True,0.6,ANSWERED
CT-003567,C01074,APP_PUSH,2026-08-30 17:00:00,17,2,False,,REJECTED
CT-003568,C01074,CALL,2026-06-21 11:00:00,11,0,False,,IGNORED
CT-003569,C01074,WHATSAPP,2026-06-30 06:00:00,6,0,False,,IGNORED
CT-003570,C01074,CALL,2026-07-27 08:00:00,8,1,False,,IGNORED
CT-003571,C01074,APP_PUSH,2026-08-27 17:00:00,17,4,False,,REJECTED
CT-003572,C01075,CALL,2026-06-16 15:00:00,15,2,False,,IGNORED
CT-003573,C01075,SMS,2026-08-18 10:00:00,10,5,False,,IGNORED
CT-003574,C01076,WHATSAPP,2026-07-20 14:00:00,14,5,False,,REJECTED
CT-003575,C01076,CALL,2026-08-22 13:00:00,13,9,True,1.13,ANSWERED
CT-003576,C01076,CALL,2026-09-03 13:00:00,13,4,False,,IGNORED
CT-003577,C01077,WHATSAPP,2026-07-25 08:00:00,8,5,True,1.09,ANSWERED
CT-003578,C01077,SMS,2026-08-29 07:00:00,7,2,False,,REJECTED
CT-003579,C01078,APP_PUSH,2026-07-08 22:00:00,22,5,True,2.14,ANSWERED
CT-003580,C01078,SMS,2026-08-08 16:00:00,16,11,True,0.8,ANSWERED
CT-003581,C01079,APP_PUSH,2026-09-04 15:00:00,15,1,False,,IGNORED
CT-003582,C01079,APP_PUSH,2026-07-13 18:00:00,18,2,True,0.06,ANSWERED
CT-003583,C01080,APP_PUSH,2026-08-27 11:00:00,11,4,True,0.58,ANSWERED
CT-003584,C01080,APP_PUSH,2026-08-26 13:00:00,13,3,True,4.08,ANSWERED
CT-003585,C01080,SMS,2026-08-20 13:00:00,13,0,False,,IGNORED
CT-003586,C01080,SMS,2026-07-05 18:00:00,18,5,True,0.49,ANSWERED
CT-003587,C01081,WHATSAPP,2026-06-21 15:00:00,15,2,False,,IGNORED
CT-003588,C01082,APP_PUSH,2026-08-04 11:00:00,11,6,False,,IGNORED
CT-003589,C01082,SMS,2026-08-05 11:00:00,11,6,True,0.53,ANSWERED
CT-003590,C01082,SMS,2026-08-17 12:00:00,12,10,True,1.64,ANSWERED
CT-003591,C01082,CALL,2026-08-21 14:00:00,14,2,False,,REJECTED
CT-003592,C01082,SMS,2026-09-02 08:00:00,8,7,False,,IGNORED
CT-003593,C01082,APP_PUSH,2026-07-10 10:00:00,10,10,False,,IGNORED
CT-003594,C01082,SMS,2026-08-11 11:00:00,11,2,False,,IGNORED
CT-003595,C01083,APP_PUSH,2026-08-04 17:00:00,17,8,True,5.02,ANSWERED
CT-003596,C01083,APP_PUSH,2026-06-30 15:00:00,15,8,False,,IGNORED
CT-003597,C01083,CALL,2026-09-06 23:00:00,23,8,False,,IGNORED
CT-003598,C01083,CALL,2026-08-31 18:00:00,18,1,False,,IGNORED
CT-003599,C01083,APP_PUSH,2026-09-03 17:00:00,17,6,True,1.73,ANSWERED
CT-003600,C01083,CALL,2026-09-02 17:00:00,17,6,True,0.85,ANSWERED
CT-003601,C01083,WHATSAPP,2026-07-26 14:00:00,14,9,False,,IGNORED
CT-003602,C01083,APP_PUSH,2026-07-15 19:00:00,19,8,False,,BOUNCED
CT-003603,C01083,CALL,2026-09-01 15:00:00,15,10,False,,IGNORED
CT-003604,C01084,CALL,2026-07-22 11:00:00,11,3,True,1.22,ANSWERED
CT-003605,C01084,CALL,2026-07-16 15:00:00,15,2,False,,IGNORED
CT-003606,C01085,WHATSAPP,2026-09-11 10:00:00,10,5,True,0.32,ANSWERED
CT-003607,C01085,WHATSAPP,2026-07-28 05:00:00,5,2,False,,IGNORED
CT-003608,C01086,APP_PUSH,2026-06-29 10:00:00,10,-2,False,,IGNORED
CT-003609,C01086,APP_PUSH,2026-06-22 20:00:00,20,0,False,,IGNORED
CT-003610,C01086,APP_PUSH,2026-08-23 15:00:00,15,4,True,3.05,ANSWERED
CT-003611,C01086,APP_PUSH,2026-07-01 16:00:00,16,-1,False,,IGNORED
CT-003612,C01086,APP_PUSH,2026-06-26 17:00:00,17,8,False,,IGNORED
CT-003613,C01087,APP_PUSH,2026-08-09 14:00:00,14,6,False,,IGNORED
CT-003614,C01087,SMS,2026-07-08 12:00:00,12,4,False,,IGNORED
CT-003615,C01087,SMS,2026-07-14 16:00:00,16,7,True,0.67,ANSWERED
CT-003616,C01088,WHATSAPP,2026-07-27 18:00:00,18,7,False,,IGNORED
CT-003617,C01088,WHATSAPP,2026-07-05 17:00:00,17,6,False,,IGNORED
CT-003618,C01088,WHATSAPP,2026-07-17 17:00:00,17,4,True,0.16,ANSWERED
CT-003619,C01089,APP_PUSH,2026-08-15 10:00:00,10,10,False,,IGNORED
CT-003620,C01089,APP_PUSH,2026-07-03 12:00:00,12,4,True,4.41,ANSWERED
CT-003621,C01090,WHATSAPP,2026-06-27 11:00:00,11,2,True,4.93,ANSWERED
CT-003622,C01091,SMS,2026-07-27 16:00:00,16,5,True,2.91,ANSWERED
CT-003623,C01091,WHATSAPP,2026-07-06 13:00:00,13,5,False,,IGNORED
CT-003624,C01091,SMS,2026-06-24 17:00:00,17,4,False,,IGNORED
CT-003625,C01091,SMS,2026-08-23 16:00:00,16,4,True,3.07,ANSWERED
CT-003626,C01092,SMS,2026-07-31 16:00:00,16,6,False,,IGNORED
CT-003627,C01092,SMS,2026-08-23 12:00:00,12,6,True,1.51,ANSWERED
CT-003628,C01092,SMS,2026-08-27 14:00:00,14,11,False,,IGNORED
CT-003629,C01092,WHATSAPP,2026-07-17 13:00:00,13,7,True,3.33,ANSWERED
CT-003630,C01093,SMS,2026-08-05 17:00:00,17,-2,False,,IGNORED
CT-003631,C01093,SMS,2026-08-25 17:00:00,17,2,True,2.13,ANSWERED
CT-003632,C01093,SMS,2026-06-25 16:00:00,16,2,False,,IGNORED
CT-003633,C01094,CALL,2026-09-12 17:00:00,17,3,True,0.44,ANSWERED
CT-003634,C01095,APP_PUSH,2026-07-30 17:00:00,17,2,False,,IGNORED
CT-003635,C01095,WHATSAPP,2026-08-05 08:00:00,8,3,False,,IGNORED
CT-003636,C01095,CALL,2026-09-06 17:00:00,17,0,False,,IGNORED
CT-003637,C01095,CALL,2026-08-16 21:00:00,21,6,False,,IGNORED
CT-003638,C01096,CALL,2026-06-15 04:00:00,4,7,False,,IGNORED
CT-003639,C01096,APP_PUSH,2026-06-18 06:00:00,6,13,False,,REJECTED
CT-003640,C01096,CALL,2026-06-18 08:00:00,8,7,True,0.38,ANSWERED
CT-003641,C01096,APP_PUSH,2026-07-04 05:00:00,5,6,False,,IGNORED
CT-003642,C01097,CALL,2026-07-24 11:00:00,11,5,True,5.91,ANSWERED
CT-003643,C01097,CALL,2026-07-15 06:00:00,6,6,False,,IGNORED
CT-003644,C01097,CALL,2026-06-26 15:00:00,15,3,False,,BOUNCED
CT-003645,C01098,SMS,2026-09-07 23:00:00,23,2,False,,REJECTED
CT-003646,C01098,SMS,2026-08-02 18:00:00,18,3,False,,IGNORED
CT-003647,C01098,SMS,2026-07-30 21:00:00,21,4,True,0.29,ANSWERED
CT-003648,C01098,APP_PUSH,2026-07-27 19:00:00,19,3,False,,IGNORED
CT-003649,C01099,SMS,2026-07-04 13:00:00,13,5,False,,IGNORED
CT-003650,C01099,WHATSAPP,2026-07-27 18:00:00,18,10,True,1.22,ANSWERED
CT-003651,C01100,SMS,2026-07-24 15:00:00,15,3,True,2.39,ANSWERED
CT-003652,C01100,SMS,2026-06-26 17:00:00,17,1,False,,IGNORED
CT-003653,C01101,APP_PUSH,2026-07-14 14:00:00,14,8,False,,IGNORED
CT-003654,C01101,WHATSAPP,2026-08-31 14:00:00,14,1,False,,IGNORED
CT-003655,C01101,WHATSAPP,2026-06-28 18:00:00,18,6,True,1.0,ANSWERED
CT-003656,C01101,WHATSAPP,2026-06-17 13:00:00,13,9,True,2.27,ANSWERED
CT-003657,C01102,WHATSAPP,2026-08-17 21:00:00,21,4,False,,IGNORED
CT-003658,C01102,APP_PUSH,2026-08-11 11:00:00,11,3,False,,IGNORED
CT-003659,C01103,SMS,2026-08-25 10:00:00,10,1,True,3.99,ANSWERED
CT-003660,C01103,SMS,2026-07-24 17:00:00,17,4,False,,REJECTED
CT-003661,C01103,CALL,2026-08-17 12:00:00,12,6,False,,REJECTED
CT-003662,C01104,WHATSAPP,2026-08-04 06:00:00,6,5,True,1.18,ANSWERED
CT-003663,C01104,WHATSAPP,2026-08-28 08:00:00,8,4,True,0.55,ANSWERED
CT-003664,C01105,APP_PUSH,2026-07-20 12:00:00,12,2,False,,IGNORED
CT-003665,C01105,APP_PUSH,2026-09-03 13:00:00,13,2,True,0.31,ANSWERED
CT-003666,C01105,APP_PUSH,2026-08-16 01:00:00,1,0,False,,IGNORED
CT-003667,C01106,SMS,2026-06-24 13:00:00,13,9,False,,IGNORED
CT-003668,C01106,CALL,2026-07-01 16:00:00,16,3,True,0.34,ANSWERED
CT-003669,C01106,APP_PUSH,2026-08-22 15:00:00,15,7,False,,IGNORED
CT-003670,C01106,CALL,2026-07-19 11:00:00,11,7,False,,IGNORED
CT-003671,C01106,CALL,2026-09-12 14:00:00,14,5,False,,IGNORED
CT-003672,C01106,APP_PUSH,2026-07-12 11:00:00,11,6,False,,IGNORED
CT-003673,C01107,CALL,2026-06-29 12:00:00,12,5,False,,IGNORED
CT-003674,C01107,SMS,2026-07-14 09:00:00,9,6,True,2.35,ANSWERED
CT-003675,C01107,CALL,2026-07-20 08:00:00,8,4,False,,IGNORED
CT-003676,C01108,SMS,2026-08-30 15:00:00,15,3,False,,BOUNCED
CT-003677,C01108,APP_PUSH,2026-07-27 13:00:00,13,2,False,,IGNORED
CT-003678,C01108,APP_PUSH,2026-08-17 13:00:00,13,9,False,,IGNORED
CT-003679,C01109,CALL,2026-08-05 14:00:00,14,9,False,,IGNORED
CT-003680,C01109,CALL,2026-07-12 18:00:00,18,9,True,0.53,ANSWERED
CT-003681,C01109,CALL,2026-08-05 12:00:00,12,10,True,5.59,ANSWERED
CT-003682,C01109,CALL,2026-08-29 15:00:00,15,3,False,,REJECTED
CT-003683,C01109,CALL,2026-07-10 16:00:00,16,7,False,,IGNORED
CT-003684,C01110,SMS,2026-07-04 19:00:00,19,3,False,,IGNORED
CT-003685,C01110,APP_PUSH,2026-08-17 20:00:00,20,0,False,,IGNORED
CT-003686,C01110,CALL,2026-07-05 19:00:00,19,1,True,1.16,ANSWERED
CT-003687,C01110,CALL,2026-07-28 21:00:00,21,-1,False,,IGNORED
CT-003688,C01110,SMS,2026-08-14 18:00:00,18,0,False,,IGNORED
CT-003689,C01111,APP_PUSH,2026-09-07 15:00:00,15,6,True,3.09,ANSWERED
CT-003690,C01111,APP_PUSH,2026-07-20 18:00:00,18,5,False,,IGNORED
CT-003691,C01111,CALL,2026-08-02 15:00:00,15,7,True,0.06,ANSWERED
CT-003692,C01112,WHATSAPP,2026-08-14 12:00:00,12,5,True,0.38,ANSWERED
CT-003693,C01112,APP_PUSH,2026-07-16 10:00:00,10,5,True,0.65,ANSWERED
CT-003694,C01112,WHATSAPP,2026-08-05 06:00:00,6,3,False,,IGNORED
CT-003695,C01112,CALL,2026-07-06 00:00:00,0,7,False,,REJECTED
CT-003696,C01112,WHATSAPP,2026-08-22 03:00:00,3,6,True,0.93,ANSWERED
CT-003697,C01113,APP_PUSH,2026-07-05 18:00:00,18,3,False,,IGNORED
CT-003698,C01113,WHATSAPP,2026-07-22 13:00:00,13,3,False,,REJECTED
CT-003699,C01113,WHATSAPP,2026-07-23 18:00:00,18,0,True,2.31,ANSWERED
CT-003700,C01114,CALL,2026-08-15 05:00:00,5,6,False,,IGNORED
CT-003701,C01114,APP_PUSH,2026-07-29 08:00:00,8,9,False,,IGNORED
CT-003702,C01115,SMS,2026-07-25 15:00:00,15,3,True,0.21,ANSWERED
CT-003703,C01115,SMS,2026-06-25 15:00:00,15,6,False,,IGNORED
CT-003704,C01115,WHATSAPP,2026-08-03 12:00:00,12,4,False,,IGNORED
CT-003705,C01115,WHATSAPP,2026-07-11 15:00:00,15,6,False,,IGNORED
CT-003706,C01115,WHATSAPP,2026-08-13 15:00:00,15,8,False,,IGNORED
CT-003707,C01115,SMS,2026-08-23 08:00:00,8,6,False,,IGNORED
CT-003708,C01115,WHATSAPP,2026-08-28 15:00:00,15,9,False,,IGNORED
CT-003709,C01115,WHATSAPP,2026-07-10 13:00:00,13,4,True,0.43,ANSWERED
CT-003710,C01115,WHATSAPP,2026-09-12 13:00:00,13,7,False,,IGNORED
CT-003711,C01118,CALL,2026-08-18 11:00:00,11,4,False,,IGNORED
CT-003712,C01118,SMS,2026-06-25 11:00:00,11,7,True,1.13,ANSWERED
CT-003713,C01119,APP_PUSH,2026-07-18 13:00:00,13,7,False,,REJECTED
CT-003714,C01119,APP_PUSH,2026-07-23 09:00:00,9,10,False,,IGNORED
CT-003715,C01119,APP_PUSH,2026-06-15 09:00:00,9,7,False,,REJECTED
CT-003716,C01119,APP_PUSH,2026-08-03 05:00:00,5,7,True,0.48,ANSWERED
CT-003717,C01119,WHATSAPP,2026-06-23 14:00:00,14,7,False,,IGNORED
CT-003718,C01120,APP_PUSH,2026-08-24 12:00:00,12,6,False,,IGNORED
CT-003719,C01121,APP_PUSH,2026-06-15 16:00:00,16,5,False,,IGNORED
CT-003720,C01121,SMS,2026-08-19 16:00:00,16,6,False,,IGNORED
CT-003721,C01121,SMS,2026-08-30 19:00:00,19,6,False,,BOUNCED
CT-003722,C01122,APP_PUSH,2026-08-02 14:00:00,14,6,True,0.97,ANSWERED
CT-003723,C01122,APP_PUSH,2026-06-19 21:00:00,21,6,True,1.81,ANSWERED
CT-003724,C01122,APP_PUSH,2026-07-01 21:00:00,21,5,True,4.56,ANSWERED
CT-003725,C01123,APP_PUSH,2026-07-01 20:00:00,20,5,False,,IGNORED
CT-003726,C01123,APP_PUSH,2026-09-04 18:00:00,18,1,True,1.14,ANSWERED
CT-003727,C01124,WHATSAPP,2026-08-29 17:00:00,17,2,False,,IGNORED
CT-003728,C01125,CALL,2026-06-15 11:00:00,11,9,False,,IGNORED
CT-003729,C01125,CALL,2026-08-22 12:00:00,12,6,False,,IGNORED
CT-003730,C01125,CALL,2026-07-02 18:00:00,18,9,False,,IGNORED
CT-003731,C01126,CALL,2026-07-15 05:00:00,5,1,False,,IGNORED
CT-003732,C01126,SMS,2026-06-27 11:00:00,11,4,False,,IGNORED
CT-003733,C01126,APP_PUSH,2026-08-07 09:00:00,9,6,False,,IGNORED
CT-003734,C01126,CALL,2026-09-10 09:00:00,9,7,False,,IGNORED
CT-003735,C01127,SMS,2026-06-25 10:00:00,10,1,True,1.29,ANSWERED
CT-003736,C01127,CALL,2026-07-09 06:00:00,6,4,False,,IGNORED
CT-003737,C01127,CALL,2026-09-05 03:00:00,3,2,True,2.1,ANSWERED
CT-003738,C01128,SMS,2026-09-08 18:00:00,18,3,False,,IGNORED
CT-003739,C01128,CALL,2026-07-26 22:00:00,22,3,False,,IGNORED
CT-003740,C01128,SMS,2026-08-12 23:00:00,23,5,False,,IGNORED
CT-003741,C01129,WHATSAPP,2026-08-15 17:00:00,17,10,False,,IGNORED
CT-003742,C01129,SMS,2026-09-01 10:00:00,10,5,False,,IGNORED
CT-003743,C01129,WHATSAPP,2026-07-07 11:00:00,11,9,True,0.04,ANSWERED
CT-003744,C01130,APP_PUSH,2026-07-19 09:00:00,9,5,True,17.51,ANSWERED
CT-003745,C01130,APP_PUSH,2026-08-29 13:00:00,13,5,False,,IGNORED
CT-003746,C01130,WHATSAPP,2026-06-28 13:00:00,13,1,False,,IGNORED
CT-003747,C01130,WHATSAPP,2026-08-20 12:00:00,12,4,False,,IGNORED
CT-003748,C01130,APP_PUSH,2026-08-18 07:00:00,7,9,False,,IGNORED
CT-003749,C01130,CALL,2026-09-04 12:00:00,12,7,False,,IGNORED
CT-003750,C01130,APP_PUSH,2026-08-17 12:00:00,12,5,False,,REJECTED
CT-003751,C01130,APP_PUSH,2026-08-05 12:00:00,12,5,True,0.71,ANSWERED
CT-003752,C01130,APP_PUSH,2026-06-23 05:00:00,5,11,False,,BOUNCED
CT-003753,C01131,APP_PUSH,2026-07-26 17:00:00,17,5,True,2.32,ANSWERED
CT-003754,C01131,SMS,2026-08-01 19:00:00,19,5,True,3.11,ANSWERED
CT-003755,C01131,CALL,2026-07-20 12:00:00,12,9,True,2.14,ANSWERED
CT-003756,C01131,SMS,2026-08-17 17:00:00,17,5,True,0.06,ANSWERED
CT-003757,C01131,SMS,2026-09-08 19:00:00,19,8,False,,IGNORED
CT-003758,C01131,SMS,2026-09-12 19:00:00,19,5,True,3.84,ANSWERED
CT-003759,C01131,SMS,2026-09-10 21:00:00,21,8,True,1.63,ANSWERED
CT-003760,C01131,CALL,2026-07-21 16:00:00,16,8,False,,REJECTED
CT-003761,C01131,APP_PUSH,2026-08-08 19:00:00,19,11,False,,REJECTED
CT-003762,C01132,SMS,2026-07-30 10:00:00,10,5,False,,REJECTED
CT-003763,C01132,APP_PUSH,2026-08-29 12:00:00,12,6,False,,IGNORED
CT-003764,C01132,SMS,2026-07-02 08:00:00,8,3,True,1.67,ANSWERED
CT-003765,C01132,CALL,2026-08-29 10:00:00,10,6,False,,REJECTED
CT-003766,C01133,SMS,2026-09-08 22:00:00,22,5,True,0.34,ANSWERED
CT-003767,C01133,SMS,2026-06-28 19:00:00,19,4,True,1.12,ANSWERED
CT-003768,C01133,SMS,2026-08-14 13:00:00,13,1,True,1.66,ANSWERED
CT-003769,C01133,SMS,2026-07-12 16:00:00,16,1,False,,REJECTED
CT-003770,C01133,CALL,2026-07-10 23:00:00,23,4,False,,BOUNCED
CT-003771,C01134,WHATSAPP,2026-08-30 19:00:00,19,0,True,0.98,ANSWERED
CT-003772,C01134,WHATSAPP,2026-06-22 15:00:00,15,5,False,,IGNORED
CT-003773,C01135,SMS,2026-08-24 20:00:00,20,0,False,,IGNORED
CT-003774,C01135,APP_PUSH,2026-07-10 20:00:00,20,2,False,,REJECTED
CT-003775,C01136,APP_PUSH,2026-08-26 15:00:00,15,2,False,,IGNORED
CT-003776,C01136,SMS,2026-06-21 11:00:00,11,3,False,,IGNORED
CT-003777,C01136,SMS,2026-08-20 14:00:00,14,3,False,,IGNORED
CT-003778,C01137,CALL,2026-06-22 13:00:00,13,0,False,,IGNORED
CT-003779,C01137,SMS,2026-07-31 09:00:00,9,1,False,,IGNORED
CT-003780,C01138,WHATSAPP,2026-06-21 08:00:00,8,5,False,,BOUNCED
CT-003781,C01138,APP_PUSH,2026-08-26 10:00:00,10,2,False,,REJECTED
CT-003782,C01138,SMS,2026-08-24 14:00:00,14,3,False,,IGNORED
CT-003783,C01138,WHATSAPP,2026-09-07 05:00:00,5,4,False,,IGNORED
CT-003784,C01138,SMS,2026-07-16 09:00:00,9,3,False,,IGNORED
CT-003785,C01139,APP_PUSH,2026-09-01 21:00:00,21,5,True,1.75,ANSWERED
CT-003786,C01139,APP_PUSH,2026-07-14 18:00:00,18,8,True,1.63,ANSWERED
CT-003787,C01139,APP_PUSH,2026-06-29 21:00:00,21,3,False,,REJECTED
CT-003788,C01139,APP_PUSH,2026-09-12 20:00:00,20,4,True,3.64,ANSWERED
CT-003789,C01139,APP_PUSH,2026-07-06 20:00:00,20,1,True,0.93,ANSWERED
CT-003790,C01139,WHATSAPP,2026-07-09 20:00:00,20,7,True,2.05,ANSWERED
CT-003791,C01140,WHATSAPP,2026-06-16 12:00:00,12,4,True,0.88,ANSWERED
CT-003792,C01140,APP_PUSH,2026-09-08 16:00:00,16,4,False,,IGNORED
CT-003793,C01140,WHATSAPP,2026-09-01 14:00:00,14,2,False,,IGNORED
CT-003794,C01141,SMS,2026-09-03 13:00:00,13,-1,False,,IGNORED
CT-003795,C01142,APP_PUSH,2026-08-25 15:00:00,15,3,False,,IGNORED
CT-003796,C01142,APP_PUSH,2026-07-02 13:00:00,13,3,False,,IGNORED
CT-003797,C01142,WHATSAPP,2026-08-02 08:00:00,8,5,False,,BOUNCED
CT-003798,C01142,APP_PUSH,2026-07-26 11:00:00,11,5,False,,IGNORED
CT-003799,C01144,WHATSAPP,2026-09-12 17:00:00,17,2,True,6.85,ANSWERED
CT-003800,C01144,WHATSAPP,2026-07-12 20:00:00,20,5,True,0.03,ANSWERED
CT-003801,C01144,WHATSAPP,2026-09-12 19:00:00,19,4,True,0.14,ANSWERED
CT-003802,C01144,WHATSAPP,2026-08-26 23:00:00,23,4,True,1.4,ANSWERED
CT-003803,C01144,WHATSAPP,2026-06-28 20:00:00,20,2,False,,REJECTED
CT-003804,C01144,CALL,2026-07-26 19:00:00,19,1,False,,IGNORED
CT-003805,C01144,WHATSAPP,2026-08-18 23:00:00,23,3,True,0.62,ANSWERED
CT-003806,C01145,CALL,2026-07-30 16:00:00,16,2,False,,REJECTED
CT-003807,C01145,SMS,2026-07-20 18:00:00,18,4,True,1.35,ANSWERED
CT-003808,C01145,SMS,2026-08-03 22:00:00,22,4,False,,REJECTED
CT-003809,C01145,CALL,2026-07-31 22:00:00,22,2,False,,IGNORED
CT-003810,C01145,SMS,2026-06-16 20:00:00,20,6,False,,IGNORED
CT-003811,C01146,CALL,2026-06-27 15:00:00,15,7,True,0.8,ANSWERED
CT-003812,C01146,CALL,2026-08-17 15:00:00,15,7,False,,IGNORED
CT-003813,C01147,WHATSAPP,2026-06-23 11:00:00,11,8,True,0.08,ANSWERED
CT-003814,C01147,WHATSAPP,2026-08-26 10:00:00,10,5,False,,IGNORED
CT-003815,C01147,WHATSAPP,2026-07-11 16:00:00,16,6,True,6.23,ANSWERED
CT-003816,C01147,APP_PUSH,2026-07-17 16:00:00,16,7,True,1.92,ANSWERED
CT-003817,C01148,APP_PUSH,2026-07-12 12:00:00,12,9,False,,IGNORED
CT-003818,C01148,SMS,2026-06-30 05:00:00,5,7,False,,IGNORED
CT-003819,C01148,SMS,2026-08-05 10:00:00,10,6,True,1.24,ANSWERED
CT-003820,C01148,SMS,2026-08-16 11:00:00,11,7,False,,IGNORED
CT-003821,C01149,SMS,2026-08-08 11:00:00,11,2,False,,IGNORED
CT-003822,C01149,CALL,2026-09-12 13:00:00,13,6,False,,REJECTED
CT-003823,C01150,CALL,2026-09-12 18:00:00,18,0,False,,IGNORED
CT-003824,C01150,SMS,2026-06-22 21:00:00,21,4,False,,REJECTED
CT-003825,C01152,SMS,2026-06-21 15:00:00,15,2,True,0.91,ANSWERED
CT-003826,C01153,SMS,2026-07-03 16:00:00,16,7,False,,IGNORED
CT-003827,C01153,WHATSAPP,2026-08-14 16:00:00,16,4,True,4.94,ANSWERED
CT-003828,C01153,SMS,2026-07-07 23:00:00,23,5,False,,IGNORED
CT-003829,C01153,SMS,2026-08-04 16:00:00,16,4,True,2.41,ANSWERED
CT-003830,C01153,SMS,2026-06-22 19:00:00,19,6,False,,IGNORED
CT-003831,C01154,APP_PUSH,2026-06-21 17:00:00,17,8,False,,IGNORED
CT-003832,C01154,APP_PUSH,2026-08-12 12:00:00,12,1,False,,IGNORED
CT-003833,C01154,APP_PUSH,2026-07-31 16:00:00,16,3,False,,IGNORED
CT-003834,C01154,APP_PUSH,2026-08-18 15:00:00,15,3,False,,REJECTED
CT-003835,C01154,APP_PUSH,2026-07-22 15:00:00,15,7,False,,IGNORED
CT-003836,C01156,CALL,2026-06-25 16:00:00,16,4,False,,IGNORED
CT-003837,C01156,APP_PUSH,2026-07-06 11:00:00,11,6,False,,IGNORED
CT-003838,C01157,SMS,2026-09-09 17:00:00,17,3,True,1.47,ANSWERED
CT-003839,C01157,SMS,2026-06-16 18:00:00,18,3,False,,REJECTED
CT-003840,C01157,CALL,2026-08-15 14:00:00,14,4,False,,IGNORED
CT-003841,C01157,SMS,2026-08-20 15:00:00,15,4,False,,IGNORED
CT-003842,C01158,SMS,2026-07-21 08:00:00,8,2,True,0.61,ANSWERED
CT-003843,C01158,SMS,2026-08-17 09:00:00,9,3,True,1.8,ANSWERED
CT-003844,C01159,CALL,2026-08-07 17:00:00,17,6,True,0.95,ANSWERED
CT-003845,C01159,CALL,2026-08-12 18:00:00,18,3,False,,IGNORED
CT-003846,C01159,CALL,2026-09-11 21:00:00,21,5,True,0.92,ANSWERED
CT-003847,C01160,APP_PUSH,2026-07-12 18:00:00,18,8,False,,IGNORED
CT-003848,C01161,CALL,2026-08-19 05:00:00,5,0,True,0.45,ANSWERED
CT-003849,C01161,CALL,2026-08-04 09:00:00,9,2,False,,IGNORED
CT-003850,C01162,APP_PUSH,2026-07-09 17:00:00,17,6,False,,REJECTED
CT-003851,C01162,APP_PUSH,2026-09-06 15:00:00,15,5,True,0.22,ANSWERED
CT-003852,C01163,CALL,2026-08-20 17:00:00,17,7,True,2.57,ANSWERED
CT-003853,C01163,SMS,2026-08-24 18:00:00,18,1,False,,IGNORED
CT-003854,C01163,SMS,2026-06-25 11:00:00,11,5,True,2.28,ANSWERED
CT-003855,C01163,CALL,2026-07-28 11:00:00,11,3,False,,REJECTED
CT-003856,C01163,WHATSAPP,2026-07-07 15:00:00,15,4,True,4.8,ANSWERED
CT-003857,C01164,SMS,2026-06-20 15:00:00,15,1,True,0.75,ANSWERED
CT-003858,C01164,SMS,2026-09-02 13:00:00,13,4,True,1.4,ANSWERED
CT-003859,C01164,SMS,2026-06-27 09:00:00,9,1,False,,REJECTED
CT-003860,C01164,CALL,2026-08-03 11:00:00,11,0,False,,IGNORED
CT-003861,C01164,SMS,2026-08-26 16:00:00,16,3,False,,IGNORED
CT-003862,C01166,WHATSAPP,2026-08-24 07:00:00,7,3,True,0.16,ANSWERED
CT-003863,C01167,APP_PUSH,2026-08-17 13:00:00,13,0,False,,IGNORED
CT-003864,C01167,SMS,2026-08-14 19:00:00,19,0,False,,IGNORED
CT-003865,C01168,WHATSAPP,2026-07-25 14:00:00,14,4,False,,IGNORED
CT-003866,C01168,WHATSAPP,2026-08-11 12:00:00,12,7,True,0.58,ANSWERED
CT-003867,C01168,WHATSAPP,2026-06-21 14:00:00,14,8,False,,IGNORED
CT-003868,C01168,WHATSAPP,2026-06-16 11:00:00,11,3,True,1.42,ANSWERED
CT-003869,C01169,APP_PUSH,2026-07-08 14:00:00,14,5,False,,REJECTED
CT-003870,C01169,WHATSAPP,2026-08-16 17:00:00,17,8,False,,IGNORED
CT-003871,C01169,APP_PUSH,2026-08-30 13:00:00,13,4,False,,IGNORED
CT-003872,C01169,SMS,2026-08-19 19:00:00,19,5,False,,IGNORED
CT-003873,C01169,SMS,2026-08-21 12:00:00,12,4,False,,IGNORED
CT-003874,C01169,SMS,2026-07-09 18:00:00,18,3,True,7.3,ANSWERED
CT-003875,C01170,APP_PUSH,2026-08-17 17:00:00,17,3,False,,IGNORED
CT-003876,C01170,SMS,2026-08-24 09:00:00,9,7,False,,REJECTED
CT-003877,C01171,SMS,2026-08-01 11:00:00,11,8,True,0.96,ANSWERED
CT-003878,C01172,CALL,2026-08-26 18:00:00,18,6,False,,IGNORED
CT-003879,C01172,CALL,2026-08-21 14:00:00,14,6,True,2.75,ANSWERED
CT-003880,C01172,CALL,2026-06-27 13:00:00,13,6,False,,IGNORED
CT-003881,C01173,WHATSAPP,2026-09-10 05:00:00,5,6,False,,IGNORED
CT-003882,C01173,WHATSAPP,2026-09-12 12:00:00,12,4,False,,BOUNCED
CT-003883,C01173,APP_PUSH,2026-06-18 14:00:00,14,3,False,,IGNORED
CT-003884,C01173,WHATSAPP,2026-07-20 19:00:00,19,7,True,0.42,ANSWERED
CT-003885,C01173,WHATSAPP,2026-07-20 11:00:00,11,4,False,,IGNORED
CT-003886,C01173,WHATSAPP,2026-09-12 11:00:00,11,5,True,0.67,ANSWERED
CT-003887,C01174,APP_PUSH,2026-08-09 11:00:00,11,9,True,3.47,ANSWERED
CT-003888,C01174,APP_PUSH,2026-08-25 06:00:00,6,3,True,2.83,ANSWERED
CT-003889,C01174,APP_PUSH,2026-08-16 08:00:00,8,6,False,,BOUNCED
CT-003890,C01175,APP_PUSH,2026-08-22 08:00:00,8,4,False,,IGNORED
CT-003891,C01175,WHATSAPP,2026-07-27 08:00:00,8,3,True,0.03,ANSWERED
CT-003892,C01175,WHATSAPP,2026-08-05 09:00:00,9,4,False,,IGNORED
CT-003893,C01175,APP_PUSH,2026-08-08 12:00:00,12,4,False,,IGNORED
CT-003894,C01175,SMS,2026-06-29 15:00:00,15,1,False,,IGNORED
CT-003895,C01175,WHATSAPP,2026-09-01 12:00:00,12,7,False,,IGNORED
CT-003896,C01176,WHATSAPP,2026-07-06 07:00:00,7,2,True,1.01,ANSWERED
CT-003897,C01176,CALL,2026-06-26 15:00:00,15,5,True,5.19,ANSWERED
CT-003898,C01177,SMS,2026-06-25 17:00:00,17,1,False,,IGNORED
CT-003899,C01177,SMS,2026-08-06 16:00:00,16,5,False,,IGNORED
CT-003900,C01177,SMS,2026-09-08 15:00:00,15,3,False,,IGNORED
CT-003901,C01177,APP_PUSH,2026-09-01 23:00:00,23,2,False,,IGNORED
CT-003902,C01177,APP_PUSH,2026-07-11 22:00:00,22,2,True,4.76,ANSWERED
CT-003903,C01177,SMS,2026-07-06 21:00:00,21,3,True,2.03,ANSWERED
CT-003904,C01178,APP_PUSH,2026-08-12 16:00:00,16,5,False,,IGNORED
CT-003905,C01178,CALL,2026-06-23 16:00:00,16,6,False,,BOUNCED
CT-003906,C01179,SMS,2026-08-11 18:00:00,18,7,False,,REJECTED
CT-003907,C01179,WHATSAPP,2026-08-09 16:00:00,16,4,True,1.9,ANSWERED
CT-003908,C01179,WHATSAPP,2026-07-21 19:00:00,19,5,True,3.82,ANSWERED
CT-003909,C01180,WHATSAPP,2026-06-15 15:00:00,15,0,True,0.02,ANSWERED
CT-003910,C01180,SMS,2026-07-03 07:00:00,7,1,False,,IGNORED
CT-003911,C01180,SMS,2026-07-11 10:00:00,10,3,False,,IGNORED
CT-003912,C01181,WHATSAPP,2026-07-21 17:00:00,17,3,False,,IGNORED
CT-003913,C01181,SMS,2026-07-09 23:00:00,23,3,False,,IGNORED
CT-003914,C01181,WHATSAPP,2026-06-22 18:00:00,18,-3,False,,IGNORED
CT-003915,C01182,APP_PUSH,2026-07-11 14:00:00,14,4,False,,IGNORED
CT-003916,C01182,SMS,2026-07-27 16:00:00,16,3,False,,IGNORED
CT-003917,C01182,APP_PUSH,2026-06-18 21:00:00,21,1,False,,IGNORED
CT-003918,C01183,SMS,2026-07-15 17:00:00,17,5,False,,IGNORED
CT-003919,C01183,CALL,2026-07-22 19:00:00,19,1,False,,IGNORED
CT-003920,C01183,WHATSAPP,2026-09-09 18:00:00,18,0,False,,IGNORED
CT-003921,C01183,CALL,2026-08-21 16:00:00,16,-2,False,,IGNORED
CT-003922,C01184,SMS,2026-09-12 07:00:00,7,0,True,3.19,ANSWERED
CT-003923,C01185,APP_PUSH,2026-09-12 16:00:00,16,5,True,0.66,ANSWERED
CT-003924,C01186,CALL,2026-07-09 15:00:00,15,2,False,,REJECTED
CT-003925,C01186,SMS,2026-08-16 13:00:00,13,0,True,0.11,ANSWERED
CT-003926,C01186,CALL,2026-09-06 15:00:00,15,3,False,,IGNORED
CT-003927,C01186,SMS,2026-08-31 09:00:00,9,1,False,,IGNORED
CT-003928,C01187,WHATSAPP,2026-06-23 17:00:00,17,6,False,,IGNORED
CT-003929,C01187,APP_PUSH,2026-08-01 14:00:00,14,2,False,,IGNORED
CT-003930,C01187,SMS,2026-09-07 18:00:00,18,9,False,,IGNORED
CT-003931,C01188,APP_PUSH,2026-09-12 14:00:00,14,2,False,,IGNORED
CT-003932,C01188,SMS,2026-07-07 14:00:00,14,1,True,0.65,ANSWERED
CT-003933,C01188,APP_PUSH,2026-07-17 21:00:00,21,0,False,,IGNORED
CT-003934,C01189,CALL,2026-08-18 18:00:00,18,6,False,,IGNORED
CT-003935,C01189,APP_PUSH,2026-08-19 12:00:00,12,11,False,,IGNORED
CT-003936,C01189,CALL,2026-09-06 19:00:00,19,8,True,0.77,ANSWERED
CT-003937,C01189,CALL,2026-09-04 15:00:00,15,10,False,,IGNORED
CT-003938,C01189,SMS,2026-06-15 17:00:00,17,6,True,0.66,ANSWERED
CT-003939,C01190,SMS,2026-09-04 18:00:00,18,3,True,2.45,ANSWERED
CT-003940,C01191,WHATSAPP,2026-06-26 06:00:00,6,6,False,,IGNORED
CT-003941,C01191,APP_PUSH,2026-08-02 05:00:00,5,3,False,,IGNORED
CT-003942,C01192,APP_PUSH,2026-07-27 09:00:00,9,6,False,,IGNORED
CT-003943,C01193,CALL,2026-06-16 10:00:00,10,0,False,,IGNORED
CT-003944,C01193,APP_PUSH,2026-08-30 14:00:00,14,2,True,0.13,ANSWERED
CT-003945,C01194,APP_PUSH,2026-07-11 19:00:00,19,0,False,,IGNORED
CT-003946,C01194,WHATSAPP,2026-08-05 15:00:00,15,0,True,0.73,ANSWERED
CT-003947,C01194,SMS,2026-08-12 15:00:00,15,3,False,,IGNORED
CT-003948,C01194,WHATSAPP,2026-07-09 12:00:00,12,0,False,,IGNORED
CT-003949,C01194,APP_PUSH,2026-07-27 14:00:00,14,1,False,,IGNORED
CT-003950,C01195,WHATSAPP,2026-07-19 11:00:00,11,9,False,,IGNORED
CT-003951,C01195,CALL,2026-07-12 11:00:00,11,6,False,,IGNORED
CT-003952,C01195,CALL,2026-07-17 18:00:00,18,6,False,,REJECTED
CT-003953,C01195,WHATSAPP,2026-07-29 15:00:00,15,4,False,,IGNORED
CT-003954,C01196,WHATSAPP,2026-06-29 06:00:00,6,3,False,,IGNORED
CT-003955,C01196,SMS,2026-08-11 04:00:00,4,5,False,,IGNORED
CT-003956,C01196,SMS,2026-08-08 01:00:00,1,4,False,,IGNORED
CT-003957,C01196,WHATSAPP,2026-09-03 07:00:00,7,6,False,,IGNORED
CT-003958,C01197,WHATSAPP,2026-07-07 06:00:00,6,3,False,,IGNORED
CT-003959,C01197,WHATSAPP,2026-07-03 13:00:00,13,8,False,,IGNORED
CT-003960,C01197,WHATSAPP,2026-06-25 14:00:00,14,7,False,,IGNORED
CT-003961,C01198,APP_PUSH,2026-07-09 17:00:00,17,5,True,9.11,ANSWERED
CT-003962,C01198,APP_PUSH,2026-07-25 11:00:00,11,8,True,0.34,ANSWERED
CT-003963,C01199,APP_PUSH,2026-09-09 13:00:00,13,1,False,,IGNORED
CT-003964,C01199,SMS,2026-06-25 08:00:00,8,3,False,,REJECTED
CT-003965,C01199,SMS,2026-06-30 17:00:00,17,0,True,0.37,ANSWERED
CT-003966,C01200,WHATSAPP,2026-06-25 10:00:00,10,4,False,,IGNORED
CT-003967,C01200,SMS,2026-08-12 12:00:00,12,3,False,,IGNORED
CT-003968,C01200,SMS,2026-08-04 07:00:00,7,1,False,,REJECTED
CT-003969,C01200,WHATSAPP,2026-07-18 08:00:00,8,-2,False,,REJECTED
CT-003970,C01200,SMS,2026-07-27 07:00:00,7,2,False,,REJECTED
CT-003971,C01200,SMS,2026-07-04 09:00:00,9,3,False,,IGNORED
CT-003972,C01201,APP_PUSH,2026-07-22 14:00:00,14,7,True,4.74,ANSWERED
CT-003973,C01202,CALL,2026-08-11 23:00:00,23,5,False,,IGNORED
CT-003974,C01202,APP_PUSH,2026-07-31 23:00:00,23,0,False,,IGNORED
CT-003975,C01202,WHATSAPP,2026-08-16 23:00:00,23,4,False,,REJECTED
CT-003976,C01202,CALL,2026-07-09 19:00:00,19,6,False,,IGNORED
CT-003977,C01202,WHATSAPP,2026-08-02 21:00:00,21,1,True,2.24,ANSWERED
CT-003978,C01203,APP_PUSH,2026-09-07 09:00:00,9,7,False,,IGNORED
CT-003979,C01203,CALL,2026-06-27 07:00:00,7,10,False,,IGNORED
CT-003980,C01203,APP_PUSH,2026-07-09 12:00:00,12,12,True,0.59,ANSWERED
CT-003981,C01203,CALL,2026-06-16 12:00:00,12,7,False,,IGNORED
CT-003982,C01204,SMS,2026-09-11 15:00:00,15,6,False,,IGNORED
CT-003983,C01204,CALL,2026-09-01 21:00:00,21,4,True,0.21,ANSWERED
CT-003984,C01204,SMS,2026-07-15 17:00:00,17,1,True,4.24,ANSWERED
CT-003985,C01204,CALL,2026-07-09 21:00:00,21,6,False,,IGNORED
CT-003986,C01205,CALL,2026-08-13 03:00:00,3,3,False,,IGNORED
CT-003987,C01205,CALL,2026-07-09 06:00:00,6,5,False,,IGNORED
CT-003988,C01205,WHATSAPP,2026-07-31 10:00:00,10,3,False,,IGNORED
CT-003989,C01206,CALL,2026-07-18 13:00:00,13,7,False,,BOUNCED
CT-003990,C01206,CALL,2026-08-02 12:00:00,12,7,True,2.68,ANSWERED
CT-003991,C01206,SMS,2026-08-31 11:00:00,11,6,False,,REJECTED
CT-003992,C01207,APP_PUSH,2026-08-29 07:00:00,7,10,False,,IGNORED
CT-003993,C01207,WHATSAPP,2026-07-27 05:00:00,5,4,False,,IGNORED
CT-003994,C01207,CALL,2026-08-05 09:00:00,9,8,False,,IGNORED
CT-003995,C01208,SMS,2026-07-28 10:00:00,10,4,True,0.26,ANSWERED
CT-003996,C01208,SMS,2026-09-02 09:00:00,9,4,False,,IGNORED
CT-003997,C01209,SMS,2026-08-22 20:00:00,20,4,False,,IGNORED
CT-003998,C01210,CALL,2026-08-20 17:00:00,17,9,False,,REJECTED
CT-003999,C01211,WHATSAPP,2026-08-20 12:00:00,12,7,True,1.44,ANSWERED
CT-004000,C01211,WHATSAPP,2026-08-04 04:00:00,4,7,True,3.2,ANSWERED
CT-004001,C01211,APP_PUSH,2026-07-10 11:00:00,11,6,False,,BOUNCED
CT-004002,C01211,WHATSAPP,2026-06-30 09:00:00,9,9,True,0.16,ANSWERED
CT-004003,C01212,CALL,2026-07-20 15:00:00,15,5,True,1.23,ANSWERED
CT-004004,C01212,SMS,2026-07-10 16:00:00,16,4,True,3.15,ANSWERED
CT-004005,C01213,WHATSAPP,2026-08-24 16:00:00,16,3,False,,IGNORED
CT-004006,C01213,WHATSAPP,2026-07-25 15:00:00,15,7,True,1.46,ANSWERED
CT-004007,C01214,SMS,2026-08-03 10:00:00,10,4,False,,IGNORED
CT-004008,C01214,SMS,2026-06-17 07:00:00,7,3,True,3.31,ANSWERED
CT-004009,C01215,SMS,2026-09-03 06:00:00,6,4,False,,REJECTED
CT-004010,C01215,APP_PUSH,2026-08-16 08:00:00,8,2,False,,IGNORED
CT-004011,C01215,SMS,2026-08-30 07:00:00,7,5,True,4.68,ANSWERED
CT-004012,C01215,WHATSAPP,2026-06-26 05:00:00,5,4,True,2.31,ANSWERED
CT-004013,C01215,CALL,2026-07-29 02:00:00,2,2,False,,IGNORED
CT-004014,C01216,SMS,2026-07-31 11:00:00,11,0,False,,REJECTED
CT-004015,C01216,APP_PUSH,2026-08-09 16:00:00,16,2,False,,IGNORED
CT-004016,C01217,CALL,2026-06-23 13:00:00,13,6,False,,IGNORED
CT-004017,C01217,CALL,2026-07-13 16:00:00,16,3,False,,REJECTED
CT-004018,C01218,SMS,2026-07-23 23:00:00,23,2,True,2.13,ANSWERED
CT-004019,C01218,SMS,2026-07-24 20:00:00,20,4,False,,IGNORED
CT-004020,C01218,SMS,2026-07-30 21:00:00,21,3,False,,IGNORED
CT-004021,C01219,CALL,2026-06-23 03:00:00,3,4,True,4.2,ANSWERED
CT-004022,C01219,APP_PUSH,2026-06-27 09:00:00,9,6,False,,IGNORED
CT-004023,C01219,WHATSAPP,2026-08-25 07:00:00,7,4,False,,IGNORED
CT-004024,C01220,SMS,2026-09-02 15:00:00,15,12,False,,REJECTED
CT-004025,C01220,CALL,2026-06-23 12:00:00,12,6,False,,REJECTED
CT-004026,C01221,WHATSAPP,2026-07-09 11:00:00,11,3,True,9.83,ANSWERED
CT-004027,C01221,CALL,2026-07-26 08:00:00,8,1,True,0.66,ANSWERED
CT-004028,C01221,WHATSAPP,2026-07-03 07:00:00,7,1,False,,IGNORED
CT-004029,C01223,WHATSAPP,2026-07-19 09:00:00,9,8,True,1.12,ANSWERED
CT-004030,C01224,APP_PUSH,2026-07-02 22:00:00,22,5,False,,IGNORED
CT-004031,C01224,APP_PUSH,2026-09-04 14:00:00,14,5,False,,REJECTED
CT-004032,C01224,SMS,2026-07-02 21:00:00,21,-2,False,,BOUNCED
CT-004033,C01224,SMS,2026-08-13 17:00:00,17,6,True,1.38,ANSWERED
CT-004034,C01224,WHATSAPP,2026-06-29 17:00:00,17,3,True,2.33,ANSWERED
CT-004035,C01224,SMS,2026-06-28 23:00:00,23,2,False,,IGNORED
CT-004036,C01225,WHATSAPP,2026-08-23 14:00:00,14,6,False,,IGNORED
CT-004037,C01225,WHATSAPP,2026-08-26 14:00:00,14,6,True,0.59,ANSWERED
CT-004038,C01225,SMS,2026-09-12 15:00:00,15,6,False,,IGNORED
CT-004039,C01225,CALL,2026-08-31 13:00:00,13,6,False,,IGNORED
CT-004040,C01225,SMS,2026-06-29 06:00:00,6,6,False,,IGNORED
CT-004041,C01226,WHATSAPP,2026-08-27 23:00:00,23,3,False,,IGNORED
CT-004042,C01226,CALL,2026-06-30 19:00:00,19,0,True,0.81,ANSWERED
CT-004043,C01226,CALL,2026-08-27 22:00:00,22,5,False,,IGNORED
CT-004044,C01227,SMS,2026-06-18 07:00:00,7,5,False,,IGNORED
CT-004045,C01227,WHATSAPP,2026-07-28 07:00:00,7,4,False,,IGNORED
CT-004046,C01227,APP_PUSH,2026-06-24 08:00:00,8,4,False,,IGNORED
CT-004047,C01228,WHATSAPP,2026-07-09 09:00:00,9,1,True,0.3,ANSWERED
CT-004048,C01229,APP_PUSH,2026-06-29 13:00:00,13,3,False,,IGNORED
CT-004049,C01229,CALL,2026-07-13 09:00:00,9,4,True,0.02,ANSWERED
CT-004050,C01229,SMS,2026-06-18 14:00:00,14,7,True,2.57,ANSWERED
CT-004051,C01230,CALL,2026-07-02 13:00:00,13,10,True,1.64,ANSWERED
CT-004052,C01230,CALL,2026-09-12 18:00:00,18,6,False,,IGNORED
CT-004053,C01230,APP_PUSH,2026-08-11 10:00:00,10,7,False,,REJECTED
CT-004054,C01230,SMS,2026-08-05 13:00:00,13,6,True,4.25,ANSWERED
CT-004055,C01231,CALL,2026-09-10 19:00:00,19,2,True,0.42,ANSWERED
CT-004056,C01231,CALL,2026-08-08 09:00:00,9,2,False,,REJECTED
CT-004057,C01232,WHATSAPP,2026-08-20 19:00:00,19,2,True,2.65,ANSWERED
CT-004058,C01232,WHATSAPP,2026-08-21 12:00:00,12,7,True,1.26,ANSWERED
CT-004059,C01232,WHATSAPP,2026-06-27 11:00:00,11,1,False,,REJECTED
CT-004060,C01233,WHATSAPP,2026-07-25 20:00:00,20,3,False,,IGNORED
CT-004061,C01233,WHATSAPP,2026-08-15 18:00:00,18,6,False,,IGNORED
CT-004062,C01233,WHATSAPP,2026-09-06 20:00:00,20,10,False,,IGNORED
CT-004063,C01233,SMS,2026-07-22 22:00:00,22,9,True,1.51,ANSWERED
CT-004064,C01233,SMS,2026-07-27 21:00:00,21,7,False,,REJECTED
CT-004065,C01234,WHATSAPP,2026-07-12 16:00:00,16,5,True,2.45,ANSWERED
CT-004066,C01234,WHATSAPP,2026-07-30 20:00:00,20,0,True,5.46,ANSWERED
CT-004067,C01235,CALL,2026-06-23 12:00:00,12,5,False,,IGNORED
CT-004068,C01235,SMS,2026-08-17 16:00:00,16,3,True,1.04,ANSWERED
CT-004069,C01235,SMS,2026-06-28 13:00:00,13,4,False,,IGNORED
CT-004070,C01236,SMS,2026-06-22 17:00:00,17,5,True,2.4,ANSWERED
CT-004071,C01236,SMS,2026-08-10 17:00:00,17,8,True,1.48,ANSWERED
CT-004072,C01237,WHATSAPP,2026-06-25 09:00:00,9,5,False,,IGNORED
CT-004073,C01237,CALL,2026-08-06 06:00:00,6,6,True,0.36,ANSWERED
CT-004074,C01237,WHATSAPP,2026-06-23 08:00:00,8,6,False,,REJECTED
CT-004075,C01237,SMS,2026-07-18 01:00:00,1,6,False,,IGNORED
CT-004076,C01238,SMS,2026-08-05 14:00:00,14,5,False,,IGNORED
CT-004077,C01240,SMS,2026-09-06 18:00:00,18,3,False,,IGNORED
CT-004078,C01241,SMS,2026-06-25 16:00:00,16,5,True,1.7,ANSWERED
CT-004079,C01241,APP_PUSH,2026-07-03 16:00:00,16,6,False,,IGNORED
CT-004080,C01241,WHATSAPP,2026-08-04 15:00:00,15,0,True,0.39,ANSWERED
CT-004081,C01243,SMS,2026-08-13 21:00:00,21,5,False,,IGNORED
CT-004082,C01243,SMS,2026-07-27 19:00:00,19,5,False,,REJECTED
CT-004083,C01243,SMS,2026-08-25 19:00:00,19,4,True,0.08,ANSWERED
CT-004084,C01244,APP_PUSH,2026-06-28 16:00:00,16,6,False,,REJECTED
CT-004085,C01244,APP_PUSH,2026-07-03 11:00:00,11,5,True,3.31,ANSWERED
CT-004086,C01245,SMS,2026-07-31 16:00:00,16,3,True,1.39,ANSWERED
CT-004087,C01245,WHATSAPP,2026-06-25 15:00:00,15,4,False,,REJECTED
CT-004088,C01245,WHATSAPP,2026-07-25 11:00:00,11,2,True,4.09,ANSWERED
CT-004089,C01245,WHATSAPP,2026-06-30 22:00:00,22,5,True,2.1,ANSWERED
CT-004090,C01245,CALL,2026-07-06 15:00:00,15,9,False,,IGNORED
CT-004091,C01246,WHATSAPP,2026-07-16 21:00:00,21,6,True,0.64,ANSWERED
CT-004092,C01247,SMS,2026-07-09 13:00:00,13,2,True,0.21,ANSWERED
CT-004093,C01247,SMS,2026-07-04 11:00:00,11,2,True,2.39,ANSWERED
CT-004094,C01247,SMS,2026-09-12 14:00:00,14,1,False,,REJECTED
CT-004095,C01247,CALL,2026-06-20 14:00:00,14,5,False,,IGNORED
CT-004096,C01248,CALL,2026-08-31 18:00:00,18,5,False,,IGNORED
CT-004097,C01249,WHATSAPP,2026-07-25 10:00:00,10,4,True,1.27,ANSWERED
CT-004098,C01249,WHATSAPP,2026-08-30 07:00:00,7,0,False,,IGNORED
CT-004099,C01249,APP_PUSH,2026-09-12 12:00:00,12,2,False,,IGNORED
CT-004100,C01250,APP_PUSH,2026-07-01 23:00:00,23,6,True,3.58,ANSWERED
CT-004101,C01250,APP_PUSH,2026-08-22 19:00:00,19,5,True,0.53,ANSWERED
CT-004102,C01250,APP_PUSH,2026-08-22 17:00:00,17,7,False,,IGNORED
CT-004103,C01250,APP_PUSH,2026-09-07 16:00:00,16,3,True,6.73,ANSWERED
CT-004104,C01250,APP_PUSH,2026-07-18 18:00:00,18,6,True,0.57,ANSWERED
CT-004105,C01250,APP_PUSH,2026-07-28 16:00:00,16,6,False,,IGNORED
CT-004106,C01251,CALL,2026-09-03 19:00:00,19,2,False,,IGNORED
CT-004107,C01251,SMS,2026-08-03 23:00:00,23,2,True,1.44,ANSWERED
CT-004108,C01251,SMS,2026-06-15 12:00:00,12,0,False,,IGNORED
CT-004109,C01252,WHATSAPP,2026-08-31 04:00:00,4,5,False,,IGNORED
CT-004110,C01252,SMS,2026-06-27 12:00:00,12,3,False,,IGNORED
CT-004111,C01252,APP_PUSH,2026-08-28 10:00:00,10,5,False,,IGNORED
CT-004112,C01252,APP_PUSH,2026-08-21 04:00:00,4,2,False,,IGNORED
CT-004113,C01255,CALL,2026-08-22 18:00:00,18,8,False,,IGNORED
CT-004114,C01255,CALL,2026-06-28 14:00:00,14,2,False,,IGNORED
CT-004115,C01255,CALL,2026-07-10 12:00:00,12,5,True,4.12,ANSWERED
CT-004116,C01255,WHATSAPP,2026-08-22 11:00:00,11,6,True,5.46,ANSWERED
CT-004117,C01256,WHATSAPP,2026-09-10 22:00:00,22,7,False,,IGNORED
CT-004118,C01257,WHATSAPP,2026-07-09 18:00:00,18,2,False,,IGNORED
CT-004119,C01257,SMS,2026-07-11 20:00:00,20,4,False,,IGNORED
CT-004120,C01257,SMS,2026-06-26 21:00:00,21,7,False,,IGNORED
CT-004121,C01258,SMS,2026-09-07 17:00:00,17,2,True,0.97,ANSWERED
CT-004122,C01258,WHATSAPP,2026-07-26 16:00:00,16,6,False,,IGNORED
CT-004123,C01258,WHATSAPP,2026-08-28 10:00:00,10,9,False,,IGNORED
CT-004124,C01259,WHATSAPP,2026-08-04 10:00:00,10,7,False,,REJECTED
CT-004125,C01259,CALL,2026-07-04 09:00:00,9,7,True,0.99,ANSWERED
CT-004126,C01259,WHATSAPP,2026-07-11 09:00:00,9,2,True,3.2,ANSWERED
CT-004127,C01259,WHATSAPP,2026-08-20 04:00:00,4,4,False,,REJECTED
CT-004128,C01259,CALL,2026-06-25 08:00:00,8,2,False,,IGNORED
CT-004129,C01260,SMS,2026-08-01 13:00:00,13,3,False,,IGNORED
CT-004130,C01260,CALL,2026-08-05 17:00:00,17,6,False,,REJECTED
CT-004131,C01260,CALL,2026-07-10 20:00:00,20,6,True,1.41,ANSWERED
CT-004132,C01260,CALL,2026-07-01 17:00:00,17,4,True,2.05,ANSWERED
CT-004133,C01260,SMS,2026-07-19 19:00:00,19,4,True,1.18,ANSWERED
CT-004134,C01261,APP_PUSH,2026-06-30 19:00:00,19,6,True,1.8,ANSWERED
CT-004135,C01261,WHATSAPP,2026-08-25 18:00:00,18,4,True,2.66,ANSWERED
CT-004136,C01261,WHATSAPP,2026-06-16 18:00:00,18,3,True,0.27,ANSWERED
CT-004137,C01261,WHATSAPP,2026-09-08 20:00:00,20,8,True,1.63,ANSWERED
CT-004138,C01262,SMS,2026-08-12 20:00:00,20,3,False,,IGNORED
CT-004139,C01262,CALL,2026-07-25 15:00:00,15,0,False,,IGNORED
CT-004140,C01263,WHATSAPP,2026-09-01 13:00:00,13,4,True,1.85,ANSWERED
CT-004141,C01263,SMS,2026-07-21 15:00:00,15,3,True,0.3,ANSWERED
CT-004142,C01263,SMS,2026-07-14 15:00:00,15,0,True,2.74,ANSWERED
CT-004143,C01264,CALL,2026-08-05 13:00:00,13,8,False,,IGNORED
CT-004144,C01264,APP_PUSH,2026-06-27 12:00:00,12,6,True,0.41,ANSWERED
CT-004145,C01264,CALL,2026-06-28 17:00:00,17,5,True,3.1,ANSWERED
CT-004146,C01264,CALL,2026-09-06 16:00:00,16,5,False,,IGNORED
CT-004147,C01264,CALL,2026-08-30 12:00:00,12,6,True,0.97,ANSWERED
CT-004148,C01264,CALL,2026-09-06 18:00:00,18,7,True,3.85,ANSWERED
CT-004149,C01264,SMS,2026-06-28 19:00:00,19,6,True,2.92,ANSWERED
CT-004150,C01265,CALL,2026-08-08 18:00:00,18,3,True,4.84,ANSWERED
CT-004151,C01265,SMS,2026-07-29 13:00:00,13,0,True,0.67,ANSWERED
CT-004152,C01265,SMS,2026-06-16 17:00:00,17,2,True,3.37,ANSWERED
CT-004153,C01266,WHATSAPP,2026-09-05 11:00:00,11,2,True,1.05,ANSWERED
CT-004154,C01266,CALL,2026-07-16 08:00:00,8,1,False,,IGNORED
CT-004155,C01266,CALL,2026-08-27 06:00:00,6,4,True,2.46,ANSWERED
CT-004156,C01266,CALL,2026-06-18 11:00:00,11,7,False,,IGNORED
CT-004157,C01266,WHATSAPP,2026-08-05 07:00:00,7,5,False,,IGNORED
CT-004158,C01267,CALL,2026-09-09 15:00:00,15,8,True,0.04,ANSWERED
CT-004159,C01267,CALL,2026-08-01 12:00:00,12,6,False,,IGNORED
CT-004160,C01267,WHATSAPP,2026-08-09 17:00:00,17,8,False,,IGNORED
CT-004161,C01267,WHATSAPP,2026-06-28 18:00:00,18,6,False,,IGNORED
CT-004162,C01267,CALL,2026-08-18 19:00:00,19,8,False,,IGNORED
CT-004163,C01268,APP_PUSH,2026-06-18 13:00:00,13,7,False,,IGNORED
CT-004164,C01268,WHATSAPP,2026-08-10 09:00:00,9,10,False,,REJECTED
CT-004165,C01268,CALL,2026-07-22 07:00:00,7,11,True,2.85,ANSWERED
CT-004166,C01268,CALL,2026-09-03 04:00:00,4,7,False,,BOUNCED
CT-004167,C01268,WHATSAPP,2026-07-05 10:00:00,10,7,True,3.53,ANSWERED
CT-004168,C01268,CALL,2026-07-21 06:00:00,6,9,True,3.28,ANSWERED
CT-004169,C01269,WHATSAPP,2026-07-30 15:00:00,15,6,True,3.45,ANSWERED
CT-004170,C01269,APP_PUSH,2026-08-31 16:00:00,16,6,True,0.67,ANSWERED
CT-004171,C01269,CALL,2026-08-27 15:00:00,15,5,False,,IGNORED
CT-004172,C01270,WHATSAPP,2026-09-03 10:00:00,10,5,True,1.88,ANSWERED
CT-004173,C01270,SMS,2026-06-19 06:00:00,6,5,False,,IGNORED
CT-004174,C01271,SMS,2026-06-16 07:00:00,7,4,False,,IGNORED
CT-004175,C01271,SMS,2026-07-03 04:00:00,4,0,False,,REJECTED
CT-004176,C01271,WHATSAPP,2026-08-31 10:00:00,10,5,True,0.52,ANSWERED
CT-004177,C01271,SMS,2026-06-22 15:00:00,15,3,False,,IGNORED
CT-004178,C01271,SMS,2026-08-19 12:00:00,12,6,False,,IGNORED
CT-004179,C01271,WHATSAPP,2026-06-26 04:00:00,4,3,True,2.26,ANSWERED
CT-004180,C01271,SMS,2026-09-01 08:00:00,8,3,False,,IGNORED
CT-004181,C01271,SMS,2026-06-17 08:00:00,8,5,False,,REJECTED
CT-004182,C01272,CALL,2026-06-21 19:00:00,19,3,False,,IGNORED
CT-004183,C01272,SMS,2026-07-08 22:00:00,22,4,True,0.49,ANSWERED
CT-004184,C01272,SMS,2026-07-02 23:00:00,23,3,False,,IGNORED
CT-004185,C01272,SMS,2026-07-12 18:00:00,18,1,True,2.25,ANSWERED
CT-004186,C01272,SMS,2026-09-07 14:00:00,14,6,False,,IGNORED
CT-004187,C01272,SMS,2026-08-24 18:00:00,18,3,True,0.03,ANSWERED
CT-004188,C01273,CALL,2026-07-21 17:00:00,17,2,False,,IGNORED
CT-004189,C01274,WHATSAPP,2026-07-09 11:00:00,11,7,True,0.6,ANSWERED
CT-004190,C01275,SMS,2026-07-17 06:00:00,6,8,False,,BOUNCED
CT-004191,C01275,WHATSAPP,2026-07-10 02:00:00,2,8,False,,REJECTED
CT-004192,C01276,CALL,2026-08-26 09:00:00,9,3,False,,REJECTED
CT-004193,C01276,SMS,2026-06-25 06:00:00,6,6,True,8.39,ANSWERED
CT-004194,C01277,APP_PUSH,2026-07-12 15:00:00,15,2,True,1.03,ANSWERED
CT-004195,C01277,WHATSAPP,2026-07-21 12:00:00,12,5,False,,REJECTED
CT-004196,C01277,CALL,2026-07-02 18:00:00,18,0,False,,IGNORED
CT-004197,C01277,APP_PUSH,2026-09-02 16:00:00,16,0,False,,REJECTED
CT-004198,C01277,APP_PUSH,2026-07-15 22:00:00,22,-2,False,,IGNORED
CT-004199,C01277,WHATSAPP,2026-09-04 19:00:00,19,0,False,,IGNORED
CT-004200,C01278,CALL,2026-08-19 05:00:00,5,2,False,,IGNORED
CT-004201,C01278,CALL,2026-07-31 09:00:00,9,6,False,,IGNORED
CT-004202,C01279,CALL,2026-07-12 13:00:00,13,7,True,6.08,ANSWERED
CT-004203,C01279,APP_PUSH,2026-09-02 15:00:00,15,4,False,,IGNORED
CT-004204,C01280,WHATSAPP,2026-08-01 20:00:00,20,8,True,2.68,ANSWERED
CT-004205,C01280,APP_PUSH,2026-08-08 10:00:00,10,7,True,0.16,ANSWERED
CT-004206,C01280,SMS,2026-07-26 16:00:00,16,4,False,,IGNORED
CT-004207,C01280,SMS,2026-06-22 10:00:00,10,5,False,,BOUNCED
CT-004208,C01281,SMS,2026-06-20 13:00:00,13,3,True,2.08,ANSWERED
CT-004209,C01281,SMS,2026-06-26 15:00:00,15,9,True,3.83,ANSWERED
CT-004210,C01281,SMS,2026-06-23 18:00:00,18,2,False,,IGNORED
CT-004211,C01281,SMS,2026-09-01 15:00:00,15,6,True,3.46,ANSWERED
CT-004212,C01282,WHATSAPP,2026-09-02 12:00:00,12,0,True,0.94,ANSWERED
CT-004213,C01282,SMS,2026-08-22 12:00:00,12,3,False,,IGNORED
CT-004214,C01282,CALL,2026-08-10 20:00:00,20,2,False,,IGNORED
CT-004215,C01282,WHATSAPP,2026-07-03 13:00:00,13,1,False,,IGNORED
CT-004216,C01282,SMS,2026-06-20 13:00:00,13,0,True,0.27,ANSWERED
CT-004217,C01283,SMS,2026-08-26 15:00:00,15,9,True,2.04,ANSWERED
CT-004218,C01284,WHATSAPP,2026-07-23 19:00:00,19,3,False,,IGNORED
CT-004219,C01284,APP_PUSH,2026-07-27 17:00:00,17,4,True,3.64,ANSWERED
CT-004220,C01284,CALL,2026-07-18 22:00:00,22,4,True,2.5,ANSWERED
CT-004221,C01284,SMS,2026-09-06 19:00:00,19,2,False,,IGNORED
CT-004222,C01284,APP_PUSH,2026-08-01 21:00:00,21,4,False,,BOUNCED
CT-004223,C01285,CALL,2026-06-19 16:00:00,16,6,False,,IGNORED
CT-004224,C01286,APP_PUSH,2026-08-10 21:00:00,21,5,True,2.49,ANSWERED
CT-004225,C01286,APP_PUSH,2026-07-14 15:00:00,15,6,False,,IGNORED
CT-004226,C01286,WHATSAPP,2026-06-16 18:00:00,18,7,False,,IGNORED
CT-004227,C01286,APP_PUSH,2026-06-23 21:00:00,21,5,False,,IGNORED
CT-004228,C01286,WHATSAPP,2026-09-04 22:00:00,22,5,False,,IGNORED
CT-004229,C01286,APP_PUSH,2026-08-10 17:00:00,17,5,False,,IGNORED
CT-004230,C01286,WHATSAPP,2026-07-21 22:00:00,22,7,False,,REJECTED
CT-004231,C01286,APP_PUSH,2026-08-26 23:00:00,23,7,False,,IGNORED
CT-004232,C01287,WHATSAPP,2026-09-04 05:00:00,5,0,False,,BOUNCED
CT-004233,C01287,WHATSAPP,2026-09-02 10:00:00,10,3,False,,IGNORED
CT-004234,C01288,WHATSAPP,2026-09-07 23:00:00,23,4,False,,IGNORED
CT-004235,C01288,SMS,2026-07-25 20:00:00,20,3,True,1.13,ANSWERED
CT-004236,C01288,SMS,2026-08-25 15:00:00,15,0,False,,BOUNCED
CT-004237,C01288,SMS,2026-07-11 18:00:00,18,2,False,,BOUNCED
CT-004238,C01289,CALL,2026-09-02 13:00:00,13,7,False,,IGNORED
CT-004239,C01289,WHATSAPP,2026-08-21 12:00:00,12,9,False,,IGNORED
CT-004240,C01289,CALL,2026-08-01 08:00:00,8,2,False,,IGNORED
CT-004241,C01290,CALL,2026-07-25 17:00:00,17,2,False,,IGNORED
CT-004242,C01290,SMS,2026-06-28 22:00:00,22,4,True,1.96,ANSWERED
CT-004243,C01290,APP_PUSH,2026-08-05 16:00:00,16,5,False,,IGNORED
CT-004244,C01290,WHATSAPP,2026-07-28 23:00:00,23,5,False,,IGNORED
CT-004245,C01290,CALL,2026-07-20 22:00:00,22,1,False,,IGNORED
CT-004246,C01290,WHATSAPP,2026-07-22 21:00:00,21,3,True,1.04,ANSWERED
CT-004247,C01290,WHATSAPP,2026-09-12 21:00:00,21,8,False,,IGNORED
CT-004248,C01291,CALL,2026-06-24 08:00:00,8,7,False,,IGNORED
CT-004249,C01292,SMS,2026-08-07 08:00:00,8,4,True,5.46,ANSWERED
CT-004250,C01292,APP_PUSH,2026-09-09 07:00:00,7,0,False,,IGNORED
CT-004251,C01292,SMS,2026-06-21 11:00:00,11,4,True,2.76,ANSWERED
CT-004252,C01292,SMS,2026-08-06 11:00:00,11,0,False,,IGNORED
CT-004253,C01293,SMS,2026-08-08 01:00:00,1,8,False,,REJECTED
CT-004254,C01294,CALL,2026-08-31 16:00:00,16,9,True,0.1,ANSWERED
CT-004255,C01294,CALL,2026-06-23 11:00:00,11,7,False,,IGNORED
CT-004256,C01295,SMS,2026-07-24 17:00:00,17,8,False,,IGNORED
CT-004257,C01295,APP_PUSH,2026-08-13 17:00:00,17,4,False,,IGNORED
CT-004258,C01295,CALL,2026-07-26 15:00:00,15,2,False,,IGNORED
CT-004259,C01296,APP_PUSH,2026-08-10 14:00:00,14,10,False,,IGNORED
CT-004260,C01297,SMS,2026-07-30 16:00:00,16,6,False,,REJECTED
CT-004261,C01297,SMS,2026-08-12 17:00:00,17,7,True,0.41,ANSWERED
CT-004262,C01297,CALL,2026-07-17 15:00:00,15,3,False,,BOUNCED
CT-004263,C01297,WHATSAPP,2026-08-31 23:00:00,23,1,False,,BOUNCED
CT-004264,C01297,WHATSAPP,2026-08-12 18:00:00,18,3,True,2.45,ANSWERED
CT-004265,C01297,SMS,2026-06-20 19:00:00,19,4,True,0.66,ANSWERED
CT-004266,C01297,CALL,2026-08-03 15:00:00,15,2,False,,IGNORED
CT-004267,C01298,SMS,2026-06-16 10:00:00,10,8,False,,IGNORED
CT-004268,C01298,SMS,2026-09-04 08:00:00,8,5,True,1.56,ANSWERED
CT-004269,C01298,SMS,2026-08-12 10:00:00,10,6,True,1.47,ANSWERED
CT-004270,C01299,APP_PUSH,2026-08-27 18:00:00,18,3,True,1.67,ANSWERED
CT-004271,C01299,WHATSAPP,2026-07-02 14:00:00,14,0,False,,IGNORED
CT-004272,C01300,WHATSAPP,2026-08-12 19:00:00,19,6,False,,IGNORED
CT-004273,C01301,CALL,2026-09-04 14:00:00,14,10,True,1.23,ANSWERED
CT-004274,C01301,SMS,2026-07-04 16:00:00,16,8,False,,IGNORED
CT-004275,C01301,APP_PUSH,2026-07-02 16:00:00,16,3,False,,IGNORED
CT-004276,C01301,APP_PUSH,2026-08-05 11:00:00,11,7,False,,IGNORED
CT-004277,C01301,SMS,2026-06-29 13:00:00,13,7,True,5.17,ANSWERED
CT-004278,C01302,WHATSAPP,2026-09-09 08:00:00,8,5,True,3.56,ANSWERED
CT-004279,C01302,CALL,2026-08-17 13:00:00,13,1,False,,REJECTED
CT-004280,C01302,SMS,2026-09-02 12:00:00,12,3,False,,IGNORED
CT-004281,C01303,WHATSAPP,2026-08-17 16:00:00,16,1,False,,IGNORED
CT-004282,C01303,APP_PUSH,2026-07-23 19:00:00,19,-1,False,,REJECTED
CT-004283,C01303,APP_PUSH,2026-08-03 19:00:00,19,0,False,,IGNORED
CT-004284,C01303,APP_PUSH,2026-08-31 17:00:00,17,4,False,,IGNORED
CT-004285,C01303,APP_PUSH,2026-07-09 19:00:00,19,1,False,,IGNORED
CT-004286,C01303,WHATSAPP,2026-07-04 19:00:00,19,7,False,,IGNORED
CT-004287,C01304,CALL,2026-07-05 11:00:00,11,3,False,,REJECTED
CT-004288,C01304,SMS,2026-09-11 18:00:00,18,3,True,0.23,ANSWERED
CT-004289,C01304,CALL,2026-08-27 14:00:00,14,2,False,,IGNORED
CT-004290,C01305,APP_PUSH,2026-08-02 14:00:00,14,1,True,1.42,ANSWERED
CT-004291,C01305,WHATSAPP,2026-07-28 06:00:00,6,5,True,1.65,ANSWERED
CT-004292,C01305,SMS,2026-08-22 11:00:00,11,3,False,,IGNORED
CT-004293,C01305,APP_PUSH,2026-08-06 10:00:00,10,4,False,,BOUNCED
CT-004294,C01305,APP_PUSH,2026-07-28 07:00:00,7,0,False,,IGNORED
CT-004295,C01305,APP_PUSH,2026-07-29 05:00:00,5,0,False,,IGNORED
CT-004296,C01305,APP_PUSH,2026-08-28 04:00:00,4,0,False,,REJECTED
CT-004297,C01306,SMS,2026-08-23 12:00:00,12,2,False,,IGNORED
CT-004298,C01306,APP_PUSH,2026-08-21 15:00:00,15,5,False,,IGNORED
CT-004299,C01306,SMS,2026-06-24 07:00:00,7,5,False,,IGNORED
CT-004300,C01306,WHATSAPP,2026-08-12 10:00:00,10,3,True,0.47,ANSWERED
CT-004301,C01306,WHATSAPP,2026-08-24 06:00:00,6,4,False,,REJECTED
CT-004302,C01307,WHATSAPP,2026-07-05 17:00:00,17,5,False,,IGNORED
CT-004303,C01308,WHATSAPP,2026-07-26 10:00:00,10,5,True,0.89,ANSWERED
CT-004304,C01308,SMS,2026-06-18 08:00:00,8,1,False,,IGNORED
CT-004305,C01309,SMS,2026-06-18 20:00:00,20,10,False,,REJECTED
CT-004306,C01309,SMS,2026-06-23 15:00:00,15,5,False,,IGNORED
CT-004307,C01310,APP_PUSH,2026-08-26 07:00:00,7,2,False,,IGNORED
CT-004308,C01310,SMS,2026-08-12 11:00:00,11,1,False,,IGNORED
CT-004309,C01310,WHATSAPP,2026-07-23 08:00:00,8,4,False,,IGNORED
CT-004310,C01310,CALL,2026-07-29 10:00:00,10,5,False,,IGNORED
CT-004311,C01310,CALL,2026-08-14 09:00:00,9,4,False,,IGNORED
CT-004312,C01310,CALL,2026-07-28 08:00:00,8,3,False,,IGNORED
CT-004313,C01310,APP_PUSH,2026-08-26 06:00:00,6,3,False,,IGNORED
CT-004314,C01310,WHATSAPP,2026-08-25 14:00:00,14,1,False,,IGNORED
CT-004315,C01311,APP_PUSH,2026-06-28 16:00:00,16,11,False,,IGNORED
CT-004316,C01311,APP_PUSH,2026-07-31 17:00:00,17,3,True,0.4,ANSWERED
CT-004317,C01311,SMS,2026-09-12 10:00:00,10,5,False,,IGNORED
CT-004318,C01311,APP_PUSH,2026-08-20 18:00:00,18,7,False,,IGNORED
CT-004319,C01312,APP_PUSH,2026-06-29 12:00:00,12,10,True,0.38,ANSWERED
CT-004320,C01312,CALL,2026-06-18 07:00:00,7,10,False,,IGNORED
CT-004321,C01312,WHATSAPP,2026-08-27 08:00:00,8,6,False,,IGNORED
CT-004322,C01312,APP_PUSH,2026-07-12 06:00:00,6,5,False,,IGNORED
CT-004323,C01312,APP_PUSH,2026-09-12 09:00:00,9,5,False,,IGNORED
CT-004324,C01312,CALL,2026-08-24 06:00:00,6,7,True,4.68,ANSWERED
CT-004325,C01313,CALL,2026-08-12 08:00:00,8,3,True,1.04,ANSWERED
CT-004326,C01313,CALL,2026-09-04 11:00:00,11,1,False,,IGNORED
CT-004327,C01313,CALL,2026-07-30 04:00:00,4,4,True,4.35,ANSWERED
CT-004328,C01314,CALL,2026-06-30 09:00:00,9,3,False,,IGNORED
CT-004329,C01314,SMS,2026-09-04 08:00:00,8,1,False,,IGNORED
CT-004330,C01314,CALL,2026-08-24 13:00:00,13,1,True,4.32,ANSWERED
CT-004331,C01314,CALL,2026-09-11 18:00:00,18,3,False,,IGNORED
CT-004332,C01314,SMS,2026-09-07 11:00:00,11,-3,False,,IGNORED
CT-004333,C01314,CALL,2026-06-20 13:00:00,13,3,False,,IGNORED
CT-004334,C01315,APP_PUSH,2026-08-22 16:00:00,16,7,False,,IGNORED
CT-004335,C01315,APP_PUSH,2026-06-20 20:00:00,20,9,True,2.22,ANSWERED
CT-004336,C01315,SMS,2026-07-20 11:00:00,11,8,False,,REJECTED
CT-004337,C01316,CALL,2026-08-07 19:00:00,19,0,True,1.05,ANSWERED
CT-004338,C01316,SMS,2026-08-15 15:00:00,15,0,False,,IGNORED
CT-004339,C01316,CALL,2026-06-30 14:00:00,14,2,False,,IGNORED
CT-004340,C01317,CALL,2026-06-30 20:00:00,20,5,False,,IGNORED
CT-004341,C01317,APP_PUSH,2026-07-26 21:00:00,21,8,False,,IGNORED
CT-004342,C01317,APP_PUSH,2026-09-02 22:00:00,22,9,False,,IGNORED
CT-004343,C01317,APP_PUSH,2026-07-19 21:00:00,21,7,True,4.03,ANSWERED
CT-004344,C01317,APP_PUSH,2026-08-08 17:00:00,17,8,False,,IGNORED
CT-004345,C01318,APP_PUSH,2026-07-27 13:00:00,13,2,False,,IGNORED
CT-004346,C01319,CALL,2026-07-27 16:00:00,16,8,True,5.25,ANSWERED
CT-004347,C01319,APP_PUSH,2026-06-29 17:00:00,17,8,True,0.31,ANSWERED
CT-004348,C01319,APP_PUSH,2026-07-22 17:00:00,17,9,True,3.5,ANSWERED
CT-004349,C01319,SMS,2026-08-13 14:00:00,14,4,False,,IGNORED
CT-004350,C01319,APP_PUSH,2026-09-01 20:00:00,20,7,False,,IGNORED
CT-004351,C01319,APP_PUSH,2026-07-27 21:00:00,21,9,True,2.62,ANSWERED
CT-004352,C01320,WHATSAPP,2026-09-05 17:00:00,17,9,False,,IGNORED
CT-004353,C01320,APP_PUSH,2026-08-08 16:00:00,16,5,False,,REJECTED
CT-004354,C01320,CALL,2026-09-01 12:00:00,12,5,False,,IGNORED
CT-004355,C01320,CALL,2026-07-11 11:00:00,11,5,True,0.85,ANSWERED
CT-004356,C01321,WHATSAPP,2026-08-18 19:00:00,19,8,True,0.04,ANSWERED
CT-004357,C01321,SMS,2026-07-30 10:00:00,10,10,False,,IGNORED
CT-004358,C01322,APP_PUSH,2026-08-21 19:00:00,19,4,False,,IGNORED
CT-004359,C01322,SMS,2026-06-25 23:00:00,23,6,False,,IGNORED
CT-004360,C01325,CALL,2026-06-18 11:00:00,11,10,False,,IGNORED
CT-004361,C01325,CALL,2026-06-15 15:00:00,15,4,True,0.12,ANSWERED
CT-004362,C01326,APP_PUSH,2026-08-29 11:00:00,11,8,False,,IGNORED
CT-004363,C01326,APP_PUSH,2026-09-04 13:00:00,13,5,False,,IGNORED
CT-004364,C01326,APP_PUSH,2026-08-05 16:00:00,16,7,True,5.86,ANSWERED
CT-004365,C01327,APP_PUSH,2026-06-16 05:00:00,5,6,False,,IGNORED
CT-004366,C01327,APP_PUSH,2026-09-02 08:00:00,8,6,False,,IGNORED
CT-004367,C01327,APP_PUSH,2026-09-01 12:00:00,12,6,True,1.1,ANSWERED
CT-004368,C01328,CALL,2026-09-08 16:00:00,16,5,True,6.58,ANSWERED
CT-004369,C01328,CALL,2026-06-20 12:00:00,12,5,True,0.19,ANSWERED
CT-004370,C01328,CALL,2026-07-25 18:00:00,18,3,False,,IGNORED
CT-004371,C01328,APP_PUSH,2026-06-16 12:00:00,12,3,False,,REJECTED
CT-004372,C01328,CALL,2026-09-12 13:00:00,13,5,True,0.11,ANSWERED
CT-004373,C01329,CALL,2026-06-24 16:00:00,16,5,False,,BOUNCED
CT-004374,C01329,SMS,2026-07-12 18:00:00,18,8,True,1.33,ANSWERED
CT-004375,C01330,SMS,2026-08-18 14:00:00,14,2,False,,IGNORED
CT-004376,C01330,WHATSAPP,2026-07-16 08:00:00,8,5,False,,IGNORED
CT-004377,C01330,APP_PUSH,2026-09-01 08:00:00,8,4,False,,IGNORED
CT-004378,C01330,SMS,2026-06-15 10:00:00,10,1,False,,IGNORED
CT-004379,C01330,CALL,2026-07-13 12:00:00,12,2,False,,IGNORED
CT-004380,C01330,SMS,2026-06-24 10:00:00,10,-1,False,,IGNORED
CT-004381,C01330,WHATSAPP,2026-07-30 07:00:00,7,1,False,,IGNORED
CT-004382,C01332,WHATSAPP,2026-07-21 15:00:00,15,7,True,1.37,ANSWERED
CT-004383,C01332,WHATSAPP,2026-07-18 11:00:00,11,5,False,,IGNORED
CT-004384,C01332,CALL,2026-08-13 19:00:00,19,4,False,,IGNORED
CT-004385,C01332,CALL,2026-07-21 13:00:00,13,7,True,1.24,ANSWERED
CT-004386,C01333,CALL,2026-08-15 21:00:00,21,1,False,,IGNORED
CT-004387,C01333,APP_PUSH,2026-07-03 12:00:00,12,4,False,,IGNORED
CT-004388,C01333,APP_PUSH,2026-07-25 12:00:00,12,1,False,,IGNORED
CT-004389,C01333,APP_PUSH,2026-07-19 07:00:00,7,2,True,1.23,ANSWERED
CT-004390,C01333,SMS,2026-07-15 16:00:00,16,3,True,0.03,ANSWERED
CT-004391,C01334,CALL,2026-09-02 19:00:00,19,5,True,0.23,ANSWERED
CT-004392,C01334,CALL,2026-09-11 23:00:00,23,4,False,,IGNORED
CT-004393,C01334,CALL,2026-08-26 16:00:00,16,4,False,,IGNORED
CT-004394,C01334,CALL,2026-07-08 23:00:00,23,6,False,,IGNORED
CT-004395,C01334,WHATSAPP,2026-08-29 18:00:00,18,3,False,,BOUNCED
CT-004396,C01334,CALL,2026-08-30 16:00:00,16,4,False,,IGNORED
CT-004397,C01334,CALL,2026-09-09 20:00:00,20,6,True,2.05,ANSWERED
CT-004398,C01335,CALL,2026-08-11 10:00:00,10,6,False,,REJECTED
CT-004399,C01335,CALL,2026-09-04 08:00:00,8,1,False,,REJECTED
CT-004400,C01335,SMS,2026-07-01 05:00:00,5,3,False,,IGNORED
CT-004401,C01335,CALL,2026-06-17 04:00:00,4,3,True,2.61,ANSWERED
CT-004402,C01335,APP_PUSH,2026-08-06 09:00:00,9,0,True,0.35,ANSWERED
CT-004403,C01335,CALL,2026-07-27 09:00:00,9,4,True,6.77,ANSWERED
CT-004404,C01335,APP_PUSH,2026-07-26 09:00:00,9,2,False,,IGNORED
CT-004405,C01335,CALL,2026-08-18 05:00:00,5,3,True,0.62,ANSWERED
CT-004406,C01336,SMS,2026-08-26 14:00:00,14,3,False,,IGNORED
CT-004407,C01336,SMS,2026-09-10 13:00:00,13,3,True,0.94,ANSWERED
CT-004408,C01336,SMS,2026-09-11 12:00:00,12,1,False,,IGNORED
CT-004409,C01336,SMS,2026-07-10 11:00:00,11,3,False,,IGNORED
CT-004410,C01336,CALL,2026-07-07 12:00:00,12,0,False,,IGNORED
CT-004411,C01336,SMS,2026-06-22 13:00:00,13,4,False,,BOUNCED
CT-004412,C01337,SMS,2026-07-06 06:00:00,6,4,False,,IGNORED
CT-004413,C01337,APP_PUSH,2026-08-19 10:00:00,10,7,False,,IGNORED
CT-004414,C01337,SMS,2026-06-23 05:00:00,5,8,False,,IGNORED
CT-004415,C01337,CALL,2026-09-07 12:00:00,12,5,False,,IGNORED
CT-004416,C01338,APP_PUSH,2026-06-18 18:00:00,18,3,False,,IGNORED
CT-004417,C01338,WHATSAPP,2026-07-26 21:00:00,21,5,True,0.07,ANSWERED
CT-004418,C01338,CALL,2026-09-09 20:00:00,20,8,False,,IGNORED
CT-004419,C01338,CALL,2026-09-05 19:00:00,19,5,False,,IGNORED
CT-004420,C01338,WHATSAPP,2026-06-16 20:00:00,20,5,True,1.19,ANSWERED
CT-004421,C01338,WHATSAPP,2026-07-08 13:00:00,13,5,True,3.46,ANSWERED
CT-004422,C01340,SMS,2026-07-29 16:00:00,16,-2,False,,IGNORED
CT-004423,C01340,SMS,2026-08-03 14:00:00,14,0,False,,IGNORED
CT-004424,C01341,WHATSAPP,2026-07-26 17:00:00,17,4,False,,IGNORED
CT-004425,C01341,WHATSAPP,2026-07-06 15:00:00,15,3,False,,IGNORED
CT-004426,C01341,CALL,2026-07-28 23:00:00,23,3,True,0.03,ANSWERED
CT-004427,C01343,APP_PUSH,2026-07-20 17:00:00,17,9,False,,IGNORED
CT-004428,C01344,SMS,2026-08-16 08:00:00,8,3,False,,IGNORED
CT-004429,C01344,SMS,2026-08-22 10:00:00,10,6,False,,BOUNCED
CT-004430,C01344,SMS,2026-08-07 09:00:00,9,8,True,0.19,ANSWERED
CT-004431,C01345,CALL,2026-09-12 14:00:00,14,6,False,,REJECTED
CT-004432,C01345,SMS,2026-07-23 13:00:00,13,4,False,,REJECTED
CT-004433,C01345,CALL,2026-06-15 10:00:00,10,6,False,,IGNORED
CT-004434,C01345,CALL,2026-06-18 12:00:00,12,7,False,,IGNORED
CT-004435,C01345,CALL,2026-08-14 15:00:00,15,6,True,0.1,ANSWERED
CT-004436,C01345,SMS,2026-09-04 12:00:00,12,3,False,,REJECTED
CT-004437,C01345,SMS,2026-08-03 16:00:00,16,5,False,,IGNORED
CT-004438,C01345,CALL,2026-06-22 17:00:00,17,5,False,,IGNORED
CT-004439,C01345,APP_PUSH,2026-07-12 14:00:00,14,6,False,,IGNORED
CT-004440,C01346,WHATSAPP,2026-09-01 06:00:00,6,8,False,,IGNORED
CT-004441,C01346,APP_PUSH,2026-07-09 04:00:00,4,9,False,,IGNORED
CT-004442,C01347,APP_PUSH,2026-09-11 06:00:00,6,9,False,,IGNORED
CT-004443,C01347,WHATSAPP,2026-07-03 07:00:00,7,7,False,,REJECTED
CT-004444,C01347,CALL,2026-07-06 05:00:00,5,6,False,,IGNORED
CT-004445,C01347,WHATSAPP,2026-09-07 07:00:00,7,7,False,,REJECTED
CT-004446,C01348,SMS,2026-08-14 09:00:00,9,5,False,,IGNORED
CT-004447,C01349,SMS,2026-09-09 17:00:00,17,4,True,3.66,ANSWERED
CT-004448,C01349,SMS,2026-08-12 16:00:00,16,3,False,,IGNORED
CT-004449,C01349,WHATSAPP,2026-08-31 19:00:00,19,6,True,0.97,ANSWERED
CT-004450,C01349,WHATSAPP,2026-07-27 21:00:00,21,2,True,0.45,ANSWERED
CT-004451,C01349,WHATSAPP,2026-08-23 23:00:00,23,2,False,,IGNORED
CT-004452,C01350,CALL,2026-08-14 16:00:00,16,4,False,,IGNORED
CT-004453,C01350,SMS,2026-08-08 15:00:00,15,7,True,0.1,ANSWERED
CT-004454,C01350,SMS,2026-08-02 12:00:00,12,8,False,,IGNORED
CT-004455,C01351,WHATSAPP,2026-08-19 20:00:00,20,3,True,2.02,ANSWERED
CT-004456,C01352,WHATSAPP,2026-06-24 22:00:00,22,6,False,,IGNORED
CT-004457,C01353,SMS,2026-07-29 05:00:00,5,4,True,3.44,ANSWERED
CT-004458,C01353,SMS,2026-07-02 08:00:00,8,2,True,1.46,ANSWERED
CT-004459,C01354,WHATSAPP,2026-09-04 09:00:00,9,4,True,0.76,ANSWERED
CT-004460,C01354,SMS,2026-06-19 06:00:00,6,3,False,,IGNORED
CT-004461,C01354,CALL,2026-08-02 08:00:00,8,3,False,,REJECTED
CT-004462,C01354,SMS,2026-07-24 06:00:00,6,2,True,3.22,ANSWERED
CT-004463,C01355,WHATSAPP,2026-08-07 15:00:00,15,2,False,,IGNORED
CT-004464,C01355,CALL,2026-09-01 07:00:00,7,3,False,,IGNORED
CT-004465,C01355,WHATSAPP,2026-08-24 04:00:00,4,3,False,,BOUNCED
CT-004466,C01355,CALL,2026-06-29 13:00:00,13,3,False,,IGNORED
CT-004467,C01356,CALL,2026-08-13 05:00:00,5,4,False,,IGNORED
CT-004468,C01356,WHATSAPP,2026-08-06 06:00:00,6,5,True,3.46,ANSWERED
CT-004469,C01356,WHATSAPP,2026-06-22 08:00:00,8,7,True,1.28,ANSWERED
CT-004470,C01356,WHATSAPP,2026-07-29 06:00:00,6,5,False,,IGNORED
CT-004471,C01357,CALL,2026-08-08 19:00:00,19,2,False,,IGNORED
CT-004472,C01357,CALL,2026-08-19 09:00:00,9,0,True,2.34,ANSWERED
CT-004473,C01358,SMS,2026-06-24 07:00:00,7,0,False,,IGNORED
CT-004474,C01360,APP_PUSH,2026-09-09 10:00:00,10,1,False,,IGNORED
CT-004475,C01360,APP_PUSH,2026-06-27 04:00:00,4,6,False,,IGNORED
CT-004476,C01360,CALL,2026-09-02 12:00:00,12,4,False,,IGNORED
CT-004477,C01361,SMS,2026-08-27 07:00:00,7,2,True,0.2,ANSWERED
CT-004478,C01361,WHATSAPP,2026-07-13 05:00:00,5,3,False,,IGNORED
CT-004479,C01361,CALL,2026-08-08 02:00:00,2,3,False,,REJECTED
CT-004480,C01362,WHATSAPP,2026-08-12 10:00:00,10,5,False,,BOUNCED
CT-004481,C01363,WHATSAPP,2026-09-06 17:00:00,17,2,True,5.87,ANSWERED
CT-004482,C01364,CALL,2026-08-28 23:00:00,23,8,False,,IGNORED
CT-004483,C01364,WHATSAPP,2026-08-25 15:00:00,15,6,False,,IGNORED
CT-004484,C01365,WHATSAPP,2026-09-02 13:00:00,13,10,False,,IGNORED
CT-004485,C01366,SMS,2026-08-30 23:00:00,23,1,True,2.85,ANSWERED
CT-004486,C01366,APP_PUSH,2026-06-18 07:00:00,7,7,False,,BOUNCED
CT-004487,C01366,SMS,2026-07-08 21:00:00,21,5,False,,BOUNCED
CT-004488,C01366,APP_PUSH,2026-07-07 22:00:00,22,3,False,,IGNORED
CT-004489,C01366,CALL,2026-07-13 20:00:00,20,3,True,0.89,ANSWERED
CT-004490,C01366,CALL,2026-07-24 18:00:00,18,6,False,,IGNORED
CT-004491,C01366,SMS,2026-06-16 20:00:00,20,1,False,,IGNORED
CT-004492,C01367,CALL,2026-07-15 22:00:00,22,0,True,0.74,ANSWERED
CT-004493,C01367,CALL,2026-07-10 19:00:00,19,2,True,1.04,ANSWERED
CT-004494,C01367,APP_PUSH,2026-08-23 15:00:00,15,6,False,,IGNORED
CT-004495,C01367,WHATSAPP,2026-06-28 14:00:00,14,1,True,0.55,ANSWERED
CT-004496,C01367,APP_PUSH,2026-06-17 18:00:00,18,6,False,,IGNORED
CT-004497,C01368,CALL,2026-08-11 12:00:00,12,5,True,1.25,ANSWERED
CT-004498,C01368,CALL,2026-09-01 13:00:00,13,8,False,,IGNORED
CT-004499,C01369,SMS,2026-08-11 11:00:00,11,4,False,,BOUNCED
CT-004500,C01369,SMS,2026-06-16 10:00:00,10,5,False,,IGNORED
CT-004501,C01369,CALL,2026-06-28 09:00:00,9,3,False,,IGNORED
CT-004502,C01369,APP_PUSH,2026-07-31 14:00:00,14,4,False,,IGNORED
CT-004503,C01370,WHATSAPP,2026-06-27 10:00:00,10,4,False,,IGNORED
CT-004504,C01370,WHATSAPP,2026-07-25 10:00:00,10,4,False,,IGNORED
CT-004505,C01371,CALL,2026-07-27 19:00:00,19,4,True,8.71,ANSWERED
CT-004506,C01371,CALL,2026-08-19 13:00:00,13,10,True,3.78,ANSWERED
CT-004507,C01371,CALL,2026-07-03 12:00:00,12,1,False,,REJECTED
CT-004508,C01371,SMS,2026-09-03 16:00:00,16,7,False,,IGNORED
CT-004509,C01371,CALL,2026-06-26 18:00:00,18,1,False,,IGNORED
CT-004510,C01372,WHATSAPP,2026-09-03 09:00:00,9,6,True,1.25,ANSWERED
CT-004511,C01372,WHATSAPP,2026-09-07 13:00:00,13,5,True,4.63,ANSWERED
CT-004512,C01372,WHATSAPP,2026-09-02 10:00:00,10,5,True,1.26,ANSWERED
CT-004513,C01372,WHATSAPP,2026-07-16 17:00:00,17,3,True,0.57,ANSWERED
CT-004514,C01372,WHATSAPP,2026-08-19 18:00:00,18,4,False,,BOUNCED
CT-004515,C01372,WHATSAPP,2026-08-13 11:00:00,11,9,False,,BOUNCED
CT-004516,C01372,WHATSAPP,2026-07-21 12:00:00,12,2,True,2.64,ANSWERED
CT-004517,C01372,WHATSAPP,2026-08-07 09:00:00,9,4,True,1.1,ANSWERED
CT-004518,C01373,CALL,2026-08-29 15:00:00,15,3,False,,IGNORED
CT-004519,C01373,APP_PUSH,2026-07-25 17:00:00,17,0,False,,IGNORED
CT-004520,C01375,APP_PUSH,2026-07-04 10:00:00,10,6,True,0.81,ANSWERED
CT-004521,C01375,WHATSAPP,2026-08-03 11:00:00,11,7,False,,IGNORED
CT-004522,C01375,APP_PUSH,2026-09-05 08:00:00,8,5,True,2.13,ANSWERED
CT-004523,C01375,CALL,2026-07-26 08:00:00,8,5,False,,IGNORED
CT-004524,C01375,CALL,2026-08-19 08:00:00,8,6,False,,REJECTED
CT-004525,C01375,WHATSAPP,2026-07-22 10:00:00,10,2,False,,IGNORED
CT-004526,C01375,SMS,2026-08-01 13:00:00,13,1,False,,IGNORED
CT-004527,C01375,SMS,2026-09-03 07:00:00,7,4,False,,IGNORED
CT-004528,C01376,APP_PUSH,2026-07-14 19:00:00,19,3,True,3.19,ANSWERED
CT-004529,C01376,SMS,2026-08-23 23:00:00,23,8,False,,IGNORED
CT-004530,C01377,CALL,2026-08-14 09:00:00,9,2,True,0.83,ANSWERED
CT-004531,C01377,SMS,2026-06-17 09:00:00,9,0,False,,REJECTED
CT-004532,C01377,WHATSAPP,2026-07-20 06:00:00,6,7,False,,REJECTED
CT-004533,C01377,CALL,2026-07-05 13:00:00,13,3,True,8.23,ANSWERED
CT-004534,C01377,CALL,2026-09-07 08:00:00,8,1,True,0.65,ANSWERED
CT-004535,C01378,APP_PUSH,2026-08-27 14:00:00,14,8,False,,IGNORED
CT-004536,C01378,CALL,2026-08-20 16:00:00,16,6,False,,IGNORED
CT-004537,C01379,SMS,2026-07-20 14:00:00,14,7,True,0.95,ANSWERED
CT-004538,C01379,SMS,2026-08-18 11:00:00,11,7,False,,BOUNCED
CT-004539,C01380,WHATSAPP,2026-08-27 23:00:00,23,0,True,8.16,ANSWERED
CT-004540,C01380,SMS,2026-07-14 21:00:00,21,0,False,,IGNORED
CT-004541,C01380,SMS,2026-07-27 19:00:00,19,3,False,,IGNORED
CT-004542,C01380,APP_PUSH,2026-08-03 22:00:00,22,4,True,0.2,ANSWERED
CT-004543,C01380,CALL,2026-07-07 16:00:00,16,3,False,,IGNORED
CT-004544,C01381,SMS,2026-06-26 04:00:00,4,5,False,,IGNORED
CT-004545,C01381,APP_PUSH,2026-09-02 10:00:00,10,3,False,,IGNORED
CT-004546,C01381,APP_PUSH,2026-08-10 09:00:00,9,3,True,0.71,ANSWERED
CT-004547,C01381,APP_PUSH,2026-07-22 09:00:00,9,0,True,1.07,ANSWERED
CT-004548,C01381,SMS,2026-08-02 07:00:00,7,5,False,,IGNORED
CT-004549,C01382,APP_PUSH,2026-09-11 08:00:00,8,4,False,,IGNORED
CT-004550,C01382,WHATSAPP,2026-06-23 09:00:00,9,5,False,,REJECTED
CT-004551,C01382,APP_PUSH,2026-09-04 14:00:00,14,6,True,1.19,ANSWERED
CT-004552,C01382,APP_PUSH,2026-06-26 05:00:00,5,3,False,,IGNORED
CT-004553,C01382,APP_PUSH,2026-08-29 05:00:00,5,9,False,,IGNORED
CT-004554,C01383,SMS,2026-06-20 18:00:00,18,4,False,,IGNORED
CT-004555,C01384,CALL,2026-09-02 08:00:00,8,0,False,,IGNORED
CT-004556,C01384,SMS,2026-08-24 14:00:00,14,0,False,,BOUNCED
CT-004557,C01384,SMS,2026-07-16 11:00:00,11,2,True,0.17,ANSWERED
CT-004558,C01384,SMS,2026-07-21 06:00:00,6,2,False,,IGNORED
CT-004559,C01384,CALL,2026-08-05 04:00:00,4,5,False,,IGNORED
CT-004560,C01384,WHATSAPP,2026-08-12 08:00:00,8,3,False,,IGNORED
CT-004561,C01384,APP_PUSH,2026-07-12 10:00:00,10,5,True,0.5,ANSWERED
CT-004562,C01385,WHATSAPP,2026-07-27 09:00:00,9,7,False,,REJECTED
CT-004563,C01385,WHATSAPP,2026-08-01 02:00:00,2,7,False,,IGNORED
CT-004564,C01385,WHATSAPP,2026-08-30 11:00:00,11,4,False,,IGNORED
CT-004565,C01385,WHATSAPP,2026-06-30 04:00:00,4,5,False,,IGNORED
CT-004566,C01385,APP_PUSH,2026-06-24 14:00:00,14,6,False,,REJECTED
CT-004567,C01385,WHATSAPP,2026-08-19 08:00:00,8,6,False,,IGNORED
CT-004568,C01385,CALL,2026-08-04 04:00:00,4,11,False,,IGNORED
CT-004569,C01386,APP_PUSH,2026-08-23 16:00:00,16,5,True,0.86,ANSWERED
CT-004570,C01386,WHATSAPP,2026-07-18 10:00:00,10,2,False,,IGNORED
CT-004571,C01386,APP_PUSH,2026-08-13 13:00:00,13,3,False,,IGNORED
CT-004572,C01387,APP_PUSH,2026-09-03 14:00:00,14,2,True,2.82,ANSWERED
CT-004573,C01387,APP_PUSH,2026-06-27 20:00:00,20,3,False,,IGNORED
CT-004574,C01387,SMS,2026-09-02 12:00:00,12,6,False,,IGNORED
CT-004575,C01387,APP_PUSH,2026-06-22 16:00:00,16,5,False,,REJECTED
CT-004576,C01387,APP_PUSH,2026-08-08 14:00:00,14,5,True,1.33,ANSWERED
CT-004577,C01388,APP_PUSH,2026-07-08 18:00:00,18,3,False,,IGNORED
CT-004578,C01388,CALL,2026-09-09 23:00:00,23,5,False,,IGNORED
CT-004579,C01388,CALL,2026-08-16 21:00:00,21,6,False,,IGNORED
CT-004580,C01388,CALL,2026-08-05 23:00:00,23,1,False,,IGNORED
CT-004581,C01388,CALL,2026-07-24 18:00:00,18,2,True,0.14,ANSWERED
CT-004582,C01388,APP_PUSH,2026-08-11 22:00:00,22,0,False,,IGNORED
CT-004583,C01388,CALL,2026-07-15 18:00:00,18,0,False,,IGNORED
CT-004584,C01388,CALL,2026-08-01 20:00:00,20,3,False,,IGNORED
CT-004585,C01389,CALL,2026-08-28 15:00:00,15,6,True,0.38,ANSWERED
CT-004586,C01389,WHATSAPP,2026-07-19 16:00:00,16,3,False,,IGNORED
CT-004587,C01389,WHATSAPP,2026-07-21 13:00:00,13,3,False,,REJECTED
CT-004588,C01389,WHATSAPP,2026-08-20 10:00:00,10,2,False,,BOUNCED
CT-004589,C01389,SMS,2026-08-02 12:00:00,12,3,False,,REJECTED
CT-004590,C01389,CALL,2026-08-21 10:00:00,10,4,False,,IGNORED
CT-004591,C01389,CALL,2026-09-06 10:00:00,10,7,False,,IGNORED
CT-004592,C01389,CALL,2026-08-10 15:00:00,15,4,False,,IGNORED
CT-004593,C01390,SMS,2026-09-07 15:00:00,15,5,False,,IGNORED
CT-004594,C01391,CALL,2026-08-05 09:00:00,9,2,True,0.74,ANSWERED
CT-004595,C01391,CALL,2026-08-31 10:00:00,10,1,False,,BOUNCED
CT-004596,C01391,CALL,2026-09-04 09:00:00,9,7,False,,IGNORED
CT-004597,C01391,CALL,2026-08-03 12:00:00,12,0,True,0.99,ANSWERED
CT-004598,C01392,SMS,2026-07-27 17:00:00,17,4,False,,IGNORED
CT-004599,C01392,SMS,2026-08-18 10:00:00,10,4,False,,IGNORED
CT-004600,C01392,WHATSAPP,2026-07-14 13:00:00,13,5,True,0.63,ANSWERED
CT-004601,C01393,SMS,2026-08-04 08:00:00,8,4,False,,IGNORED
CT-004602,C01393,WHATSAPP,2026-08-05 08:00:00,8,5,False,,IGNORED
CT-004603,C01393,WHATSAPP,2026-07-18 07:00:00,7,7,True,2.49,ANSWERED
CT-004604,C01394,WHATSAPP,2026-06-21 18:00:00,18,6,True,7.03,ANSWERED
CT-004605,C01394,WHATSAPP,2026-08-21 21:00:00,21,4,False,,IGNORED
CT-004606,C01394,CALL,2026-06-22 14:00:00,14,4,False,,IGNORED
CT-004607,C01394,APP_PUSH,2026-08-31 22:00:00,22,1,False,,IGNORED
CT-004608,C01394,WHATSAPP,2026-07-03 20:00:00,20,1,True,2.01,ANSWERED
CT-004609,C01394,APP_PUSH,2026-08-23 13:00:00,13,1,False,,IGNORED
CT-004610,C01395,WHATSAPP,2026-07-14 16:00:00,16,3,True,5.33,ANSWERED
CT-004611,C01396,APP_PUSH,2026-08-01 02:00:00,2,1,False,,IGNORED
CT-004612,C01396,WHATSAPP,2026-06-30 07:00:00,7,0,False,,IGNORED
CT-004613,C01396,SMS,2026-08-12 10:00:00,10,5,False,,IGNORED
CT-004614,C01396,CALL,2026-08-12 08:00:00,8,1,False,,IGNORED
CT-004615,C01397,SMS,2026-06-29 16:00:00,16,9,False,,IGNORED
CT-004616,C01397,WHATSAPP,2026-07-09 23:00:00,23,7,True,0.04,ANSWERED
CT-004617,C01397,SMS,2026-08-14 19:00:00,19,6,True,3.7,ANSWERED
CT-004618,C01397,SMS,2026-08-07 17:00:00,17,7,True,5.79,ANSWERED
CT-004619,C01397,SMS,2026-08-08 16:00:00,16,10,True,1.14,ANSWERED
CT-004620,C01397,SMS,2026-07-11 22:00:00,22,7,False,,IGNORED
CT-004621,C01398,WHATSAPP,2026-09-10 05:00:00,5,6,True,0.85,ANSWERED
CT-004622,C01398,CALL,2026-06-18 10:00:00,10,5,False,,IGNORED
CT-004623,C01398,WHATSAPP,2026-06-18 10:00:00,10,6,True,1.41,ANSWERED
CT-004624,C01398,WHATSAPP,2026-06-27 10:00:00,10,7,False,,IGNORED
CT-004625,C01398,WHATSAPP,2026-06-15 08:00:00,8,6,False,,REJECTED
CT-004626,C01399,WHATSAPP,2026-06-19 02:00:00,2,9,False,,REJECTED
CT-004627,C01399,WHATSAPP,2026-07-15 05:00:00,5,5,False,,IGNORED
CT-004628,C01400,SMS,2026-08-22 03:00:00,3,7,False,,REJECTED
CT-004629,C01400,SMS,2026-06-22 09:00:00,9,7,False,,IGNORED
CT-004630,C01401,APP_PUSH,2026-09-11 12:00:00,12,1,False,,IGNORED
CT-004631,C01402,WHATSAPP,2026-08-18 08:00:00,8,4,False,,IGNORED
CT-004632,C01402,SMS,2026-08-02 14:00:00,14,1,False,,IGNORED
CT-004633,C01403,SMS,2026-07-15 11:00:00,11,9,True,0.53,ANSWERED
CT-004634,C01403,CALL,2026-08-01 17:00:00,17,8,True,2.85,ANSWERED
CT-004635,C01403,CALL,2026-06-17 18:00:00,18,6,False,,IGNORED
CT-004636,C01403,APP_PUSH,2026-08-02 15:00:00,15,4,False,,IGNORED
CT-004637,C01403,APP_PUSH,2026-08-08 11:00:00,11,4,True,5.58,ANSWERED
CT-004638,C01403,APP_PUSH,2026-08-06 13:00:00,13,6,True,1.1,ANSWERED
CT-004639,C01403,APP_PUSH,2026-07-07 14:00:00,14,8,True,2.09,ANSWERED
CT-004640,C01403,APP_PUSH,2026-06-22 13:00:00,13,4,False,,IGNORED
CT-004641,C01403,APP_PUSH,2026-06-21 15:00:00,15,7,False,,REJECTED
CT-004642,C01403,WHATSAPP,2026-07-26 15:00:00,15,1,True,0.28,ANSWERED
CT-004643,C01404,SMS,2026-08-27 21:00:00,21,1,False,,REJECTED
CT-004644,C01404,SMS,2026-07-04 23:00:00,23,5,False,,IGNORED
CT-004645,C01404,SMS,2026-08-09 17:00:00,17,5,False,,IGNORED
CT-004646,C01404,SMS,2026-07-27 13:00:00,13,1,False,,IGNORED
CT-004647,C01404,WHATSAPP,2026-07-09 23:00:00,23,1,False,,IGNORED
CT-004648,C01404,APP_PUSH,2026-07-24 15:00:00,15,1,False,,BOUNCED
CT-004649,C01405,APP_PUSH,2026-07-30 07:00:00,7,6,True,0.63,ANSWERED
CT-004650,C01405,SMS,2026-09-09 15:00:00,15,5,True,0.91,ANSWERED
CT-004651,C01405,WHATSAPP,2026-08-21 16:00:00,16,6,False,,IGNORED
CT-004652,C01405,APP_PUSH,2026-06-26 11:00:00,11,5,True,3.22,ANSWERED
CT-004653,C01406,SMS,2026-06-21 12:00:00,12,8,False,,BOUNCED
CT-004654,C01406,CALL,2026-07-09 13:00:00,13,8,False,,IGNORED
CT-004655,C01406,SMS,2026-08-30 13:00:00,13,8,False,,IGNORED
CT-004656,C01406,SMS,2026-08-03 15:00:00,15,7,True,5.01,ANSWERED
CT-004657,C01407,WHATSAPP,2026-06-19 13:00:00,13,6,False,,IGNORED
CT-004658,C01407,APP_PUSH,2026-06-22 05:00:00,5,6,False,,IGNORED
CT-004659,C01407,APP_PUSH,2026-06-15 15:00:00,15,7,True,2.45,ANSWERED
CT-004660,C01407,APP_PUSH,2026-08-05 15:00:00,15,5,True,1.99,ANSWERED
CT-004661,C01407,SMS,2026-08-22 14:00:00,14,0,False,,IGNORED
CT-004662,C01407,APP_PUSH,2026-06-23 09:00:00,9,2,False,,BOUNCED
CT-004663,C01407,WHATSAPP,2026-09-01 14:00:00,14,5,False,,IGNORED
CT-004664,C01408,SMS,2026-08-08 12:00:00,12,7,False,,IGNORED
CT-004665,C01408,APP_PUSH,2026-08-26 13:00:00,13,6,False,,REJECTED
CT-004666,C01408,SMS,2026-07-10 13:00:00,13,7,True,2.92,ANSWERED
CT-004667,C01408,SMS,2026-09-02 16:00:00,16,9,True,0.83,ANSWERED
CT-004668,C01408,APP_PUSH,2026-07-31 16:00:00,16,6,True,0.45,ANSWERED
CT-004669,C01408,SMS,2026-07-20 18:00:00,18,8,True,3.87,ANSWERED
CT-004670,C01409,WHATSAPP,2026-08-02 21:00:00,21,3,False,,IGNORED
CT-004671,C01409,SMS,2026-08-01 22:00:00,22,0,False,,IGNORED
CT-004672,C01410,SMS,2026-08-31 13:00:00,13,5,False,,IGNORED
CT-004673,C01410,WHATSAPP,2026-08-02 21:00:00,21,5,False,,IGNORED
CT-004674,C01410,WHATSAPP,2026-07-27 14:00:00,14,1,True,4.64,ANSWERED
CT-004675,C01410,SMS,2026-09-06 14:00:00,14,5,True,3.26,ANSWERED
CT-004676,C01411,SMS,2026-07-31 08:00:00,8,10,True,5.2,ANSWERED
CT-004677,C01411,SMS,2026-07-09 09:00:00,9,6,False,,REJECTED
CT-004678,C01411,WHATSAPP,2026-07-21 07:00:00,7,6,False,,IGNORED
CT-004679,C01411,SMS,2026-07-19 10:00:00,10,9,False,,IGNORED
CT-004680,C01412,CALL,2026-07-12 07:00:00,7,3,True,2.24,ANSWERED
CT-004681,C01412,CALL,2026-09-08 03:00:00,3,4,True,4.09,ANSWERED
CT-004682,C01412,CALL,2026-08-15 11:00:00,11,5,True,1.41,ANSWERED
CT-004683,C01412,CALL,2026-09-05 07:00:00,7,0,False,,IGNORED
CT-004684,C01412,APP_PUSH,2026-06-30 05:00:00,5,3,False,,IGNORED
CT-004685,C01413,CALL,2026-07-14 09:00:00,9,6,True,5.21,ANSWERED
CT-004686,C01414,SMS,2026-07-16 15:00:00,15,0,False,,IGNORED
CT-004687,C01414,SMS,2026-09-10 16:00:00,16,3,False,,IGNORED
CT-004688,C01414,WHATSAPP,2026-07-07 14:00:00,14,3,False,,IGNORED
CT-004689,C01414,CALL,2026-08-07 13:00:00,13,2,False,,IGNORED
CT-004690,C01414,SMS,2026-09-08 14:00:00,14,1,False,,IGNORED
CT-004691,C01414,WHATSAPP,2026-08-02 14:00:00,14,3,True,2.25,ANSWERED
CT-004692,C01415,SMS,2026-07-23 06:00:00,6,-1,False,,REJECTED
CT-004693,C01415,CALL,2026-07-20 07:00:00,7,0,False,,IGNORED
CT-004694,C01415,APP_PUSH,2026-07-27 03:00:00,3,2,False,,REJECTED
CT-004695,C01415,APP_PUSH,2026-06-15 10:00:00,10,3,False,,REJECTED
CT-004696,C01416,CALL,2026-08-19 17:00:00,17,9,True,1.22,ANSWERED
CT-004697,C01416,CALL,2026-09-02 07:00:00,7,7,False,,IGNORED
CT-004698,C01416,CALL,2026-08-21 14:00:00,14,11,False,,IGNORED
CT-004699,C01416,CALL,2026-07-26 15:00:00,15,7,False,,REJECTED
CT-004700,C01416,WHATSAPP,2026-08-28 07:00:00,7,9,False,,IGNORED
CT-004701,C01416,WHATSAPP,2026-07-02 09:00:00,9,8,False,,IGNORED
CT-004702,C01417,SMS,2026-08-19 15:00:00,15,1,True,3.08,ANSWERED
CT-004703,C01417,SMS,2026-07-16 18:00:00,18,4,True,1.15,ANSWERED
CT-004704,C01417,WHATSAPP,2026-07-10 18:00:00,18,2,True,0.76,ANSWERED
CT-004705,C01417,APP_PUSH,2026-06-17 19:00:00,19,6,False,,IGNORED
CT-004706,C01417,WHATSAPP,2026-07-06 12:00:00,12,4,False,,IGNORED
CT-004707,C01417,APP_PUSH,2026-06-29 15:00:00,15,1,False,,IGNORED
CT-004708,C01418,SMS,2026-08-21 11:00:00,11,0,False,,IGNORED
CT-004709,C01418,WHATSAPP,2026-06-23 05:00:00,5,1,False,,IGNORED
CT-004710,C01418,WHATSAPP,2026-09-10 13:00:00,13,4,True,1.5,ANSWERED
CT-004711,C01420,APP_PUSH,2026-08-21 14:00:00,14,4,False,,IGNORED
CT-004712,C01420,APP_PUSH,2026-07-25 20:00:00,20,4,True,4.69,ANSWERED
CT-004713,C01420,APP_PUSH,2026-09-07 18:00:00,18,7,False,,IGNORED
CT-004714,C01420,CALL,2026-09-04 19:00:00,19,5,False,,IGNORED
CT-004715,C01420,APP_PUSH,2026-08-13 13:00:00,13,9,False,,IGNORED
CT-004716,C01420,WHATSAPP,2026-07-13 13:00:00,13,1,False,,IGNORED
CT-004717,C01420,SMS,2026-08-09 16:00:00,16,1,False,,REJECTED
CT-004718,C01420,SMS,2026-08-25 14:00:00,14,2,False,,IGNORED
CT-004719,C01421,CALL,2026-07-22 09:00:00,9,5,True,0.03,ANSWERED
CT-004720,C01421,CALL,2026-08-07 04:00:00,4,8,False,,IGNORED
CT-004721,C01421,WHATSAPP,2026-08-21 07:00:00,7,5,False,,IGNORED
CT-004722,C01421,CALL,2026-07-16 06:00:00,6,6,False,,IGNORED
CT-004723,C01422,WHATSAPP,2026-09-05 08:00:00,8,3,False,,IGNORED
CT-004724,C01422,APP_PUSH,2026-07-08 10:00:00,10,3,False,,REJECTED
CT-004725,C01423,SMS,2026-08-25 11:00:00,11,4,False,,BOUNCED
CT-004726,C01423,WHATSAPP,2026-07-13 11:00:00,11,5,False,,IGNORED
CT-004727,C01423,CALL,2026-06-24 15:00:00,15,8,True,3.78,ANSWERED
CT-004728,C01424,APP_PUSH,2026-08-24 17:00:00,17,8,False,,BOUNCED
CT-004729,C01424,APP_PUSH,2026-06-21 16:00:00,16,8,False,,IGNORED
CT-004730,C01425,APP_PUSH,2026-08-01 21:00:00,21,8,True,0.2,ANSWERED
CT-004731,C01426,WHATSAPP,2026-08-31 13:00:00,13,3,False,,IGNORED
CT-004732,C01427,SMS,2026-08-05 11:00:00,11,5,True,4.17,ANSWERED
CT-004733,C01427,SMS,2026-08-03 15:00:00,15,5,False,,BOUNCED
CT-004734,C01427,SMS,2026-07-21 13:00:00,13,11,False,,IGNORED
CT-004735,C01427,SMS,2026-07-26 16:00:00,16,5,True,0.87,ANSWERED
CT-004736,C01427,SMS,2026-06-26 08:00:00,8,5,True,1.19,ANSWERED
CT-004737,C01427,WHATSAPP,2026-08-05 14:00:00,14,7,False,,IGNORED
CT-004738,C01427,WHATSAPP,2026-06-27 10:00:00,10,8,False,,IGNORED
CT-004739,C01428,SMS,2026-07-14 13:00:00,13,0,False,,REJECTED
CT-004740,C01428,SMS,2026-08-19 04:00:00,4,2,True,0.63,ANSWERED
CT-004741,C01428,SMS,2026-08-31 09:00:00,9,0,False,,REJECTED
CT-004742,C01428,SMS,2026-07-02 08:00:00,8,0,True,0.91,ANSWERED
CT-004743,C01428,SMS,2026-08-13 07:00:00,7,1,True,1.56,ANSWERED
CT-004744,C01429,WHATSAPP,2026-07-21 15:00:00,15,8,False,,IGNORED
CT-004745,C01429,CALL,2026-08-29 13:00:00,13,4,False,,IGNORED
CT-004746,C01430,SMS,2026-07-12 06:00:00,6,9,False,,IGNORED
CT-004747,C01430,SMS,2026-09-12 16:00:00,16,8,False,,IGNORED
CT-004748,C01431,WHATSAPP,2026-07-02 22:00:00,22,3,False,,IGNORED
CT-004749,C01431,WHATSAPP,2026-07-21 20:00:00,20,5,True,0.4,ANSWERED
CT-004750,C01431,WHATSAPP,2026-07-27 18:00:00,18,5,True,2.97,ANSWERED
CT-004751,C01431,WHATSAPP,2026-07-18 19:00:00,19,3,False,,IGNORED
CT-004752,C01431,WHATSAPP,2026-06-27 13:00:00,13,3,False,,IGNORED
CT-004753,C01431,WHATSAPP,2026-07-19 13:00:00,13,3,True,4.3,ANSWERED
CT-004754,C01431,CALL,2026-08-17 16:00:00,16,5,False,,IGNORED
CT-004755,C01431,WHATSAPP,2026-09-12 19:00:00,19,4,True,2.0,ANSWERED
CT-004756,C01432,CALL,2026-09-01 12:00:00,12,2,True,0.75,ANSWERED
CT-004757,C01432,CALL,2026-07-12 10:00:00,10,5,False,,REJECTED
CT-004758,C01432,CALL,2026-08-15 09:00:00,9,5,False,,IGNORED
CT-004759,C01432,CALL,2026-07-07 16:00:00,16,6,True,0.4,ANSWERED
CT-004760,C01432,APP_PUSH,2026-08-19 12:00:00,12,5,False,,IGNORED
CT-004761,C01432,CALL,2026-07-24 09:00:00,9,1,True,0.69,ANSWERED
CT-004762,C01432,CALL,2026-07-11 06:00:00,6,1,False,,IGNORED
CT-004763,C01433,WHATSAPP,2026-06-15 14:00:00,14,0,False,,IGNORED
CT-004764,C01433,WHATSAPP,2026-07-21 13:00:00,13,3,False,,REJECTED
CT-004765,C01433,SMS,2026-06-16 15:00:00,15,2,False,,REJECTED
CT-004766,C01435,SMS,2026-08-15 13:00:00,13,4,True,0.72,ANSWERED
CT-004767,C01435,CALL,2026-08-01 14:00:00,14,2,False,,IGNORED
CT-004768,C01436,SMS,2026-07-07 16:00:00,16,8,False,,IGNORED
CT-004769,C01436,CALL,2026-08-04 18:00:00,18,2,False,,IGNORED
CT-004770,C01436,SMS,2026-08-09 18:00:00,18,8,False,,IGNORED
CT-004771,C01436,SMS,2026-07-14 14:00:00,14,5,False,,IGNORED
CT-004772,C01436,SMS,2026-08-30 16:00:00,16,4,False,,IGNORED
CT-004773,C01437,WHATSAPP,2026-08-21 15:00:00,15,8,True,1.21,ANSWERED
CT-004774,C01437,WHATSAPP,2026-07-25 09:00:00,9,6,False,,IGNORED
CT-004775,C01437,CALL,2026-06-16 12:00:00,12,8,False,,IGNORED
CT-004776,C01438,SMS,2026-08-14 21:00:00,21,5,True,7.82,ANSWERED
CT-004777,C01439,CALL,2026-09-01 11:00:00,11,-1,False,,IGNORED
CT-004778,C01439,WHATSAPP,2026-07-12 08:00:00,8,4,False,,IGNORED
CT-004779,C01439,WHATSAPP,2026-09-11 10:00:00,10,1,True,8.02,ANSWERED
CT-004780,C01440,SMS,2026-09-04 07:00:00,7,7,False,,IGNORED
CT-004781,C01440,WHATSAPP,2026-07-21 08:00:00,8,8,False,,IGNORED
CT-004782,C01440,WHATSAPP,2026-08-30 12:00:00,12,6,False,,IGNORED
CT-004783,C01440,APP_PUSH,2026-07-12 17:00:00,17,7,False,,IGNORED
CT-004784,C01440,CALL,2026-07-29 14:00:00,14,8,True,2.2,ANSWERED
CT-004785,C01440,CALL,2026-08-14 08:00:00,8,8,False,,IGNORED
CT-004786,C01440,APP_PUSH,2026-08-22 13:00:00,13,7,False,,IGNORED
CT-004787,C01441,SMS,2026-07-26 10:00:00,10,3,False,,BOUNCED
CT-004788,C01441,WHATSAPP,2026-07-06 06:00:00,6,4,False,,IGNORED
CT-004789,C01441,SMS,2026-07-20 05:00:00,5,7,False,,REJECTED
CT-004790,C01441,SMS,2026-07-08 08:00:00,8,5,False,,IGNORED
CT-004791,C01441,SMS,2026-08-06 07:00:00,7,8,False,,IGNORED
CT-004792,C01442,APP_PUSH,2026-06-21 19:00:00,19,10,True,1.58,ANSWERED
CT-004793,C01442,APP_PUSH,2026-08-16 21:00:00,21,10,False,,IGNORED
CT-004794,C01442,WHATSAPP,2026-07-26 17:00:00,17,2,False,,REJECTED
CT-004795,C01442,WHATSAPP,2026-08-19 13:00:00,13,7,False,,IGNORED
CT-004796,C01442,WHATSAPP,2026-07-20 16:00:00,16,7,False,,IGNORED
CT-004797,C01443,APP_PUSH,2026-07-25 16:00:00,16,2,True,0.89,ANSWERED
CT-004798,C01443,WHATSAPP,2026-07-01 11:00:00,11,6,False,,IGNORED
CT-004799,C01443,SMS,2026-08-18 11:00:00,11,7,False,,IGNORED
CT-004800,C01444,WHATSAPP,2026-06-17 09:00:00,9,7,False,,IGNORED
CT-004801,C01445,APP_PUSH,2026-08-16 07:00:00,7,4,False,,IGNORED
CT-004802,C01445,APP_PUSH,2026-06-17 07:00:00,7,4,False,,IGNORED
CT-004803,C01446,APP_PUSH,2026-07-11 13:00:00,13,5,False,,IGNORED
CT-004804,C01446,WHATSAPP,2026-08-28 12:00:00,12,8,False,,REJECTED
CT-004805,C01446,APP_PUSH,2026-07-02 07:00:00,7,2,False,,IGNORED
CT-004806,C01446,APP_PUSH,2026-08-24 09:00:00,9,5,False,,IGNORED
CT-004807,C01447,WHATSAPP,2026-08-16 21:00:00,21,3,False,,IGNORED
CT-004808,C01447,WHATSAPP,2026-08-13 14:00:00,14,0,False,,IGNORED
CT-004809,C01447,WHATSAPP,2026-08-27 23:00:00,23,1,False,,IGNORED
CT-004810,C01447,SMS,2026-08-26 17:00:00,17,5,False,,IGNORED
CT-004811,C01447,WHATSAPP,2026-07-09 13:00:00,13,0,True,4.55,ANSWERED
CT-004812,C01447,APP_PUSH,2026-07-29 17:00:00,17,3,False,,IGNORED
CT-004813,C01447,CALL,2026-08-12 12:00:00,12,3,False,,IGNORED
CT-004814,C01447,CALL,2026-08-17 17:00:00,17,4,False,,REJECTED
CT-004815,C01447,SMS,2026-07-22 15:00:00,15,0,False,,IGNORED
CT-004816,C01447,WHATSAPP,2026-07-02 13:00:00,13,0,True,2.52,ANSWERED
CT-004817,C01447,CALL,2026-07-20 16:00:00,16,0,False,,IGNORED
CT-004818,C01447,WHATSAPP,2026-09-07 18:00:00,18,0,False,,IGNORED
CT-004819,C01447,WHATSAPP,2026-09-05 19:00:00,19,5,False,,IGNORED
CT-004820,C01448,APP_PUSH,2026-08-23 04:00:00,4,4,True,2.74,ANSWERED
CT-004821,C01448,CALL,2026-07-14 09:00:00,9,3,True,2.54,ANSWERED
CT-004822,C01448,APP_PUSH,2026-08-08 14:00:00,14,3,False,,BOUNCED
CT-004823,C01449,CALL,2026-08-25 09:00:00,9,8,False,,IGNORED
CT-004824,C01449,APP_PUSH,2026-08-08 14:00:00,14,8,False,,IGNORED
CT-004825,C01449,WHATSAPP,2026-08-12 02:00:00,2,8,False,,IGNORED
CT-004826,C01449,WHATSAPP,2026-09-10 12:00:00,12,6,True,0.93,ANSWERED
CT-004827,C01449,WHATSAPP,2026-08-19 13:00:00,13,9,True,0.39,ANSWERED
CT-004828,C01451,WHATSAPP,2026-08-24 07:00:00,7,4,False,,IGNORED
CT-004829,C01451,WHATSAPP,2026-07-13 10:00:00,10,4,True,3.79,ANSWERED
CT-004830,C01451,WHATSAPP,2026-08-21 06:00:00,6,2,False,,IGNORED
CT-004831,C01452,CALL,2026-06-26 14:00:00,14,2,False,,IGNORED
CT-004832,C01453,SMS,2026-07-25 17:00:00,17,8,False,,IGNORED
CT-004833,C01454,APP_PUSH,2026-08-05 21:00:00,21,2,False,,IGNORED
CT-004834,C01454,SMS,2026-07-12 19:00:00,19,5,True,3.56,ANSWERED
CT-004835,C01454,WHATSAPP,2026-08-25 16:00:00,16,4,False,,IGNORED
CT-004836,C01454,SMS,2026-07-09 17:00:00,17,4,True,1.73,ANSWERED
CT-004837,C01455,SMS,2026-09-04 07:00:00,7,8,False,,IGNORED
CT-004838,C01455,CALL,2026-08-21 06:00:00,6,4,False,,IGNORED
CT-004839,C01455,WHATSAPP,2026-07-29 03:00:00,3,6,False,,IGNORED
CT-004840,C01455,SMS,2026-07-23 03:00:00,3,8,False,,IGNORED
CT-004841,C01457,CALL,2026-08-10 12:00:00,12,5,False,,IGNORED
CT-004842,C01457,SMS,2026-08-03 13:00:00,13,3,True,0.55,ANSWERED
CT-004843,C01457,SMS,2026-06-16 13:00:00,13,3,True,4.99,ANSWERED
CT-004844,C01457,SMS,2026-07-24 10:00:00,10,1,False,,BOUNCED
CT-004845,C01457,CALL,2026-07-20 13:00:00,13,2,False,,IGNORED
CT-004846,C01458,CALL,2026-06-20 07:00:00,7,1,False,,IGNORED
CT-004847,C01458,CALL,2026-06-28 03:00:00,3,4,False,,IGNORED
CT-004848,C01458,SMS,2026-07-09 14:00:00,14,1,False,,IGNORED
CT-004849,C01458,CALL,2026-08-20 07:00:00,7,7,False,,IGNORED
CT-004850,C01459,CALL,2026-08-18 17:00:00,17,8,True,3.27,ANSWERED
CT-004851,C01459,SMS,2026-07-16 20:00:00,20,3,False,,IGNORED
CT-004852,C01459,WHATSAPP,2026-08-23 12:00:00,12,6,False,,IGNORED
CT-004853,C01459,CALL,2026-06-30 16:00:00,16,8,False,,IGNORED
CT-004854,C01459,WHATSAPP,2026-08-17 15:00:00,15,5,False,,BOUNCED
CT-004855,C01459,APP_PUSH,2026-09-08 19:00:00,19,6,False,,IGNORED
CT-004856,C01459,WHATSAPP,2026-07-15 13:00:00,13,5,True,0.39,ANSWERED
CT-004857,C01460,WHATSAPP,2026-07-14 20:00:00,20,8,True,1.14,ANSWERED
CT-004858,C01460,SMS,2026-06-20 19:00:00,19,7,False,,IGNORED
CT-004859,C01461,SMS,2026-07-20 15:00:00,15,8,False,,IGNORED
CT-004860,C01462,APP_PUSH,2026-06-20 10:00:00,10,4,False,,IGNORED
CT-004861,C01462,WHATSAPP,2026-07-19 12:00:00,12,8,False,,IGNORED
CT-004862,C01462,WHATSAPP,2026-07-21 09:00:00,9,3,False,,IGNORED
CT-004863,C01462,WHATSAPP,2026-06-29 05:00:00,5,3,True,0.05,ANSWERED
CT-004864,C01462,APP_PUSH,2026-08-07 09:00:00,9,5,False,,IGNORED
CT-004865,C01463,CALL,2026-06-21 18:00:00,18,7,True,4.97,ANSWERED
CT-004866,C01463,CALL,2026-08-16 21:00:00,21,5,False,,IGNORED
CT-004867,C01463,APP_PUSH,2026-09-02 17:00:00,17,5,True,0.05,ANSWERED
CT-004868,C01463,CALL,2026-07-12 23:00:00,23,4,True,5.17,ANSWERED
CT-004869,C01464,SMS,2026-09-03 10:00:00,10,4,False,,BOUNCED
CT-004870,C01465,WHATSAPP,2026-07-20 14:00:00,14,5,True,0.63,ANSWERED
CT-004871,C01465,WHATSAPP,2026-06-24 17:00:00,17,7,True,0.46,ANSWERED
CT-004872,C01465,WHATSAPP,2026-07-29 21:00:00,21,3,False,,IGNORED
CT-004873,C01465,WHATSAPP,2026-08-24 18:00:00,18,1,True,0.15,ANSWERED
CT-004874,C01465,SMS,2026-06-16 21:00:00,21,7,False,,IGNORED
CT-004875,C01466,CALL,2026-07-04 07:00:00,7,8,False,,IGNORED
CT-004876,C01466,CALL,2026-08-19 09:00:00,9,3,False,,IGNORED
CT-004877,C01466,CALL,2026-08-19 17:00:00,17,4,True,0.87,ANSWERED
CT-004878,C01466,APP_PUSH,2026-08-13 08:00:00,8,3,False,,IGNORED
CT-004879,C01466,CALL,2026-08-11 05:00:00,5,8,False,,IGNORED
CT-004880,C01466,CALL,2026-06-18 08:00:00,8,2,False,,IGNORED
CT-004881,C01466,CALL,2026-06-18 10:00:00,10,5,False,,IGNORED
CT-004882,C01467,SMS,2026-07-19 23:00:00,23,7,True,0.02,ANSWERED
CT-004883,C01467,SMS,2026-08-27 17:00:00,17,3,True,7.09,ANSWERED
CT-004884,C01468,CALL,2026-08-27 14:00:00,14,3,False,,IGNORED
CT-004885,C01469,CALL,2026-09-09 12:00:00,12,4,False,,IGNORED
CT-004886,C01470,APP_PUSH,2026-07-03 12:00:00,12,5,True,1.54,ANSWERED
CT-004887,C01470,SMS,2026-09-01 09:00:00,9,4,True,0.69,ANSWERED
CT-004888,C01470,APP_PUSH,2026-07-06 10:00:00,10,6,True,3.1,ANSWERED
CT-004889,C01471,CALL,2026-09-04 08:00:00,8,3,True,2.13,ANSWERED
CT-004890,C01471,WHATSAPP,2026-06-25 13:00:00,13,0,True,0.66,ANSWERED
CT-004891,C01471,WHATSAPP,2026-07-23 13:00:00,13,2,True,0.02,ANSWERED
CT-004892,C01471,CALL,2026-09-02 14:00:00,14,2,False,,IGNORED
CT-004893,C01471,SMS,2026-08-03 12:00:00,12,5,True,1.87,ANSWERED
CT-004894,C01471,CALL,2026-06-23 11:00:00,11,2,False,,IGNORED
CT-004895,C01471,CALL,2026-08-11 13:00:00,13,3,True,1.62,ANSWERED
CT-004896,C01471,CALL,2026-09-04 13:00:00,13,5,False,,IGNORED
CT-004897,C01471,WHATSAPP,2026-08-13 09:00:00,9,3,True,6.31,ANSWERED
CT-004898,C01471,CALL,2026-09-07 17:00:00,17,1,False,,IGNORED
CT-004899,C01472,APP_PUSH,2026-08-16 11:00:00,11,0,False,,IGNORED
CT-004900,C01472,WHATSAPP,2026-08-19 11:00:00,11,-1,False,,IGNORED
CT-004901,C01472,APP_PUSH,2026-07-07 11:00:00,11,5,False,,IGNORED
CT-004902,C01473,WHATSAPP,2026-08-23 08:00:00,8,3,True,0.35,ANSWERED
CT-004903,C01473,WHATSAPP,2026-09-05 07:00:00,7,8,False,,IGNORED
CT-004904,C01473,SMS,2026-07-28 06:00:00,6,3,False,,IGNORED
CT-004905,C01474,CALL,2026-08-15 17:00:00,17,3,True,3.54,ANSWERED
CT-004906,C01474,CALL,2026-06-22 23:00:00,23,7,False,,IGNORED
CT-004907,C01474,CALL,2026-08-26 23:00:00,23,5,True,0.65,ANSWERED
CT-004908,C01477,CALL,2026-06-15 20:00:00,20,2,False,,IGNORED
CT-004909,C01478,CALL,2026-09-06 11:00:00,11,4,False,,IGNORED
CT-004910,C01478,CALL,2026-07-30 07:00:00,7,-1,False,,IGNORED
CT-004911,C01478,CALL,2026-07-11 10:00:00,10,4,True,0.34,ANSWERED
CT-004912,C01478,CALL,2026-07-01 09:00:00,9,5,False,,IGNORED
CT-004913,C01478,CALL,2026-09-09 08:00:00,8,5,False,,IGNORED
CT-004914,C01478,WHATSAPP,2026-08-08 11:00:00,11,1,True,0.94,ANSWERED
CT-004915,C01478,CALL,2026-08-08 13:00:00,13,2,False,,REJECTED
CT-004916,C01478,CALL,2026-09-06 07:00:00,7,6,True,0.91,ANSWERED
CT-004917,C01479,APP_PUSH,2026-07-24 19:00:00,19,2,False,,IGNORED
CT-004918,C01479,APP_PUSH,2026-07-01 17:00:00,17,5,True,2.69,ANSWERED
CT-004919,C01479,APP_PUSH,2026-07-27 17:00:00,17,5,False,,REJECTED
CT-004920,C01479,APP_PUSH,2026-09-11 14:00:00,14,7,True,1.34,ANSWERED
CT-004921,C01480,SMS,2026-08-11 17:00:00,17,0,False,,IGNORED
CT-004922,C01480,CALL,2026-08-02 23:00:00,23,5,True,3.84,ANSWERED
CT-004923,C01480,WHATSAPP,2026-07-22 19:00:00,19,1,True,0.5,ANSWERED
CT-004924,C01480,SMS,2026-06-26 19:00:00,19,0,False,,IGNORED
CT-004925,C01480,WHATSAPP,2026-08-20 16:00:00,16,3,False,,REJECTED
CT-004926,C01481,SMS,2026-07-06 16:00:00,16,4,False,,IGNORED
CT-004927,C01481,WHATSAPP,2026-07-01 11:00:00,11,1,False,,IGNORED
CT-004928,C01481,WHATSAPP,2026-06-24 18:00:00,18,0,False,,IGNORED
CT-004929,C01482,APP_PUSH,2026-08-18 11:00:00,11,9,True,2.9,ANSWERED
CT-004930,C01482,WHATSAPP,2026-09-07 10:00:00,10,5,True,6.24,ANSWERED
CT-004931,C01482,WHATSAPP,2026-08-10 07:00:00,7,8,False,,IGNORED
CT-004932,C01482,WHATSAPP,2026-06-27 14:00:00,14,5,False,,IGNORED
CT-004933,C01482,WHATSAPP,2026-08-10 12:00:00,12,5,False,,IGNORED
CT-004934,C01482,CALL,2026-08-12 09:00:00,9,5,False,,IGNORED
CT-004935,C01483,CALL,2026-06-26 15:00:00,15,4,False,,IGNORED
CT-004936,C01483,WHATSAPP,2026-09-07 11:00:00,11,2,False,,IGNORED
CT-004937,C01484,CALL,2026-09-01 08:00:00,8,5,False,,IGNORED
CT-004938,C01484,CALL,2026-06-26 10:00:00,10,6,True,0.55,ANSWERED
CT-004939,C01485,WHATSAPP,2026-07-07 06:00:00,6,4,False,,IGNORED
CT-004940,C01485,APP_PUSH,2026-09-05 15:00:00,15,9,False,,REJECTED
CT-004941,C01485,APP_PUSH,2026-06-18 05:00:00,5,9,False,,IGNORED
CT-004942,C01486,WHATSAPP,2026-08-22 19:00:00,19,10,True,1.61,ANSWERED
CT-004943,C01486,WHATSAPP,2026-08-11 16:00:00,16,5,False,,IGNORED
CT-004944,C01486,WHATSAPP,2026-08-22 21:00:00,21,9,True,3.76,ANSWERED
CT-004945,C01487,CALL,2026-07-13 13:00:00,13,3,False,,IGNORED
CT-004946,C01487,SMS,2026-08-23 13:00:00,13,-1,False,,IGNORED
CT-004947,C01487,CALL,2026-08-10 08:00:00,8,0,True,1.14,ANSWERED
CT-004948,C01487,SMS,2026-07-18 12:00:00,12,3,True,3.33,ANSWERED
CT-004949,C01487,SMS,2026-07-03 14:00:00,14,-1,False,,IGNORED
CT-004950,C01487,CALL,2026-06-15 16:00:00,16,5,False,,IGNORED
CT-004951,C01488,WHATSAPP,2026-07-04 13:00:00,13,6,True,5.89,ANSWERED
CT-004952,C01488,WHATSAPP,2026-08-09 08:00:00,8,4,True,2.04,ANSWERED
CT-004953,C01488,WHATSAPP,2026-08-06 12:00:00,12,3,True,6.17,ANSWERED
CT-004954,C01489,CALL,2026-06-28 06:00:00,6,3,False,,IGNORED
CT-004955,C01489,SMS,2026-06-27 12:00:00,12,0,False,,IGNORED
CT-004956,C01490,CALL,2026-07-06 15:00:00,15,6,False,,IGNORED
CT-004957,C01490,CALL,2026-06-19 16:00:00,16,9,True,1.79,ANSWERED
CT-004958,C01490,WHATSAPP,2026-08-14 16:00:00,16,7,False,,IGNORED
CT-004959,C01490,CALL,2026-09-12 12:00:00,12,7,False,,IGNORED
CT-004960,C01490,CALL,2026-07-23 18:00:00,18,5,False,,IGNORED
CT-004961,C01490,SMS,2026-06-26 14:00:00,14,6,False,,IGNORED
CT-004962,C01491,SMS,2026-08-16 13:00:00,13,6,True,2.03,ANSWERED
CT-004963,C01491,APP_PUSH,2026-06-15 12:00:00,12,4,True,0.04,ANSWERED
CT-004964,C01491,SMS,2026-08-27 12:00:00,12,6,False,,IGNORED
CT-004965,C01491,SMS,2026-07-06 08:00:00,8,2,True,0.11,ANSWERED
CT-004966,C01492,APP_PUSH,2026-08-04 07:00:00,7,5,True,1.03,ANSWERED
CT-004967,C01492,APP_PUSH,2026-08-11 04:00:00,4,4,False,,IGNORED
CT-004968,C01493,CALL,2026-07-20 17:00:00,17,2,False,,IGNORED
CT-004969,C01493,WHATSAPP,2026-07-14 22:00:00,22,1,True,0.09,ANSWERED
CT-004970,C01494,APP_PUSH,2026-06-17 16:00:00,16,7,False,,IGNORED
CT-004971,C01494,APP_PUSH,2026-07-24 19:00:00,19,4,True,2.92,ANSWERED
CT-004972,C01494,APP_PUSH,2026-07-26 15:00:00,15,5,True,4.45,ANSWERED
CT-004973,C01495,WHATSAPP,2026-08-20 10:00:00,10,4,False,,IGNORED
CT-004974,C01495,SMS,2026-08-14 13:00:00,13,6,False,,IGNORED
CT-004975,C01495,WHATSAPP,2026-07-03 14:00:00,14,0,False,,IGNORED
CT-004976,C01495,SMS,2026-08-15 17:00:00,17,6,False,,IGNORED
CT-004977,C01495,WHATSAPP,2026-07-26 12:00:00,12,4,False,,IGNORED
CT-004978,C01495,APP_PUSH,2026-07-30 12:00:00,12,1,False,,IGNORED
CT-004979,C01496,CALL,2026-08-24 20:00:00,20,10,True,1.11,ANSWERED
CT-004980,C01496,CALL,2026-06-16 15:00:00,15,9,True,0.13,ANSWERED
CT-004981,C01497,CALL,2026-07-11 15:00:00,15,6,False,,IGNORED
CT-004982,C01497,CALL,2026-09-08 11:00:00,11,5,False,,BOUNCED
CT-004983,C01497,APP_PUSH,2026-07-06 13:00:00,13,5,False,,IGNORED
CT-004984,C01497,SMS,2026-08-04 13:00:00,13,7,False,,IGNORED
CT-004985,C01497,CALL,2026-08-15 14:00:00,14,4,True,2.55,ANSWERED
CT-004986,C01497,WHATSAPP,2026-06-30 13:00:00,13,1,True,4.35,ANSWERED
CT-004987,C01497,SMS,2026-08-13 17:00:00,17,3,True,3.41,ANSWERED
CT-004988,C01497,APP_PUSH,2026-08-14 17:00:00,17,5,False,,IGNORED
CT-004989,C01498,WHATSAPP,2026-08-29 14:00:00,14,4,False,,IGNORED
CT-004990,C01498,WHATSAPP,2026-06-24 16:00:00,16,7,False,,IGNORED
CT-004991,C01498,CALL,2026-08-09 14:00:00,14,6,False,,IGNORED
CT-004992,C01498,CALL,2026-09-01 14:00:00,14,7,True,0.4,ANSWERED
CT-004993,C01499,APP_PUSH,2026-08-16 20:00:00,20,0,False,,IGNORED
CT-004994,C01499,CALL,2026-07-23 19:00:00,19,5,True,4.29,ANSWERED
CT-004995,C01500,WHATSAPP,2026-09-12 15:00:00,15,6,False,,IGNORED
CT-004996,C01501,APP_PUSH,2026-07-11 09:00:00,9,7,False,,REJECTED
CT-004997,C01502,CALL,2026-08-30 07:00:00,7,9,True,3.94,ANSWERED
CT-004998,C01502,SMS,2026-06-28 11:00:00,11,6,False,,REJECTED
CT-004999,C01502,CALL,2026-08-26 11:00:00,11,6,True,0.09,ANSWERED
CT-005000,C01502,CALL,2026-07-25 18:00:00,18,8,False,,IGNORED
CT-005001,C01502,SMS,2026-07-30 11:00:00,11,9,False,,IGNORED
CT-005002,C01502,CALL,2026-08-25 00:00:00,0,7,True,16.06,ANSWERED
CT-005003,C01502,CALL,2026-08-14 12:00:00,12,7,True,1.18,ANSWERED
CT-005004,C01502,CALL,2026-08-12 07:00:00,7,6,False,,IGNORED
CT-005005,C01502,WHATSAPP,2026-07-05 09:00:00,9,6,False,,IGNORED
CT-005006,C01503,APP_PUSH,2026-09-04 17:00:00,17,4,False,,IGNORED
CT-005007,C01503,CALL,2026-09-06 20:00:00,20,7,False,,IGNORED
CT-005008,C01503,APP_PUSH,2026-08-01 11:00:00,11,7,False,,IGNORED
CT-005009,C01504,APP_PUSH,2026-09-06 04:00:00,4,2,True,0.26,ANSWERED
CT-005010,C01504,CALL,2026-07-08 14:00:00,14,2,False,,IGNORED
CT-005011,C01505,CALL,2026-08-21 20:00:00,20,2,True,2.77,ANSWERED
CT-005012,C01505,APP_PUSH,2026-09-01 22:00:00,22,6,False,,REJECTED
CT-005013,C01505,APP_PUSH,2026-09-11 19:00:00,19,5,False,,IGNORED
CT-005014,C01505,APP_PUSH,2026-06-16 17:00:00,17,0,False,,IGNORED
CT-005015,C01505,CALL,2026-07-14 15:00:00,15,4,False,,IGNORED
CT-005016,C01505,APP_PUSH,2026-06-30 17:00:00,17,4,False,,IGNORED
CT-005017,C01506,WHATSAPP,2026-07-25 08:00:00,8,4,True,0.83,ANSWERED
CT-005018,C01506,SMS,2026-07-18 09:00:00,9,2,False,,IGNORED
CT-005019,C01506,APP_PUSH,2026-08-12 08:00:00,8,5,False,,IGNORED
CT-005020,C01506,SMS,2026-08-15 10:00:00,10,6,False,,IGNORED
CT-005021,C01507,WHATSAPP,2026-08-22 17:00:00,17,4,False,,IGNORED
CT-005022,C01507,APP_PUSH,2026-06-21 13:00:00,13,4,False,,IGNORED
CT-005023,C01508,APP_PUSH,2026-08-16 14:00:00,14,6,False,,IGNORED
CT-005024,C01508,WHATSAPP,2026-07-04 12:00:00,12,4,False,,IGNORED
CT-005025,C01508,WHATSAPP,2026-07-28 09:00:00,9,6,False,,IGNORED
CT-005026,C01508,SMS,2026-08-22 11:00:00,11,4,False,,IGNORED
CT-005027,C01509,APP_PUSH,2026-07-26 21:00:00,21,6,True,1.21,ANSWERED
CT-005028,C01509,CALL,2026-08-13 19:00:00,19,5,True,0.33,ANSWERED
CT-005029,C01509,SMS,2026-08-15 18:00:00,18,2,True,2.16,ANSWERED
CT-005030,C01509,CALL,2026-08-21 16:00:00,16,0,True,0.65,ANSWERED
CT-005031,C01510,WHATSAPP,2026-08-07 16:00:00,16,2,False,,REJECTED
CT-005032,C01511,CALL,2026-07-04 11:00:00,11,1,False,,IGNORED
CT-005033,C01511,CALL,2026-06-20 09:00:00,9,5,True,1.02,ANSWERED
CT-005034,C01511,CALL,2026-07-26 14:00:00,14,6,False,,IGNORED
CT-005035,C01512,WHATSAPP,2026-07-04 06:00:00,6,5,False,,IGNORED
CT-005036,C01512,WHATSAPP,2026-07-20 13:00:00,13,6,True,1.43,ANSWERED
CT-005037,C01512,SMS,2026-06-25 04:00:00,4,6,False,,IGNORED
CT-005038,C01513,SMS,2026-08-20 17:00:00,17,5,False,,IGNORED
CT-005039,C01513,APP_PUSH,2026-08-07 03:00:00,3,8,False,,REJECTED
CT-005040,C01514,CALL,2026-08-28 21:00:00,21,3,True,1.14,ANSWERED
CT-005041,C01515,SMS,2026-06-23 09:00:00,9,0,False,,IGNORED
CT-005042,C01515,WHATSAPP,2026-07-24 07:00:00,7,3,True,1.5,ANSWERED
CT-005043,C01515,SMS,2026-06-22 09:00:00,9,4,False,,IGNORED
CT-005044,C01516,WHATSAPP,2026-08-09 06:00:00,6,4,False,,REJECTED
CT-005045,C01516,APP_PUSH,2026-07-01 13:00:00,13,3,True,1.48,ANSWERED
CT-005046,C01517,SMS,2026-09-05 17:00:00,17,7,False,,IGNORED
CT-005047,C01517,APP_PUSH,2026-07-15 11:00:00,11,9,False,,IGNORED
CT-005048,C01517,WHATSAPP,2026-09-04 13:00:00,13,11,False,,REJECTED
CT-005049,C01517,WHATSAPP,2026-06-18 21:00:00,21,12,False,,IGNORED
CT-005050,C01518,CALL,2026-08-17 13:00:00,13,2,False,,IGNORED
CT-005051,C01518,CALL,2026-08-24 07:00:00,7,5,True,0.04,ANSWERED
CT-005052,C01518,SMS,2026-06-28 13:00:00,13,1,False,,IGNORED
CT-005053,C01518,APP_PUSH,2026-08-02 08:00:00,8,1,False,,IGNORED
CT-005054,C01518,APP_PUSH,2026-08-08 06:00:00,6,0,False,,IGNORED
CT-005055,C01518,APP_PUSH,2026-08-30 11:00:00,11,0,True,1.38,ANSWERED
CT-005056,C01519,SMS,2026-07-20 07:00:00,7,6,False,,IGNORED
CT-005057,C01519,WHATSAPP,2026-08-30 12:00:00,12,7,True,0.83,ANSWERED
CT-005058,C01519,WHATSAPP,2026-07-03 05:00:00,5,8,True,0.43,ANSWERED
CT-005059,C01519,SMS,2026-09-06 09:00:00,9,7,False,,IGNORED
CT-005060,C01519,WHATSAPP,2026-07-18 06:00:00,6,6,False,,IGNORED
CT-005061,C01519,WHATSAPP,2026-07-04 03:00:00,3,3,False,,IGNORED
CT-005062,C01520,CALL,2026-08-17 23:00:00,23,1,False,,IGNORED
CT-005063,C01520,WHATSAPP,2026-07-01 18:00:00,18,1,False,,IGNORED
CT-005064,C01521,SMS,2026-07-03 14:00:00,14,3,False,,IGNORED
CT-005065,C01521,SMS,2026-06-15 18:00:00,18,6,True,0.71,ANSWERED
CT-005066,C01521,CALL,2026-07-22 13:00:00,13,8,True,1.69,ANSWERED
CT-005067,C01521,CALL,2026-08-01 18:00:00,18,6,False,,REJECTED
CT-005068,C01522,CALL,2026-07-01 05:00:00,5,5,True,1.68,ANSWERED
CT-005069,C01522,CALL,2026-06-26 14:00:00,14,6,False,,REJECTED
CT-005070,C01523,APP_PUSH,2026-08-05 13:00:00,13,1,False,,IGNORED
CT-005071,C01523,APP_PUSH,2026-06-28 13:00:00,13,2,True,0.13,ANSWERED
CT-005072,C01523,APP_PUSH,2026-06-26 08:00:00,8,2,False,,BOUNCED
CT-005073,C01524,SMS,2026-08-26 13:00:00,13,6,True,1.69,ANSWERED
CT-005074,C01524,WHATSAPP,2026-07-14 09:00:00,9,3,True,1.84,ANSWERED
CT-005075,C01524,SMS,2026-06-25 04:00:00,4,4,False,,IGNORED
CT-005076,C01524,WHATSAPP,2026-06-19 07:00:00,7,4,False,,IGNORED
CT-005077,C01525,SMS,2026-08-02 05:00:00,5,1,False,,IGNORED
CT-005078,C01525,APP_PUSH,2026-09-12 07:00:00,7,2,False,,IGNORED
CT-005079,C01525,SMS,2026-08-25 04:00:00,4,0,True,1.08,ANSWERED
CT-005080,C01526,APP_PUSH,2026-07-28 15:00:00,15,1,False,,IGNORED
CT-005081,C01526,CALL,2026-08-14 19:00:00,19,6,True,3.4,ANSWERED
CT-005082,C01527,SMS,2026-07-18 05:00:00,5,5,True,1.78,ANSWERED
CT-005083,C01527,APP_PUSH,2026-08-15 10:00:00,10,6,False,,IGNORED
CT-005084,C01527,SMS,2026-09-07 08:00:00,8,6,True,3.31,ANSWERED
CT-005085,C01527,APP_PUSH,2026-07-29 13:00:00,13,5,False,,IGNORED
CT-005086,C01528,CALL,2026-09-04 19:00:00,19,2,True,4.25,ANSWERED
CT-005087,C01528,CALL,2026-08-10 18:00:00,18,8,False,,IGNORED
CT-005088,C01528,CALL,2026-08-14 18:00:00,18,6,True,3.34,ANSWERED
CT-005089,C01528,WHATSAPP,2026-06-18 16:00:00,16,5,False,,REJECTED
CT-005090,C01528,CALL,2026-08-26 23:00:00,23,3,False,,IGNORED
CT-005091,C01528,CALL,2026-06-27 17:00:00,17,4,False,,IGNORED
CT-005092,C01529,SMS,2026-07-01 20:00:00,20,5,False,,IGNORED
CT-005093,C01530,APP_PUSH,2026-08-05 13:00:00,13,6,False,,IGNORED
CT-005094,C01531,APP_PUSH,2026-07-09 05:00:00,5,0,False,,IGNORED
CT-005095,C01531,APP_PUSH,2026-07-10 05:00:00,5,7,True,0.38,ANSWERED
CT-005096,C01531,APP_PUSH,2026-06-22 05:00:00,5,4,False,,IGNORED
CT-005097,C01532,WHATSAPP,2026-06-30 12:00:00,12,2,True,0.77,ANSWERED
CT-005098,C01532,SMS,2026-07-31 12:00:00,12,4,True,0.44,ANSWERED
CT-005099,C01532,SMS,2026-08-29 10:00:00,10,3,True,0.17,ANSWERED
CT-005100,C01532,SMS,2026-08-20 08:00:00,8,7,False,,IGNORED
CT-005101,C01532,WHATSAPP,2026-08-14 13:00:00,13,3,False,,IGNORED
CT-005102,C01532,WHATSAPP,2026-08-25 09:00:00,9,3,False,,IGNORED
CT-005103,C01533,SMS,2026-07-31 08:00:00,8,8,True,0.34,ANSWERED
CT-005104,C01534,SMS,2026-09-06 12:00:00,12,9,False,,BOUNCED
CT-005105,C01534,WHATSAPP,2026-09-03 14:00:00,14,8,False,,IGNORED
CT-005106,C01535,CALL,2026-06-20 19:00:00,19,7,False,,IGNORED
CT-005107,C01535,CALL,2026-06-23 14:00:00,14,5,False,,IGNORED
CT-005108,C01536,SMS,2026-07-27 17:00:00,17,3,True,4.76,ANSWERED
CT-005109,C01536,APP_PUSH,2026-07-08 21:00:00,21,6,False,,IGNORED
CT-005110,C01536,SMS,2026-08-14 23:00:00,23,5,False,,IGNORED
CT-005111,C01536,APP_PUSH,2026-08-03 23:00:00,23,3,False,,IGNORED
CT-005112,C01536,SMS,2026-06-30 17:00:00,17,5,True,1.51,ANSWERED
CT-005113,C01536,SMS,2026-08-24 19:00:00,19,2,True,5.08,ANSWERED
CT-005114,C01536,SMS,2026-07-31 17:00:00,17,6,False,,IGNORED
CT-005115,C01537,CALL,2026-08-07 21:00:00,21,2,False,,IGNORED
CT-005116,C01537,CALL,2026-09-07 23:00:00,23,3,False,,IGNORED
CT-005117,C01537,CALL,2026-09-03 22:00:00,22,0,False,,IGNORED
CT-005118,C01537,SMS,2026-08-22 18:00:00,18,4,True,0.04,ANSWERED
CT-005119,C01537,SMS,2026-08-29 18:00:00,18,7,True,1.0,ANSWERED
CT-005120,C01538,CALL,2026-08-05 23:00:00,23,1,False,,IGNORED
CT-005121,C01538,APP_PUSH,2026-09-09 19:00:00,19,2,True,2.21,ANSWERED
CT-005122,C01539,SMS,2026-07-14 11:00:00,11,2,False,,IGNORED
CT-005123,C01539,SMS,2026-08-01 17:00:00,17,3,True,3.07,ANSWERED
CT-005124,C01539,SMS,2026-06-30 16:00:00,16,4,True,1.07,ANSWERED
CT-005125,C01539,SMS,2026-07-18 20:00:00,20,2,False,,IGNORED
CT-005126,C01540,SMS,2026-08-11 15:00:00,15,0,False,,REJECTED
CT-005127,C01540,CALL,2026-08-01 10:00:00,10,0,False,,IGNORED
CT-005128,C01540,WHATSAPP,2026-07-13 17:00:00,17,0,False,,IGNORED
CT-005129,C01540,APP_PUSH,2026-08-02 15:00:00,15,1,True,2.93,ANSWERED
CT-005130,C01540,WHATSAPP,2026-07-02 08:00:00,8,4,False,,BOUNCED
CT-005131,C01540,WHATSAPP,2026-07-12 12:00:00,12,2,False,,BOUNCED
CT-005132,C01540,WHATSAPP,2026-08-25 11:00:00,11,0,False,,IGNORED
CT-005133,C01540,SMS,2026-08-24 08:00:00,8,2,False,,IGNORED
CT-005134,C01541,CALL,2026-09-02 17:00:00,17,7,True,2.91,ANSWERED
CT-005135,C01541,APP_PUSH,2026-09-05 15:00:00,15,7,False,,REJECTED
CT-005136,C01542,SMS,2026-07-10 18:00:00,18,3,False,,REJECTED
CT-005137,C01542,APP_PUSH,2026-07-09 19:00:00,19,3,False,,IGNORED
CT-005138,C01542,WHATSAPP,2026-07-13 22:00:00,22,4,False,,IGNORED
CT-005139,C01542,WHATSAPP,2026-06-25 16:00:00,16,4,False,,IGNORED
CT-005140,C01543,APP_PUSH,2026-07-22 05:00:00,5,5,False,,IGNORED
CT-005141,C01544,SMS,2026-07-05 10:00:00,10,0,False,,IGNORED
CT-005142,C01544,WHATSAPP,2026-08-18 10:00:00,10,3,False,,IGNORED
CT-005143,C01544,APP_PUSH,2026-08-10 11:00:00,11,2,False,,IGNORED
CT-005144,C01545,WHATSAPP,2026-07-16 11:00:00,11,6,False,,IGNORED
CT-005145,C01546,SMS,2026-08-01 18:00:00,18,2,True,3.0,ANSWERED
CT-005146,C01546,WHATSAPP,2026-07-30 17:00:00,17,8,False,,IGNORED
CT-005147,C01547,APP_PUSH,2026-08-09 05:00:00,5,7,True,4.36,ANSWERED
CT-005148,C01547,APP_PUSH,2026-07-24 05:00:00,5,4,False,,IGNORED
CT-005149,C01547,APP_PUSH,2026-08-06 07:00:00,7,6,False,,IGNORED
CT-005150,C01548,SMS,2026-06-17 23:00:00,23,6,True,1.32,ANSWERED
CT-005151,C01548,SMS,2026-07-24 17:00:00,17,1,False,,IGNORED
CT-005152,C01548,SMS,2026-06-28 17:00:00,17,2,False,,IGNORED
CT-005153,C01548,SMS,2026-07-01 21:00:00,21,4,True,0.23,ANSWERED
CT-005154,C01548,WHATSAPP,2026-07-03 15:00:00,15,4,False,,IGNORED
CT-005155,C01548,SMS,2026-08-14 23:00:00,23,6,False,,REJECTED
CT-005156,C01548,SMS,2026-07-08 19:00:00,19,1,False,,IGNORED
CT-005157,C01548,SMS,2026-08-20 21:00:00,21,0,False,,IGNORED
CT-005158,C01548,APP_PUSH,2026-08-09 17:00:00,17,4,False,,IGNORED
CT-005159,C01549,WHATSAPP,2026-08-16 20:00:00,20,6,True,1.11,ANSWERED
CT-005160,C01549,SMS,2026-06-30 23:00:00,23,7,True,3.55,ANSWERED
CT-005161,C01549,SMS,2026-06-19 23:00:00,23,3,False,,IGNORED
CT-005162,C01549,SMS,2026-06-30 18:00:00,18,5,True,2.87,ANSWERED
CT-005163,C01552,SMS,2026-07-10 14:00:00,14,1,False,,REJECTED
CT-005164,C01553,WHATSAPP,2026-07-12 18:00:00,18,8,False,,IGNORED
CT-005165,C01553,APP_PUSH,2026-09-02 20:00:00,20,6,False,,IGNORED
CT-005166,C01553,WHATSAPP,2026-09-05 19:00:00,19,7,True,0.02,ANSWERED
CT-005167,C01553,WHATSAPP,2026-08-11 16:00:00,16,4,True,1.84,ANSWERED
CT-005168,C01553,CALL,2026-06-17 14:00:00,14,2,False,,BOUNCED
CT-005169,C01554,APP_PUSH,2026-07-28 13:00:00,13,7,True,2.43,ANSWERED
CT-005170,C01554,APP_PUSH,2026-06-18 10:00:00,10,9,False,,IGNORED
CT-005171,C01554,SMS,2026-08-07 15:00:00,15,5,False,,REJECTED
CT-005172,C01554,WHATSAPP,2026-07-12 10:00:00,10,12,False,,IGNORED
CT-005173,C01554,APP_PUSH,2026-06-21 11:00:00,11,7,True,1.97,ANSWERED
CT-005174,C01554,APP_PUSH,2026-06-30 08:00:00,8,7,False,,IGNORED
CT-005175,C01555,CALL,2026-09-07 00:00:00,0,9,False,,REJECTED
CT-005176,C01555,WHATSAPP,2026-08-25 06:00:00,6,2,False,,IGNORED
CT-005177,C01555,SMS,2026-07-09 09:00:00,9,5,False,,IGNORED
CT-005178,C01555,WHATSAPP,2026-07-27 09:00:00,9,9,True,0.73,ANSWERED
CT-005179,C01556,WHATSAPP,2026-07-18 16:00:00,16,2,False,,IGNORED
CT-005180,C01556,APP_PUSH,2026-07-01 13:00:00,13,5,False,,REJECTED
CT-005181,C01557,APP_PUSH,2026-07-20 16:00:00,16,6,False,,IGNORED
CT-005182,C01557,APP_PUSH,2026-08-22 17:00:00,17,5,False,,IGNORED
CT-005183,C01557,APP_PUSH,2026-07-16 17:00:00,17,2,True,2.19,ANSWERED
CT-005184,C01557,APP_PUSH,2026-07-22 20:00:00,20,3,False,,IGNORED
CT-005185,C01557,APP_PUSH,2026-08-01 15:00:00,15,6,True,2.76,ANSWERED
CT-005186,C01557,APP_PUSH,2026-08-13 20:00:00,20,3,False,,BOUNCED
CT-005187,C01557,APP_PUSH,2026-07-16 19:00:00,19,8,False,,IGNORED
CT-005188,C01557,APP_PUSH,2026-07-09 18:00:00,18,7,True,3.99,ANSWERED
CT-005189,C01557,APP_PUSH,2026-07-29 18:00:00,18,1,True,7.19,ANSWERED
CT-005190,C01557,APP_PUSH,2026-07-17 15:00:00,15,5,False,,REJECTED
CT-005191,C01557,APP_PUSH,2026-07-29 13:00:00,13,5,True,2.21,ANSWERED
CT-005192,C01558,SMS,2026-09-01 12:00:00,12,8,False,,IGNORED
CT-005193,C01558,SMS,2026-07-10 05:00:00,5,8,True,3.53,ANSWERED
CT-005194,C01559,SMS,2026-08-14 09:00:00,9,7,False,,IGNORED
CT-005195,C01559,SMS,2026-06-29 10:00:00,10,7,True,5.76,ANSWERED
CT-005196,C01560,CALL,2026-06-30 19:00:00,19,4,False,,IGNORED
CT-005197,C01560,APP_PUSH,2026-07-29 13:00:00,13,8,False,,IGNORED
CT-005198,C01560,SMS,2026-07-27 15:00:00,15,5,True,1.0,ANSWERED
CT-005199,C01561,WHATSAPP,2026-08-26 20:00:00,20,5,False,,IGNORED
CT-005200,C01561,APP_PUSH,2026-08-03 20:00:00,20,3,True,0.34,ANSWERED
CT-005201,C01561,APP_PUSH,2026-07-17 20:00:00,20,6,True,1.04,ANSWERED
CT-005202,C01561,APP_PUSH,2026-07-31 12:00:00,12,0,True,0.62,ANSWERED
CT-005203,C01561,SMS,2026-07-05 23:00:00,23,7,False,,IGNORED
CT-005204,C01563,APP_PUSH,2026-07-07 13:00:00,13,7,False,,IGNORED
CT-005205,C01563,APP_PUSH,2026-07-10 06:00:00,6,5,False,,IGNORED
CT-005206,C01564,SMS,2026-07-06 17:00:00,17,5,False,,REJECTED
CT-005207,C01564,SMS,2026-08-05 18:00:00,18,6,False,,IGNORED
CT-005208,C01564,APP_PUSH,2026-07-24 16:00:00,16,5,False,,REJECTED
CT-005209,C01565,CALL,2026-08-12 08:00:00,8,2,True,0.95,ANSWERED
CT-005210,C01566,SMS,2026-07-09 09:00:00,9,6,False,,IGNORED
CT-005211,C01566,APP_PUSH,2026-06-27 17:00:00,17,7,True,3.21,ANSWERED
CT-005212,C01566,APP_PUSH,2026-09-11 19:00:00,19,1,False,,IGNORED
CT-005213,C01566,WHATSAPP,2026-07-11 14:00:00,14,2,False,,IGNORED
CT-005214,C01567,APP_PUSH,2026-09-11 16:00:00,16,4,True,3.64,ANSWERED
CT-005215,C01567,SMS,2026-08-29 19:00:00,19,4,False,,REJECTED
CT-005216,C01567,APP_PUSH,2026-06-23 12:00:00,12,0,False,,IGNORED
CT-005217,C01568,SMS,2026-08-01 10:00:00,10,4,False,,IGNORED
CT-005218,C01568,CALL,2026-07-19 06:00:00,6,0,False,,IGNORED
CT-005219,C01568,CALL,2026-09-07 10:00:00,10,2,False,,BOUNCED
CT-005220,C01568,SMS,2026-09-11 10:00:00,10,3,False,,IGNORED
CT-005221,C01569,SMS,2026-08-17 11:00:00,11,7,False,,IGNORED
CT-005222,C01569,CALL,2026-07-02 07:00:00,7,7,False,,IGNORED
CT-005223,C01569,SMS,2026-06-22 03:00:00,3,4,False,,IGNORED
CT-005224,C01569,CALL,2026-08-11 06:00:00,6,5,False,,IGNORED
CT-005225,C01570,SMS,2026-09-01 08:00:00,8,4,False,,IGNORED
CT-005226,C01570,CALL,2026-06-26 07:00:00,7,5,False,,IGNORED
CT-005227,C01570,SMS,2026-09-02 09:00:00,9,7,False,,IGNORED
CT-005228,C01570,CALL,2026-07-22 06:00:00,6,3,False,,IGNORED
CT-005229,C01571,CALL,2026-06-27 14:00:00,14,5,False,,IGNORED
CT-005230,C01572,CALL,2026-08-29 04:00:00,4,3,True,2.46,ANSWERED
CT-005231,C01572,CALL,2026-08-27 11:00:00,11,5,False,,REJECTED
CT-005232,C01572,SMS,2026-09-11 06:00:00,6,4,False,,IGNORED
CT-005233,C01572,SMS,2026-07-08 08:00:00,8,4,False,,IGNORED
CT-005234,C01572,SMS,2026-07-05 05:00:00,5,3,False,,REJECTED
CT-005235,C01572,CALL,2026-07-06 07:00:00,7,6,False,,IGNORED
CT-005236,C01572,CALL,2026-06-20 12:00:00,12,6,True,0.49,ANSWERED
CT-005237,C01572,CALL,2026-07-10 04:00:00,4,8,False,,REJECTED
CT-005238,C01572,CALL,2026-07-10 03:00:00,3,4,True,1.79,ANSWERED
CT-005239,C01573,APP_PUSH,2026-08-18 19:00:00,19,3,True,2.03,ANSWERED
CT-005240,C01573,APP_PUSH,2026-08-17 18:00:00,18,6,False,,IGNORED
CT-005241,C01574,APP_PUSH,2026-07-30 20:00:00,20,0,False,,IGNORED
CT-005242,C01574,APP_PUSH,2026-08-13 12:00:00,12,4,False,,IGNORED
CT-005243,C01574,SMS,2026-07-27 20:00:00,20,3,False,,IGNORED
CT-005244,C01574,APP_PUSH,2026-07-12 22:00:00,22,2,False,,IGNORED
CT-005245,C01575,WHATSAPP,2026-08-08 22:00:00,22,10,True,0.26,ANSWERED
CT-005246,C01576,WHATSAPP,2026-07-26 14:00:00,14,7,False,,REJECTED
CT-005247,C01576,APP_PUSH,2026-08-31 12:00:00,12,4,True,1.26,ANSWERED
CT-005248,C01576,CALL,2026-08-12 09:00:00,9,7,True,0.49,ANSWERED
CT-005249,C01576,WHATSAPP,2026-06-24 12:00:00,12,6,False,,IGNORED
CT-005250,C01577,WHATSAPP,2026-07-16 15:00:00,15,4,True,6.01,ANSWERED
CT-005251,C01577,CALL,2026-08-28 12:00:00,12,8,False,,IGNORED
CT-005252,C01578,WHATSAPP,2026-06-17 16:00:00,16,9,True,2.35,ANSWERED
CT-005253,C01578,WHATSAPP,2026-08-27 17:00:00,17,6,True,0.68,ANSWERED
CT-005254,C01579,WHATSAPP,2026-06-30 07:00:00,7,4,True,5.72,ANSWERED
CT-005255,C01579,APP_PUSH,2026-08-21 12:00:00,12,8,True,3.14,ANSWERED
CT-005256,C01579,APP_PUSH,2026-07-16 07:00:00,7,4,True,0.05,ANSWERED
CT-005257,C01579,WHATSAPP,2026-08-16 09:00:00,9,6,False,,IGNORED
CT-005258,C01579,SMS,2026-08-24 07:00:00,7,7,False,,IGNORED
CT-005259,C01579,APP_PUSH,2026-07-02 02:00:00,2,7,True,5.2,ANSWERED
CT-005260,C01580,SMS,2026-06-18 17:00:00,17,4,False,,IGNORED
CT-005261,C01580,SMS,2026-08-27 14:00:00,14,7,True,4.0,ANSWERED
CT-005262,C01581,APP_PUSH,2026-08-16 14:00:00,14,7,False,,IGNORED
CT-005263,C01582,APP_PUSH,2026-08-23 14:00:00,14,3,True,1.78,ANSWERED
CT-005264,C01582,WHATSAPP,2026-07-15 14:00:00,14,5,False,,IGNORED
CT-005265,C01583,APP_PUSH,2026-08-13 10:00:00,10,6,True,0.86,ANSWERED
CT-005266,C01584,APP_PUSH,2026-06-16 23:00:00,23,4,True,0.67,ANSWERED
CT-005267,C01584,APP_PUSH,2026-06-30 20:00:00,20,2,False,,IGNORED
CT-005268,C01585,CALL,2026-09-09 19:00:00,19,2,False,,REJECTED
CT-005269,C01585,CALL,2026-08-16 16:00:00,16,2,False,,REJECTED
CT-005270,C01585,CALL,2026-09-12 13:00:00,13,3,False,,IGNORED
CT-005271,C01585,CALL,2026-08-27 22:00:00,22,3,True,12.83,ANSWERED
CT-005272,C01585,APP_PUSH,2026-07-30 20:00:00,20,3,True,3.43,ANSWERED
CT-005273,C01586,WHATSAPP,2026-07-19 10:00:00,10,6,True,3.99,ANSWERED
CT-005274,C01586,WHATSAPP,2026-07-31 14:00:00,14,4,False,,IGNORED
CT-005275,C01586,CALL,2026-09-06 07:00:00,7,1,False,,IGNORED
CT-005276,C01586,SMS,2026-07-05 11:00:00,11,7,False,,IGNORED
CT-005277,C01586,SMS,2026-08-09 07:00:00,7,8,False,,IGNORED
CT-005278,C01586,APP_PUSH,2026-07-09 13:00:00,13,8,False,,IGNORED
CT-005279,C01586,APP_PUSH,2026-08-28 09:00:00,9,7,False,,IGNORED
CT-005280,C01587,SMS,2026-07-08 12:00:00,12,7,False,,IGNORED
CT-005281,C01587,WHATSAPP,2026-08-10 14:00:00,14,7,False,,IGNORED
CT-005282,C01587,APP_PUSH,2026-07-27 13:00:00,13,6,False,,REJECTED
CT-005283,C01587,SMS,2026-07-09 17:00:00,17,8,False,,REJECTED
CT-005284,C01587,APP_PUSH,2026-09-12 15:00:00,15,8,True,1.25,ANSWERED
CT-005285,C01587,CALL,2026-06-20 08:00:00,8,10,True,0.65,ANSWERED
CT-005286,C01588,CALL,2026-07-29 17:00:00,17,7,True,1.05,ANSWERED
CT-005287,C01589,SMS,2026-07-26 07:00:00,7,2,True,2.78,ANSWERED
CT-005288,C01589,CALL,2026-08-05 12:00:00,12,4,False,,REJECTED
CT-005289,C01589,WHATSAPP,2026-07-01 11:00:00,11,9,False,,IGNORED
CT-005290,C01589,SMS,2026-08-23 06:00:00,6,6,False,,REJECTED
CT-005291,C01590,WHATSAPP,2026-07-21 22:00:00,22,3,False,,IGNORED
CT-005292,C01591,APP_PUSH,2026-08-12 15:00:00,15,0,False,,REJECTED
CT-005293,C01591,WHATSAPP,2026-08-11 21:00:00,21,1,False,,REJECTED
CT-005294,C01591,APP_PUSH,2026-06-16 14:00:00,14,2,False,,IGNORED
CT-005295,C01593,APP_PUSH,2026-08-26 05:00:00,5,4,False,,IGNORED
CT-005296,C01593,APP_PUSH,2026-08-14 08:00:00,8,6,False,,IGNORED
CT-005297,C01593,WHATSAPP,2026-09-04 04:00:00,4,6,False,,IGNORED
CT-005298,C01593,SMS,2026-07-23 05:00:00,5,3,True,1.36,ANSWERED
CT-005299,C01593,WHATSAPP,2026-08-29 08:00:00,8,6,False,,BOUNCED
CT-005300,C01593,APP_PUSH,2026-08-25 07:00:00,7,5,False,,IGNORED
CT-005301,C01593,WHATSAPP,2026-08-27 11:00:00,11,3,False,,IGNORED
CT-005302,C01594,SMS,2026-09-04 18:00:00,18,6,False,,IGNORED
CT-005303,C01594,SMS,2026-09-12 19:00:00,19,7,False,,IGNORED
CT-005304,C01594,WHATSAPP,2026-08-06 08:00:00,8,5,False,,IGNORED
CT-005305,C01595,SMS,2026-08-13 20:00:00,20,5,False,,IGNORED
CT-005306,C01595,SMS,2026-09-10 18:00:00,18,2,False,,IGNORED
CT-005307,C01595,SMS,2026-08-03 13:00:00,13,5,True,0.96,ANSWERED
CT-005308,C01595,WHATSAPP,2026-08-22 22:00:00,22,7,False,,IGNORED
CT-005309,C01595,SMS,2026-09-08 18:00:00,18,3,True,0.68,ANSWERED
CT-005310,C01595,APP_PUSH,2026-07-15 17:00:00,17,4,True,1.39,ANSWERED
CT-005311,C01596,WHATSAPP,2026-09-03 10:00:00,10,3,False,,IGNORED
CT-005312,C01596,APP_PUSH,2026-09-02 02:00:00,2,2,False,,IGNORED
CT-005313,C01596,CALL,2026-09-08 05:00:00,5,2,False,,IGNORED
CT-005314,C01597,CALL,2026-06-29 23:00:00,23,6,True,5.28,ANSWERED
CT-005315,C01597,SMS,2026-08-20 23:00:00,23,5,True,0.84,ANSWERED
CT-005316,C01597,SMS,2026-08-03 21:00:00,21,4,True,0.66,ANSWERED
CT-005317,C01598,APP_PUSH,2026-07-30 20:00:00,20,8,False,,REJECTED
CT-005318,C01598,WHATSAPP,2026-06-25 14:00:00,14,4,False,,IGNORED
CT-005319,C01598,CALL,2026-07-19 17:00:00,17,6,True,0.75,ANSWERED
CT-005320,C01599,WHATSAPP,2026-09-10 13:00:00,13,2,True,4.06,ANSWERED
CT-005321,C01599,WHATSAPP,2026-07-28 12:00:00,12,2,False,,REJECTED
CT-005322,C01599,WHATSAPP,2026-09-02 08:00:00,8,1,False,,REJECTED
CT-005323,C01600,SMS,2026-07-15 12:00:00,12,6,True,0.3,ANSWERED
CT-005324,C01600,CALL,2026-07-09 15:00:00,15,7,False,,IGNORED
CT-005325,C01601,CALL,2026-08-23 07:00:00,7,8,False,,IGNORED
CT-005326,C01601,WHATSAPP,2026-08-26 14:00:00,14,6,False,,IGNORED
CT-005327,C01601,APP_PUSH,2026-07-19 06:00:00,6,7,False,,IGNORED
CT-005328,C01601,SMS,2026-09-05 08:00:00,8,6,False,,IGNORED
CT-005329,C01601,CALL,2026-06-25 11:00:00,11,8,True,0.39,ANSWERED
CT-005330,C01601,WHATSAPP,2026-07-11 09:00:00,9,10,True,3.15,ANSWERED
CT-005331,C01602,SMS,2026-07-20 18:00:00,18,3,False,,IGNORED
CT-005332,C01602,CALL,2026-08-28 11:00:00,11,4,True,3.13,ANSWERED
CT-005333,C01602,SMS,2026-09-04 11:00:00,11,1,False,,REJECTED
CT-005334,C01603,SMS,2026-07-30 15:00:00,15,6,True,0.09,ANSWERED
CT-005335,C01603,SMS,2026-06-15 16:00:00,16,6,True,0.32,ANSWERED
CT-005336,C01603,APP_PUSH,2026-07-23 19:00:00,19,4,False,,IGNORED
CT-005337,C01603,SMS,2026-06-21 14:00:00,14,4,True,0.76,ANSWERED
CT-005338,C01604,APP_PUSH,2026-09-06 14:00:00,14,4,True,2.02,ANSWERED
CT-005339,C01604,CALL,2026-06-21 10:00:00,10,4,True,2.96,ANSWERED
CT-005340,C01604,WHATSAPP,2026-06-27 10:00:00,10,0,False,,IGNORED
CT-005341,C01604,WHATSAPP,2026-06-28 05:00:00,5,6,False,,IGNORED
CT-005342,C01604,CALL,2026-07-23 08:00:00,8,5,True,1.03,ANSWERED
CT-005343,C01604,WHATSAPP,2026-07-07 09:00:00,9,6,False,,IGNORED
CT-005344,C01605,SMS,2026-06-20 16:00:00,16,8,True,3.26,ANSWERED
CT-005345,C01605,SMS,2026-08-06 14:00:00,14,8,True,3.71,ANSWERED
CT-005346,C01605,WHATSAPP,2026-07-08 14:00:00,14,8,True,2.96,ANSWERED
CT-005347,C01606,WHATSAPP,2026-08-29 09:00:00,9,11,False,,IGNORED
CT-005348,C01606,CALL,2026-08-21 11:00:00,11,3,True,3.38,ANSWERED
CT-005349,C01606,CALL,2026-09-05 07:00:00,7,5,True,2.64,ANSWERED
CT-005350,C01606,CALL,2026-07-27 08:00:00,8,6,True,2.38,ANSWERED
CT-005351,C01606,CALL,2026-09-04 08:00:00,8,11,True,1.53,ANSWERED
CT-005352,C01607,SMS,2026-08-21 17:00:00,17,2,False,,REJECTED
CT-005353,C01607,APP_PUSH,2026-08-22 14:00:00,14,2,False,,IGNORED
CT-005354,C01607,SMS,2026-08-15 18:00:00,18,0,True,0.24,ANSWERED
CT-005355,C01607,WHATSAPP,2026-06-23 19:00:00,19,0,True,1.85,ANSWERED
CT-005356,C01607,WHATSAPP,2026-09-10 20:00:00,20,3,True,2.13,ANSWERED
CT-005357,C01607,WHATSAPP,2026-09-08 16:00:00,16,0,False,,IGNORED
CT-005358,C01607,WHATSAPP,2026-07-21 16:00:00,16,5,True,1.2,ANSWERED
CT-005359,C01608,WHATSAPP,2026-08-28 15:00:00,15,5,False,,REJECTED
CT-005360,C01609,WHATSAPP,2026-07-24 07:00:00,7,4,True,1.62,ANSWERED
CT-005361,C01609,WHATSAPP,2026-06-29 08:00:00,8,3,False,,IGNORED
CT-005362,C01610,WHATSAPP,2026-07-21 09:00:00,9,2,True,3.47,ANSWERED
CT-005363,C01610,CALL,2026-09-06 20:00:00,20,7,False,,REJECTED
CT-005364,C01610,WHATSAPP,2026-08-24 18:00:00,18,8,False,,IGNORED
CT-005365,C01610,CALL,2026-08-01 19:00:00,19,3,False,,IGNORED
CT-005366,C01610,CALL,2026-09-07 16:00:00,16,9,False,,IGNORED
CT-005367,C01610,WHATSAPP,2026-06-23 15:00:00,15,6,False,,IGNORED
CT-005368,C01611,WHATSAPP,2026-08-17 23:00:00,23,7,False,,IGNORED
CT-005369,C01611,CALL,2026-08-02 20:00:00,20,5,True,0.47,ANSWERED
CT-005370,C01612,SMS,2026-07-25 07:00:00,7,7,True,2.9,ANSWERED
CT-005371,C01612,APP_PUSH,2026-07-07 02:00:00,2,4,False,,IGNORED
CT-005372,C01613,APP_PUSH,2026-08-29 17:00:00,17,7,True,4.06,ANSWERED
CT-005373,C01613,APP_PUSH,2026-06-17 22:00:00,22,8,False,,IGNORED
CT-005374,C01613,SMS,2026-07-17 18:00:00,18,6,False,,IGNORED
CT-005375,C01614,SMS,2026-09-11 18:00:00,18,4,False,,IGNORED
CT-005376,C01615,CALL,2026-06-17 15:00:00,15,9,True,0.68,ANSWERED
CT-005377,C01616,SMS,2026-08-02 09:00:00,9,7,False,,IGNORED
CT-005378,C01616,SMS,2026-08-02 11:00:00,11,1,True,2.09,ANSWERED
CT-005379,C01616,SMS,2026-06-15 12:00:00,12,2,False,,IGNORED
CT-005380,C01617,APP_PUSH,2026-08-20 08:00:00,8,6,True,0.89,ANSWERED
CT-005381,C01618,APP_PUSH,2026-08-14 16:00:00,16,7,False,,IGNORED
CT-005382,C01618,WHATSAPP,2026-07-05 14:00:00,14,4,False,,IGNORED
CT-005383,C01618,CALL,2026-08-05 10:00:00,10,4,False,,IGNORED
CT-005384,C01618,APP_PUSH,2026-08-15 14:00:00,14,7,False,,IGNORED
CT-005385,C01618,SMS,2026-07-30 19:00:00,19,5,False,,IGNORED
CT-005386,C01618,APP_PUSH,2026-06-24 14:00:00,14,4,False,,IGNORED
CT-005387,C01619,APP_PUSH,2026-08-03 12:00:00,12,7,True,4.21,ANSWERED
CT-005388,C01619,APP_PUSH,2026-06-28 11:00:00,11,7,False,,IGNORED
CT-005389,C01619,WHATSAPP,2026-09-02 12:00:00,12,8,False,,IGNORED
CT-005390,C01619,WHATSAPP,2026-07-17 10:00:00,10,5,False,,IGNORED
CT-005391,C01619,APP_PUSH,2026-06-21 09:00:00,9,9,True,4.28,ANSWERED
CT-005392,C01619,APP_PUSH,2026-09-12 06:00:00,6,4,False,,IGNORED
CT-005393,C01619,APP_PUSH,2026-08-10 07:00:00,7,3,False,,IGNORED
CT-005394,C01619,SMS,2026-07-01 11:00:00,11,4,True,0.48,ANSWERED
CT-005395,C01619,APP_PUSH,2026-08-30 08:00:00,8,3,True,1.1,ANSWERED
CT-005396,C01620,APP_PUSH,2026-06-16 11:00:00,11,3,False,,IGNORED
CT-005397,C01620,WHATSAPP,2026-08-05 17:00:00,17,4,False,,REJECTED
CT-005398,C01620,WHATSAPP,2026-07-20 10:00:00,10,3,False,,REJECTED
CT-005399,C01620,APP_PUSH,2026-07-28 16:00:00,16,2,False,,IGNORED
CT-005400,C01620,WHATSAPP,2026-08-15 16:00:00,16,8,False,,BOUNCED
CT-005401,C01621,WHATSAPP,2026-08-01 20:00:00,20,4,False,,IGNORED
CT-005402,C01622,CALL,2026-07-09 19:00:00,19,4,False,,IGNORED
CT-005403,C01622,APP_PUSH,2026-07-21 23:00:00,23,2,False,,BOUNCED
CT-005404,C01622,APP_PUSH,2026-09-11 19:00:00,19,6,True,1.11,ANSWERED
CT-005405,C01622,SMS,2026-08-16 21:00:00,21,8,False,,REJECTED
CT-005406,C01623,APP_PUSH,2026-06-22 12:00:00,12,5,False,,IGNORED
CT-005407,C01623,CALL,2026-07-12 11:00:00,11,6,False,,IGNORED
CT-005408,C01623,CALL,2026-08-31 04:00:00,4,1,False,,IGNORED
CT-005409,C01625,WHATSAPP,2026-06-23 09:00:00,9,2,True,0.37,ANSWERED
CT-005410,C01625,WHATSAPP,2026-09-03 10:00:00,10,1,True,1.79,ANSWERED
CT-005411,C01625,CALL,2026-07-15 08:00:00,8,0,False,,IGNORED
CT-005412,C01626,SMS,2026-06-15 22:00:00,22,6,False,,IGNORED
CT-005413,C01626,SMS,2026-09-03 19:00:00,19,7,True,2.02,ANSWERED
CT-005414,C01626,SMS,2026-08-06 20:00:00,20,3,True,4.69,ANSWERED
CT-005415,C01627,SMS,2026-06-18 09:00:00,9,4,False,,REJECTED
CT-005416,C01627,CALL,2026-07-27 08:00:00,8,6,True,2.8,ANSWERED
CT-005417,C01628,APP_PUSH,2026-07-13 16:00:00,16,8,True,0.17,ANSWERED
CT-005418,C01628,SMS,2026-09-09 16:00:00,16,3,False,,BOUNCED
CT-005419,C01628,SMS,2026-06-26 09:00:00,9,2,False,,IGNORED
CT-005420,C01629,APP_PUSH,2026-06-25 20:00:00,20,11,False,,IGNORED
CT-005421,C01629,CALL,2026-08-15 17:00:00,17,6,False,,IGNORED
CT-005422,C01629,WHATSAPP,2026-07-31 20:00:00,20,2,False,,REJECTED
CT-005423,C01629,APP_PUSH,2026-09-04 19:00:00,19,6,True,1.65,ANSWERED
CT-005424,C01630,APP_PUSH,2026-09-06 14:00:00,14,2,False,,IGNORED
CT-005425,C01632,APP_PUSH,2026-07-22 20:00:00,20,3,False,,IGNORED
CT-005426,C01632,APP_PUSH,2026-08-31 23:00:00,23,3,False,,IGNORED
CT-005427,C01632,APP_PUSH,2026-06-29 14:00:00,14,9,False,,IGNORED
CT-005428,C01632,APP_PUSH,2026-08-22 15:00:00,15,9,True,7.22,ANSWERED
CT-005429,C01632,APP_PUSH,2026-07-09 09:00:00,9,9,False,,IGNORED
CT-005430,C01633,SMS,2026-08-26 10:00:00,10,8,False,,IGNORED
CT-005431,C01633,APP_PUSH,2026-07-10 15:00:00,15,6,False,,IGNORED
CT-005432,C01633,CALL,2026-08-11 07:00:00,7,4,False,,IGNORED
CT-005433,C01634,CALL,2026-07-06 13:00:00,13,2,False,,REJECTED
CT-005434,C01634,SMS,2026-07-18 15:00:00,15,1,True,1.84,ANSWERED
CT-005435,C01635,CALL,2026-08-16 14:00:00,14,5,True,0.44,ANSWERED
CT-005436,C01635,CALL,2026-08-15 12:00:00,12,6,True,1.94,ANSWERED
CT-005437,C01635,CALL,2026-08-01 12:00:00,12,8,False,,REJECTED
CT-005438,C01635,CALL,2026-08-06 12:00:00,12,8,False,,REJECTED
CT-005439,C01636,WHATSAPP,2026-08-29 10:00:00,10,12,False,,REJECTED
CT-005440,C01636,APP_PUSH,2026-07-26 04:00:00,4,5,True,3.96,ANSWERED
CT-005441,C01636,APP_PUSH,2026-08-27 08:00:00,8,3,True,1.65,ANSWERED
CT-005442,C01636,APP_PUSH,2026-07-15 01:00:00,1,2,False,,IGNORED
CT-005443,C01636,APP_PUSH,2026-09-11 08:00:00,8,6,False,,IGNORED
CT-005444,C01636,APP_PUSH,2026-06-23 12:00:00,12,0,False,,BOUNCED
CT-005445,C01636,WHATSAPP,2026-08-05 12:00:00,12,6,False,,BOUNCED
CT-005446,C01636,APP_PUSH,2026-07-14 08:00:00,8,6,True,2.55,ANSWERED
CT-005447,C01637,WHATSAPP,2026-09-06 15:00:00,15,6,True,2.23,ANSWERED
CT-005448,C01637,CALL,2026-07-06 13:00:00,13,6,True,0.15,ANSWERED
CT-005449,C01637,CALL,2026-08-05 15:00:00,15,3,False,,IGNORED
CT-005450,C01637,CALL,2026-08-28 20:00:00,20,5,False,,IGNORED
CT-005451,C01638,SMS,2026-09-07 11:00:00,11,6,False,,IGNORED
CT-005452,C01638,WHATSAPP,2026-09-10 14:00:00,14,2,False,,IGNORED
CT-005453,C01638,APP_PUSH,2026-07-11 06:00:00,6,3,False,,IGNORED
CT-005454,C01638,APP_PUSH,2026-08-12 16:00:00,16,0,False,,IGNORED
CT-005455,C01638,APP_PUSH,2026-08-03 10:00:00,10,9,False,,IGNORED
CT-005456,C01639,SMS,2026-09-10 14:00:00,14,5,True,2.65,ANSWERED
CT-005457,C01640,WHATSAPP,2026-07-19 05:00:00,5,4,False,,REJECTED
CT-005458,C01640,SMS,2026-09-01 09:00:00,9,5,False,,IGNORED
CT-005459,C01641,APP_PUSH,2026-06-19 20:00:00,20,2,False,,REJECTED
CT-005460,C01641,APP_PUSH,2026-08-10 16:00:00,16,5,False,,IGNORED
CT-005461,C01641,APP_PUSH,2026-07-21 18:00:00,18,4,False,,IGNORED
CT-005462,C01641,CALL,2026-08-11 16:00:00,16,1,True,0.53,ANSWERED
CT-005463,C01641,APP_PUSH,2026-09-11 17:00:00,17,3,False,,BOUNCED
CT-005464,C01642,WHATSAPP,2026-07-12 09:00:00,9,3,True,0.89,ANSWERED
CT-005465,C01642,WHATSAPP,2026-06-17 12:00:00,12,3,True,1.59,ANSWERED
CT-005466,C01643,WHATSAPP,2026-06-18 09:00:00,9,1,False,,IGNORED
CT-005467,C01643,CALL,2026-08-21 14:00:00,14,1,False,,REJECTED
CT-005468,C01643,SMS,2026-07-20 13:00:00,13,3,False,,IGNORED
CT-005469,C01643,SMS,2026-08-29 17:00:00,17,4,False,,IGNORED
CT-005470,C01643,WHATSAPP,2026-09-08 16:00:00,16,3,False,,IGNORED
CT-005471,C01643,SMS,2026-08-20 19:00:00,19,1,False,,IGNORED
CT-005472,C01643,SMS,2026-08-19 12:00:00,12,2,True,4.96,ANSWERED
CT-005473,C01643,SMS,2026-07-30 09:00:00,9,3,True,0.02,ANSWERED
CT-005474,C01644,CALL,2026-08-14 13:00:00,13,5,False,,IGNORED
CT-005475,C01644,SMS,2026-07-10 16:00:00,16,5,True,0.31,ANSWERED
CT-005476,C01644,SMS,2026-09-02 12:00:00,12,4,True,1.77,ANSWERED
CT-005477,C01644,SMS,2026-08-14 11:00:00,11,7,False,,IGNORED
CT-005478,C01644,WHATSAPP,2026-08-16 11:00:00,11,7,True,5.23,ANSWERED
CT-005479,C01645,SMS,2026-08-10 19:00:00,19,4,True,0.35,ANSWERED
CT-005480,C01646,WHATSAPP,2026-06-29 19:00:00,19,2,False,,IGNORED
CT-005481,C01646,APP_PUSH,2026-08-26 16:00:00,16,1,False,,REJECTED
CT-005482,C01646,CALL,2026-08-22 13:00:00,13,1,False,,IGNORED
CT-005483,C01647,APP_PUSH,2026-06-29 12:00:00,12,9,False,,IGNORED
CT-005484,C01647,APP_PUSH,2026-07-17 09:00:00,9,6,False,,IGNORED
CT-005485,C01648,SMS,2026-08-28 11:00:00,11,4,True,1.9,ANSWERED
CT-005486,C01649,SMS,2026-09-02 08:00:00,8,1,False,,IGNORED
CT-005487,C01649,WHATSAPP,2026-06-22 10:00:00,10,1,False,,IGNORED
CT-005488,C01649,SMS,2026-07-28 15:00:00,15,0,False,,IGNORED
CT-005489,C01649,SMS,2026-06-30 11:00:00,11,2,False,,IGNORED
CT-005490,C01650,WHATSAPP,2026-07-29 12:00:00,12,9,False,,IGNORED
CT-005491,C01651,APP_PUSH,2026-09-05 15:00:00,15,1,True,0.97,ANSWERED
CT-005492,C01651,SMS,2026-08-19 18:00:00,18,5,True,1.47,ANSWERED
CT-005493,C01651,SMS,2026-08-25 17:00:00,17,5,False,,IGNORED
CT-005494,C01652,CALL,2026-07-01 14:00:00,14,-1,False,,IGNORED
CT-005495,C01652,WHATSAPP,2026-08-30 11:00:00,11,4,False,,IGNORED
CT-005496,C01652,APP_PUSH,2026-07-16 16:00:00,16,-1,False,,IGNORED
CT-005497,C01653,SMS,2026-07-20 20:00:00,20,5,False,,IGNORED
CT-005498,C01653,CALL,2026-09-09 11:00:00,11,3,False,,IGNORED
CT-005499,C01653,WHATSAPP,2026-06-30 18:00:00,18,0,True,0.67,ANSWERED
CT-005500,C01655,SMS,2026-06-27 16:00:00,16,6,True,1.85,ANSWERED
CT-005501,C01655,WHATSAPP,2026-08-24 22:00:00,22,3,True,2.52,ANSWERED
CT-005502,C01655,SMS,2026-07-28 19:00:00,19,3,True,2.1,ANSWERED
CT-005503,C01655,WHATSAPP,2026-07-09 17:00:00,17,6,False,,IGNORED
CT-005504,C01655,APP_PUSH,2026-06-30 23:00:00,23,1,False,,IGNORED
CT-005505,C01655,SMS,2026-07-15 23:00:00,23,3,False,,IGNORED
CT-005506,C01655,SMS,2026-08-07 17:00:00,17,2,False,,IGNORED
CT-005507,C01655,SMS,2026-08-13 23:00:00,23,3,False,,REJECTED
CT-005508,C01655,WHATSAPP,2026-07-11 20:00:00,20,2,True,3.67,ANSWERED
CT-005509,C01655,APP_PUSH,2026-08-09 19:00:00,19,7,False,,IGNORED
CT-005510,C01655,SMS,2026-06-20 18:00:00,18,5,False,,REJECTED
CT-005511,C01656,WHATSAPP,2026-07-12 07:00:00,7,4,True,1.4,ANSWERED
CT-005512,C01657,CALL,2026-07-15 07:00:00,7,5,False,,IGNORED
CT-005513,C01657,CALL,2026-06-26 08:00:00,8,5,False,,IGNORED
CT-005514,C01657,CALL,2026-09-05 10:00:00,10,6,True,1.39,ANSWERED
CT-005515,C01657,CALL,2026-07-03 10:00:00,10,9,False,,IGNORED
CT-005516,C01658,SMS,2026-08-21 12:00:00,12,6,False,,IGNORED
CT-005517,C01658,APP_PUSH,2026-08-30 19:00:00,19,2,False,,IGNORED
CT-005518,C01659,CALL,2026-06-17 05:00:00,5,3,False,,REJECTED
CT-005519,C01661,CALL,2026-07-10 18:00:00,18,2,False,,IGNORED
CT-005520,C01661,APP_PUSH,2026-08-27 21:00:00,21,0,False,,IGNORED
CT-005521,C01661,CALL,2026-07-24 20:00:00,20,4,True,0.27,ANSWERED
CT-005522,C01662,SMS,2026-08-07 12:00:00,12,6,False,,IGNORED
CT-005523,C01662,WHATSAPP,2026-07-24 17:00:00,17,10,False,,IGNORED
CT-005524,C01662,SMS,2026-08-19 17:00:00,17,8,False,,IGNORED
CT-005525,C01663,APP_PUSH,2026-08-26 13:00:00,13,4,False,,IGNORED
CT-005526,C01663,APP_PUSH,2026-07-25 03:00:00,3,6,False,,REJECTED
CT-005527,C01663,APP_PUSH,2026-07-22 08:00:00,8,7,False,,IGNORED
CT-005528,C01664,SMS,2026-06-23 13:00:00,13,4,False,,REJECTED
CT-005529,C01664,SMS,2026-08-27 15:00:00,15,4,False,,IGNORED
CT-005530,C01665,WHATSAPP,2026-06-22 12:00:00,12,2,False,,IGNORED
CT-005531,C01665,SMS,2026-08-12 12:00:00,12,1,True,1.73,ANSWERED
CT-005532,C01665,WHATSAPP,2026-07-21 10:00:00,10,1,True,3.28,ANSWERED
CT-005533,C01666,WHATSAPP,2026-08-03 08:00:00,8,4,False,,IGNORED
CT-005534,C01666,WHATSAPP,2026-08-19 10:00:00,10,4,False,,IGNORED
CT-005535,C01666,CALL,2026-06-29 04:00:00,4,6,True,1.42,ANSWERED
CT-005536,C01666,WHATSAPP,2026-09-09 07:00:00,7,4,False,,IGNORED
CT-005537,C01667,CALL,2026-07-28 14:00:00,14,2,True,0.16,ANSWERED
CT-005538,C01667,CALL,2026-06-29 11:00:00,11,7,False,,IGNORED
CT-005539,C01668,WHATSAPP,2026-06-25 20:00:00,20,4,True,0.6,ANSWERED
CT-005540,C01668,APP_PUSH,2026-08-19 17:00:00,17,1,True,5.02,ANSWERED
CT-005541,C01668,CALL,2026-07-23 18:00:00,18,2,True,2.77,ANSWERED
CT-005542,C01669,SMS,2026-06-17 13:00:00,13,6,True,0.22,ANSWERED
CT-005543,C01669,SMS,2026-08-20 17:00:00,17,8,True,0.59,ANSWERED
CT-005544,C01669,SMS,2026-09-05 19:00:00,19,6,True,1.46,ANSWERED
CT-005545,C01669,SMS,2026-07-06 20:00:00,20,7,True,0.6,ANSWERED
CT-005546,C01670,WHATSAPP,2026-08-17 07:00:00,7,5,False,,IGNORED
CT-005547,C01670,WHATSAPP,2026-08-26 12:00:00,12,6,True,2.74,ANSWERED
CT-005548,C01670,APP_PUSH,2026-07-11 15:00:00,15,7,False,,IGNORED
CT-005549,C01671,WHATSAPP,2026-08-17 16:00:00,16,4,False,,IGNORED
CT-005550,C01671,WHATSAPP,2026-08-03 06:00:00,6,12,False,,IGNORED
CT-005551,C01672,SMS,2026-07-19 07:00:00,7,8,False,,IGNORED
CT-005552,C01672,SMS,2026-08-25 12:00:00,12,4,True,2.36,ANSWERED
CT-005553,C01672,WHATSAPP,2026-07-09 08:00:00,8,2,False,,IGNORED
CT-005554,C01672,SMS,2026-09-01 14:00:00,14,4,False,,IGNORED
CT-005555,C01672,WHATSAPP,2026-06-29 03:00:00,3,8,False,,IGNORED
CT-005556,C01673,CALL,2026-07-18 16:00:00,16,6,False,,IGNORED
CT-005557,C01673,CALL,2026-07-06 15:00:00,15,9,False,,IGNORED
CT-005558,C01673,APP_PUSH,2026-06-28 15:00:00,15,7,True,2.01,ANSWERED
CT-005559,C01674,WHATSAPP,2026-07-28 22:00:00,22,7,False,,IGNORED
CT-005560,C01675,WHATSAPP,2026-07-06 09:00:00,9,7,False,,REJECTED
CT-005561,C01675,CALL,2026-09-08 07:00:00,7,6,False,,REJECTED
CT-005562,C01675,WHATSAPP,2026-08-03 10:00:00,10,6,True,0.61,ANSWERED
CT-005563,C01675,CALL,2026-06-19 09:00:00,9,2,True,5.22,ANSWERED
CT-005564,C01675,CALL,2026-08-03 04:00:00,4,4,False,,IGNORED
CT-005565,C01675,CALL,2026-08-03 07:00:00,7,7,True,0.2,ANSWERED
CT-005566,C01676,CALL,2026-08-10 12:00:00,12,8,False,,IGNORED
CT-005567,C01676,CALL,2026-08-02 12:00:00,12,3,False,,IGNORED
CT-005568,C01676,APP_PUSH,2026-08-18 10:00:00,10,5,True,7.71,ANSWERED
CT-005569,C01676,WHATSAPP,2026-08-07 10:00:00,10,2,True,1.01,ANSWERED
CT-005570,C01676,WHATSAPP,2026-08-10 18:00:00,18,5,False,,IGNORED
CT-005571,C01677,APP_PUSH,2026-07-08 16:00:00,16,2,False,,IGNORED
CT-005572,C01677,WHATSAPP,2026-08-15 17:00:00,17,8,True,0.43,ANSWERED
CT-005573,C01677,APP_PUSH,2026-07-23 15:00:00,15,5,False,,IGNORED
CT-005574,C01677,APP_PUSH,2026-08-11 20:00:00,20,4,False,,REJECTED
CT-005575,C01678,APP_PUSH,2026-08-30 22:00:00,22,10,False,,IGNORED
CT-005576,C01678,SMS,2026-09-06 12:00:00,12,8,False,,REJECTED
CT-005577,C01678,APP_PUSH,2026-08-10 23:00:00,23,7,False,,IGNORED
CT-005578,C01678,SMS,2026-08-19 22:00:00,22,4,False,,IGNORED
CT-005579,C01679,SMS,2026-08-13 19:00:00,19,3,False,,IGNORED
CT-005580,C01680,CALL,2026-09-03 10:00:00,10,3,False,,REJECTED
CT-005581,C01680,CALL,2026-06-15 09:00:00,9,3,True,3.01,ANSWERED
CT-005582,C01680,SMS,2026-06-15 15:00:00,15,1,True,3.72,ANSWERED
CT-005583,C01681,APP_PUSH,2026-07-17 23:00:00,23,5,True,0.58,ANSWERED
CT-005584,C01681,CALL,2026-09-10 16:00:00,16,5,False,,IGNORED
CT-005585,C01682,CALL,2026-07-21 14:00:00,14,6,False,,IGNORED
CT-005586,C01682,APP_PUSH,2026-06-28 13:00:00,13,5,False,,REJECTED
CT-005587,C01683,WHATSAPP,2026-07-30 09:00:00,9,2,False,,IGNORED
CT-005588,C01683,WHATSAPP,2026-07-01 16:00:00,16,2,False,,REJECTED
CT-005589,C01683,WHATSAPP,2026-07-02 07:00:00,7,3,False,,REJECTED
CT-005590,C01683,APP_PUSH,2026-08-01 15:00:00,15,1,True,2.71,ANSWERED
CT-005591,C01684,APP_PUSH,2026-08-16 19:00:00,19,8,True,2.63,ANSWERED
CT-005592,C01684,WHATSAPP,2026-07-01 19:00:00,19,4,False,,IGNORED
CT-005593,C01684,SMS,2026-08-01 18:00:00,18,5,False,,REJECTED
CT-005594,C01684,CALL,2026-06-22 16:00:00,16,7,False,,IGNORED
CT-005595,C01684,SMS,2026-08-25 18:00:00,18,5,True,3.5,ANSWERED
CT-005596,C01685,CALL,2026-06-26 18:00:00,18,1,False,,BOUNCED
CT-005597,C01685,APP_PUSH,2026-07-29 21:00:00,21,5,False,,IGNORED
CT-005598,C01685,WHATSAPP,2026-07-12 13:00:00,13,3,False,,IGNORED
CT-005599,C01685,WHATSAPP,2026-06-25 15:00:00,15,3,False,,IGNORED
CT-005600,C01685,WHATSAPP,2026-07-20 18:00:00,18,3,False,,IGNORED
CT-005601,C01686,WHATSAPP,2026-08-04 09:00:00,9,4,False,,IGNORED
CT-005602,C01686,WHATSAPP,2026-08-20 14:00:00,14,4,False,,BOUNCED
CT-005603,C01687,WHATSAPP,2026-08-05 10:00:00,10,7,False,,IGNORED
CT-005604,C01687,WHATSAPP,2026-07-24 12:00:00,12,7,False,,REJECTED
CT-005605,C01688,CALL,2026-08-11 18:00:00,18,5,False,,IGNORED
CT-005606,C01689,APP_PUSH,2026-07-02 19:00:00,19,2,False,,IGNORED
CT-005607,C01689,WHATSAPP,2026-06-20 06:00:00,6,3,False,,REJECTED
CT-005608,C01689,APP_PUSH,2026-06-20 09:00:00,9,2,False,,IGNORED
CT-005609,C01690,SMS,2026-08-12 10:00:00,10,9,True,3.11,ANSWERED
CT-005610,C01691,CALL,2026-07-06 11:00:00,11,6,False,,IGNORED
CT-005611,C01691,SMS,2026-09-08 07:00:00,7,2,False,,REJECTED
CT-005612,C01692,WHATSAPP,2026-07-17 11:00:00,11,5,False,,IGNORED
CT-005613,C01692,WHATSAPP,2026-06-17 13:00:00,13,0,False,,IGNORED
CT-005614,C01692,WHATSAPP,2026-09-08 17:00:00,17,3,False,,IGNORED
CT-005615,C01692,SMS,2026-07-04 21:00:00,21,3,False,,IGNORED
CT-005616,C01692,WHATSAPP,2026-08-08 09:00:00,9,2,True,1.15,ANSWERED
CT-005617,C01692,WHATSAPP,2026-09-11 14:00:00,14,0,False,,IGNORED
CT-005618,C01693,WHATSAPP,2026-08-08 11:00:00,11,10,True,0.44,ANSWERED
CT-005619,C01694,SMS,2026-07-21 18:00:00,18,7,True,0.08,ANSWERED
CT-005620,C01694,WHATSAPP,2026-09-04 14:00:00,14,4,False,,IGNORED
CT-005621,C01694,CALL,2026-07-22 20:00:00,20,4,False,,IGNORED
CT-005622,C01694,WHATSAPP,2026-07-13 14:00:00,14,11,False,,IGNORED
CT-005623,C01694,WHATSAPP,2026-09-09 17:00:00,17,6,True,0.32,ANSWERED
CT-005624,C01695,APP_PUSH,2026-08-06 23:00:00,23,5,False,,REJECTED
CT-005625,C01695,APP_PUSH,2026-07-10 13:00:00,13,7,True,0.07,ANSWERED
CT-005626,C01695,SMS,2026-08-21 19:00:00,19,4,False,,IGNORED
CT-005627,C01696,SMS,2026-07-07 20:00:00,20,1,False,,REJECTED
CT-005628,C01696,WHATSAPP,2026-06-30 21:00:00,21,4,True,3.37,ANSWERED
CT-005629,C01697,WHATSAPP,2026-06-26 16:00:00,16,4,False,,IGNORED
CT-005630,C01697,CALL,2026-06-27 13:00:00,13,2,True,1.71,ANSWERED
CT-005631,C01697,WHATSAPP,2026-07-15 15:00:00,15,0,False,,IGNORED
CT-005632,C01698,SMS,2026-08-28 14:00:00,14,11,False,,IGNORED
CT-005633,C01699,CALL,2026-07-26 14:00:00,14,4,False,,IGNORED
CT-005634,C01699,CALL,2026-07-03 19:00:00,19,5,False,,IGNORED
CT-005635,C01699,APP_PUSH,2026-06-15 14:00:00,14,3,False,,IGNORED
CT-005636,C01699,SMS,2026-07-04 10:00:00,10,0,False,,IGNORED
CT-005637,C01700,WHATSAPP,2026-08-15 09:00:00,9,2,False,,IGNORED
CT-005638,C01700,CALL,2026-06-23 19:00:00,19,2,True,0.13,ANSWERED
CT-005639,C01700,WHATSAPP,2026-07-05 13:00:00,13,1,False,,IGNORED
CT-005640,C01700,WHATSAPP,2026-08-12 07:00:00,7,6,True,4.14,ANSWERED
CT-005641,C01701,SMS,2026-07-02 07:00:00,7,0,False,,IGNORED
CT-005642,C01701,CALL,2026-08-16 07:00:00,7,2,False,,IGNORED
CT-005643,C01701,SMS,2026-07-19 13:00:00,13,3,True,2.15,ANSWERED
CT-005644,C01701,CALL,2026-07-14 09:00:00,9,6,False,,IGNORED
CT-005645,C01701,SMS,2026-09-07 07:00:00,7,4,True,0.83,ANSWERED
CT-005646,C01701,CALL,2026-08-04 05:00:00,5,3,True,0.07,ANSWERED
CT-005647,C01702,CALL,2026-07-19 10:00:00,10,4,True,0.92,ANSWERED
CT-005648,C01702,CALL,2026-06-18 08:00:00,8,2,True,3.95,ANSWERED
CT-005649,C01702,CALL,2026-08-20 07:00:00,7,3,True,0.3,ANSWERED
CT-005650,C01702,APP_PUSH,2026-07-07 09:00:00,9,3,False,,BOUNCED
CT-005651,C01703,WHATSAPP,2026-07-14 07:00:00,7,4,False,,IGNORED
CT-005652,C01703,WHATSAPP,2026-08-15 13:00:00,13,5,True,0.18,ANSWERED
CT-005653,C01703,WHATSAPP,2026-09-08 14:00:00,14,3,False,,IGNORED
CT-005654,C01704,WHATSAPP,2026-07-29 15:00:00,15,4,False,,IGNORED
CT-005655,C01704,WHATSAPP,2026-06-24 09:00:00,9,5,True,1.12,ANSWERED
CT-005656,C01704,WHATSAPP,2026-07-06 09:00:00,9,6,False,,IGNORED
CT-005657,C01705,WHATSAPP,2026-07-30 23:00:00,23,6,False,,IGNORED
CT-005658,C01706,WHATSAPP,2026-08-26 06:00:00,6,6,False,,IGNORED
CT-005659,C01706,WHATSAPP,2026-07-17 08:00:00,8,4,True,0.33,ANSWERED
CT-005660,C01706,WHATSAPP,2026-07-21 07:00:00,7,3,True,1.42,ANSWERED
CT-005661,C01706,WHATSAPP,2026-06-28 05:00:00,5,2,False,,IGNORED
CT-005662,C01707,SMS,2026-06-20 04:00:00,4,6,False,,IGNORED
CT-005663,C01707,APP_PUSH,2026-08-16 10:00:00,10,4,False,,REJECTED
CT-005664,C01707,CALL,2026-09-12 12:00:00,12,6,True,0.26,ANSWERED
CT-005665,C01708,APP_PUSH,2026-09-12 13:00:00,13,1,False,,IGNORED
CT-005666,C01708,SMS,2026-09-01 16:00:00,16,1,False,,IGNORED
CT-005667,C01708,CALL,2026-07-11 16:00:00,16,4,False,,REJECTED
CT-005668,C01709,SMS,2026-08-13 11:00:00,11,4,False,,IGNORED
CT-005669,C01709,SMS,2026-08-06 18:00:00,18,1,True,0.13,ANSWERED
CT-005670,C01709,WHATSAPP,2026-08-06 12:00:00,12,3,False,,IGNORED
CT-005671,C01709,CALL,2026-07-10 12:00:00,12,2,False,,IGNORED
CT-005672,C01710,WHATSAPP,2026-08-17 12:00:00,12,6,True,0.17,ANSWERED
CT-005673,C01710,WHATSAPP,2026-08-31 09:00:00,9,7,False,,IGNORED
CT-005674,C01710,WHATSAPP,2026-08-05 13:00:00,13,6,False,,IGNORED
CT-005675,C01710,WHATSAPP,2026-08-01 11:00:00,11,2,False,,REJECTED
CT-005676,C01710,WHATSAPP,2026-09-03 11:00:00,11,6,True,0.05,ANSWERED
CT-005677,C01711,APP_PUSH,2026-08-03 19:00:00,19,5,True,2.62,ANSWERED
CT-005678,C01711,APP_PUSH,2026-08-07 20:00:00,20,6,False,,IGNORED
CT-005679,C01711,APP_PUSH,2026-07-27 15:00:00,15,7,False,,IGNORED
CT-005680,C01711,APP_PUSH,2026-07-24 18:00:00,18,4,False,,IGNORED
CT-005681,C01711,WHATSAPP,2026-06-23 23:00:00,23,4,False,,IGNORED
CT-005682,C01712,CALL,2026-07-16 08:00:00,8,3,False,,IGNORED
CT-005683,C01712,CALL,2026-07-08 13:00:00,13,5,False,,IGNORED
CT-005684,C01712,WHATSAPP,2026-08-01 12:00:00,12,6,False,,IGNORED
CT-005685,C01712,CALL,2026-09-03 10:00:00,10,5,False,,REJECTED
CT-005686,C01713,SMS,2026-07-29 12:00:00,12,6,True,1.89,ANSWERED
CT-005687,C01713,CALL,2026-08-15 16:00:00,16,7,False,,IGNORED
CT-005688,C01713,CALL,2026-07-10 11:00:00,11,5,False,,IGNORED
CT-005689,C01713,CALL,2026-06-19 14:00:00,14,8,True,1.88,ANSWERED
CT-005690,C01713,WHATSAPP,2026-08-15 06:00:00,6,5,False,,IGNORED
CT-005691,C01713,SMS,2026-08-27 04:00:00,4,6,True,0.67,ANSWERED
CT-005692,C01713,WHATSAPP,2026-07-09 15:00:00,15,6,False,,IGNORED
CT-005693,C01714,SMS,2026-07-08 07:00:00,7,2,True,1.69,ANSWERED
CT-005694,C01714,APP_PUSH,2026-07-21 17:00:00,17,2,False,,IGNORED
CT-005695,C01714,SMS,2026-07-31 19:00:00,19,2,True,2.56,ANSWERED
CT-005696,C01714,SMS,2026-07-17 17:00:00,17,2,True,1.08,ANSWERED
CT-005697,C01715,SMS,2026-07-23 09:00:00,9,5,False,,IGNORED
CT-005698,C01716,CALL,2026-06-25 12:00:00,12,1,False,,IGNORED
CT-005699,C01716,APP_PUSH,2026-07-27 06:00:00,6,4,True,0.57,ANSWERED
CT-005700,C01717,APP_PUSH,2026-07-09 21:00:00,21,5,False,,IGNORED
CT-005701,C01718,WHATSAPP,2026-08-12 14:00:00,14,4,True,2.21,ANSWERED
CT-005702,C01719,CALL,2026-08-13 09:00:00,9,5,False,,IGNORED
CT-005703,C01719,SMS,2026-09-11 05:00:00,5,7,False,,IGNORED
CT-005704,C01719,CALL,2026-08-16 11:00:00,11,8,True,1.28,ANSWERED
CT-005705,C01719,SMS,2026-08-06 08:00:00,8,10,True,1.0,ANSWERED
CT-005706,C01719,CALL,2026-06-25 11:00:00,11,7,False,,IGNORED
CT-005707,C01720,WHATSAPP,2026-07-03 19:00:00,19,5,False,,IGNORED
CT-005708,C01720,WHATSAPP,2026-07-31 11:00:00,11,1,False,,IGNORED
CT-005709,C01721,CALL,2026-06-20 09:00:00,9,5,False,,IGNORED
CT-005710,C01721,APP_PUSH,2026-07-03 09:00:00,9,2,False,,IGNORED
CT-005711,C01721,CALL,2026-08-06 20:00:00,20,4,False,,IGNORED
CT-005712,C01722,WHATSAPP,2026-08-18 10:00:00,10,7,False,,IGNORED
CT-005713,C01723,SMS,2026-08-14 09:00:00,9,3,False,,IGNORED
CT-005714,C01724,CALL,2026-08-14 05:00:00,5,6,False,,IGNORED
CT-005715,C01724,APP_PUSH,2026-08-13 09:00:00,9,5,True,0.07,ANSWERED
CT-005716,C01725,SMS,2026-08-21 18:00:00,18,12,False,,IGNORED
CT-005717,C01725,SMS,2026-08-10 14:00:00,14,7,False,,BOUNCED
CT-005718,C01725,SMS,2026-06-20 19:00:00,19,8,False,,IGNORED
CT-005719,C01725,SMS,2026-08-01 17:00:00,17,9,True,1.09,ANSWERED
CT-005720,C01726,APP_PUSH,2026-08-09 06:00:00,6,5,False,,REJECTED
CT-005721,C01728,SMS,2026-07-29 07:00:00,7,1,False,,IGNORED
CT-005722,C01728,APP_PUSH,2026-07-14 13:00:00,13,2,False,,IGNORED
CT-005723,C01728,SMS,2026-07-14 08:00:00,8,0,False,,REJECTED
CT-005724,C01729,CALL,2026-08-06 15:00:00,15,3,False,,REJECTED
CT-005725,C01729,CALL,2026-07-14 18:00:00,18,5,False,,IGNORED
CT-005726,C01729,CALL,2026-07-09 11:00:00,11,3,True,0.0,ANSWERED
CT-005727,C01729,CALL,2026-08-13 19:00:00,19,3,True,1.22,ANSWERED
CT-005728,C01729,WHATSAPP,2026-07-04 14:00:00,14,5,False,,IGNORED
CT-005729,C01729,CALL,2026-07-24 12:00:00,12,2,False,,IGNORED
CT-005730,C01730,CALL,2026-08-31 12:00:00,12,5,True,13.45,ANSWERED
CT-005731,C01731,CALL,2026-09-09 14:00:00,14,2,False,,IGNORED
CT-005732,C01731,SMS,2026-08-02 11:00:00,11,5,False,,IGNORED
CT-005733,C01731,WHATSAPP,2026-08-18 15:00:00,15,5,True,0.31,ANSWERED
CT-005734,C01731,APP_PUSH,2026-08-05 11:00:00,11,8,True,1.49,ANSWERED
CT-005735,C01731,SMS,2026-08-05 14:00:00,14,5,False,,IGNORED
CT-005736,C01731,SMS,2026-07-22 13:00:00,13,9,False,,IGNORED
CT-005737,C01732,CALL,2026-06-27 12:00:00,12,5,False,,IGNORED
CT-005738,C01732,CALL,2026-08-26 11:00:00,11,3,False,,REJECTED
CT-005739,C01732,APP_PUSH,2026-06-17 05:00:00,5,4,False,,REJECTED
CT-005740,C01733,CALL,2026-08-31 12:00:00,12,3,True,1.02,ANSWERED
CT-005741,C01735,SMS,2026-06-28 08:00:00,8,8,False,,IGNORED
CT-005742,C01735,SMS,2026-07-17 11:00:00,11,4,True,14.43,ANSWERED
CT-005743,C01735,WHATSAPP,2026-08-18 08:00:00,8,3,False,,IGNORED
CT-005744,C01735,WHATSAPP,2026-08-26 08:00:00,8,3,False,,BOUNCED
CT-005745,C01735,SMS,2026-07-13 06:00:00,6,3,False,,IGNORED
CT-005746,C01735,SMS,2026-08-08 08:00:00,8,3,True,0.32,ANSWERED
CT-005747,C01736,APP_PUSH,2026-07-26 19:00:00,19,2,False,,IGNORED
CT-005748,C01736,WHATSAPP,2026-09-10 19:00:00,19,5,False,,IGNORED
CT-005749,C01736,CALL,2026-07-05 23:00:00,23,5,False,,IGNORED
CT-005750,C01737,WHATSAPP,2026-08-17 12:00:00,12,4,False,,IGNORED
CT-005751,C01737,CALL,2026-06-30 09:00:00,9,6,False,,BOUNCED
CT-005752,C01737,APP_PUSH,2026-08-26 11:00:00,11,6,False,,REJECTED
CT-005753,C01738,SMS,2026-07-20 22:00:00,22,9,False,,IGNORED
CT-005754,C01738,WHATSAPP,2026-09-09 15:00:00,15,8,True,7.31,ANSWERED
CT-005755,C01738,CALL,2026-09-12 12:00:00,12,6,False,,IGNORED
CT-005756,C01738,APP_PUSH,2026-06-17 10:00:00,10,8,False,,IGNORED
CT-005757,C01739,APP_PUSH,2026-07-07 09:00:00,9,3,True,1.08,ANSWERED
CT-005758,C01739,SMS,2026-07-19 11:00:00,11,2,True,1.72,ANSWERED
CT-005759,C01739,APP_PUSH,2026-08-27 09:00:00,9,4,True,7.19,ANSWERED
CT-005760,C01739,CALL,2026-09-04 17:00:00,17,3,True,5.19,ANSWERED
CT-005761,C01740,WHATSAPP,2026-07-31 20:00:00,20,3,False,,IGNORED
CT-005762,C01740,CALL,2026-07-03 14:00:00,14,7,True,3.27,ANSWERED
CT-005763,C01741,WHATSAPP,2026-09-03 18:00:00,18,5,False,,IGNORED
CT-005764,C01741,SMS,2026-08-27 18:00:00,18,3,False,,IGNORED
CT-005765,C01741,APP_PUSH,2026-08-22 23:00:00,23,3,True,0.2,ANSWERED
CT-005766,C01742,CALL,2026-09-09 15:00:00,15,4,False,,IGNORED
CT-005767,C01742,SMS,2026-06-28 18:00:00,18,5,False,,IGNORED
CT-005768,C01742,CALL,2026-07-19 12:00:00,12,2,False,,IGNORED
CT-005769,C01743,APP_PUSH,2026-09-02 15:00:00,15,9,True,4.17,ANSWERED
CT-005770,C01743,WHATSAPP,2026-07-26 11:00:00,11,9,True,2.19,ANSWERED
CT-005771,C01743,APP_PUSH,2026-06-24 17:00:00,17,8,False,,IGNORED
CT-005772,C01743,APP_PUSH,2026-09-10 15:00:00,15,7,True,0.47,ANSWERED
CT-005773,C01743,WHATSAPP,2026-07-17 16:00:00,16,6,False,,IGNORED
CT-005774,C01744,APP_PUSH,2026-08-28 12:00:00,12,3,False,,IGNORED
CT-005775,C01744,CALL,2026-06-28 15:00:00,15,3,False,,REJECTED
CT-005776,C01744,WHATSAPP,2026-09-04 08:00:00,8,4,False,,IGNORED
CT-005777,C01744,CALL,2026-07-10 17:00:00,17,8,True,4.24,ANSWERED
CT-005778,C01744,CALL,2026-09-07 18:00:00,18,6,True,1.68,ANSWERED
CT-005779,C01744,WHATSAPP,2026-07-13 16:00:00,16,5,False,,IGNORED
CT-005780,C01744,CALL,2026-06-19 14:00:00,14,9,True,1.41,ANSWERED
CT-005781,C01744,WHATSAPP,2026-08-28 16:00:00,16,6,False,,IGNORED
CT-005782,C01744,WHATSAPP,2026-08-07 17:00:00,17,1,True,2.93,ANSWERED
CT-005783,C01744,SMS,2026-08-20 13:00:00,13,1,False,,IGNORED
CT-005784,C01745,CALL,2026-07-30 18:00:00,18,4,False,,IGNORED
CT-005785,C01746,APP_PUSH,2026-08-17 16:00:00,16,6,True,1.69,ANSWERED
CT-005786,C01746,APP_PUSH,2026-08-12 14:00:00,14,3,False,,IGNORED
CT-005787,C01747,SMS,2026-07-07 18:00:00,18,5,False,,IGNORED
CT-005788,C01747,WHATSAPP,2026-07-11 15:00:00,15,4,True,1.33,ANSWERED
CT-005789,C01748,SMS,2026-07-15 16:00:00,16,1,False,,REJECTED
CT-005790,C01748,SMS,2026-07-21 18:00:00,18,6,False,,REJECTED
CT-005791,C01749,CALL,2026-08-06 09:00:00,9,4,False,,IGNORED
CT-005792,C01749,SMS,2026-06-23 08:00:00,8,7,False,,IGNORED
CT-005793,C01750,APP_PUSH,2026-07-15 13:00:00,13,1,False,,IGNORED
CT-005794,C01750,WHATSAPP,2026-09-11 13:00:00,13,5,True,1.77,ANSWERED
CT-005795,C01750,APP_PUSH,2026-08-12 13:00:00,13,3,False,,IGNORED
CT-005796,C01750,APP_PUSH,2026-08-12 08:00:00,8,5,False,,IGNORED
CT-005797,C01751,CALL,2026-08-19 12:00:00,12,4,False,,IGNORED
CT-005798,C01751,APP_PUSH,2026-09-11 15:00:00,15,6,False,,IGNORED
CT-005799,C01751,CALL,2026-08-29 14:00:00,14,1,False,,IGNORED
CT-005800,C01751,WHATSAPP,2026-07-09 12:00:00,12,3,False,,IGNORED
CT-005801,C01751,SMS,2026-08-15 14:00:00,14,1,False,,IGNORED
CT-005802,C01751,SMS,2026-08-04 16:00:00,16,3,False,,IGNORED
CT-005803,C01753,WHATSAPP,2026-06-19 10:00:00,10,0,False,,IGNORED
CT-005804,C01753,WHATSAPP,2026-07-17 02:00:00,2,2,False,,IGNORED
CT-005805,C01754,SMS,2026-08-08 09:00:00,9,1,False,,IGNORED
CT-005806,C01754,SMS,2026-07-28 09:00:00,9,8,False,,IGNORED
CT-005807,C01754,APP_PUSH,2026-08-27 09:00:00,9,4,False,,BOUNCED
CT-005808,C01756,APP_PUSH,2026-07-21 08:00:00,8,6,True,2.6,ANSWERED
CT-005809,C01756,SMS,2026-07-19 09:00:00,9,11,False,,IGNORED
CT-005810,C01756,CALL,2026-07-06 19:00:00,19,7,False,,IGNORED
CT-005811,C01757,APP_PUSH,2026-07-18 12:00:00,12,4,False,,IGNORED
CT-005812,C01757,SMS,2026-08-27 18:00:00,18,2,False,,REJECTED
CT-005813,C01757,APP_PUSH,2026-08-01 19:00:00,19,5,False,,REJECTED
CT-005814,C01758,SMS,2026-07-11 09:00:00,9,6,True,0.67,ANSWERED
CT-005815,C01758,SMS,2026-06-24 10:00:00,10,5,True,0.65,ANSWERED
CT-005816,C01758,APP_PUSH,2026-07-10 06:00:00,6,8,True,1.22,ANSWERED
CT-005817,C01758,APP_PUSH,2026-09-11 16:00:00,16,6,False,,IGNORED
CT-005818,C01759,WHATSAPP,2026-08-27 10:00:00,10,6,False,,IGNORED
CT-005819,C01759,SMS,2026-07-23 06:00:00,6,6,False,,IGNORED
CT-005820,C01759,CALL,2026-07-01 03:00:00,3,3,False,,BOUNCED
CT-005821,C01759,APP_PUSH,2026-06-25 12:00:00,12,-1,False,,IGNORED
CT-005822,C01759,SMS,2026-07-25 14:00:00,14,5,False,,IGNORED
CT-005823,C01760,WHATSAPP,2026-09-07 09:00:00,9,2,True,0.61,ANSWERED
CT-005824,C01760,WHATSAPP,2026-07-03 07:00:00,7,7,False,,IGNORED
CT-005825,C01760,WHATSAPP,2026-07-24 12:00:00,12,6,False,,REJECTED
CT-005826,C01760,WHATSAPP,2026-07-27 11:00:00,11,8,False,,IGNORED
CT-005827,C01760,SMS,2026-08-25 07:00:00,7,7,False,,IGNORED
CT-005828,C01760,APP_PUSH,2026-07-16 11:00:00,11,6,True,0.93,ANSWERED
CT-005829,C01760,SMS,2026-07-31 14:00:00,14,5,False,,REJECTED
CT-005830,C01760,APP_PUSH,2026-07-29 09:00:00,9,3,True,4.21,ANSWERED
CT-005831,C01760,WHATSAPP,2026-06-18 16:00:00,16,4,True,1.36,ANSWERED
CT-005832,C01761,SMS,2026-09-05 10:00:00,10,2,True,4.21,ANSWERED
CT-005833,C01761,SMS,2026-08-29 14:00:00,14,2,True,1.23,ANSWERED
CT-005834,C01761,CALL,2026-07-06 11:00:00,11,3,False,,REJECTED
CT-005835,C01761,SMS,2026-09-10 08:00:00,8,3,False,,REJECTED
CT-005836,C01761,WHATSAPP,2026-07-18 07:00:00,7,4,False,,IGNORED
CT-005837,C01762,SMS,2026-07-09 12:00:00,12,7,False,,IGNORED
CT-005838,C01762,SMS,2026-08-25 17:00:00,17,4,False,,IGNORED
CT-005839,C01762,SMS,2026-06-24 19:00:00,19,6,True,1.06,ANSWERED
CT-005840,C01763,APP_PUSH,2026-08-29 20:00:00,20,5,True,2.1,ANSWERED
CT-005841,C01763,APP_PUSH,2026-09-08 18:00:00,18,3,True,0.29,ANSWERED
CT-005842,C01763,APP_PUSH,2026-08-04 18:00:00,18,2,True,0.8,ANSWERED
CT-005843,C01763,APP_PUSH,2026-09-02 22:00:00,22,6,False,,IGNORED
CT-005844,C01764,APP_PUSH,2026-07-20 19:00:00,19,3,True,0.64,ANSWERED
CT-005845,C01764,APP_PUSH,2026-07-19 19:00:00,19,2,True,2.07,ANSWERED
CT-005846,C01765,APP_PUSH,2026-07-30 09:00:00,9,2,True,2.42,ANSWERED
CT-005847,C01765,CALL,2026-08-12 11:00:00,11,2,False,,IGNORED
CT-005848,C01765,CALL,2026-07-08 14:00:00,14,0,False,,IGNORED
CT-005849,C01765,CALL,2026-07-21 09:00:00,9,6,False,,IGNORED
CT-005850,C01766,WHATSAPP,2026-07-02 20:00:00,20,0,False,,IGNORED
CT-005851,C01766,WHATSAPP,2026-08-11 19:00:00,19,2,False,,IGNORED
CT-005852,C01767,SMS,2026-07-25 05:00:00,5,0,False,,IGNORED
CT-005853,C01767,SMS,2026-08-15 11:00:00,11,0,True,0.8,ANSWERED
CT-005854,C01767,SMS,2026-08-01 05:00:00,5,5,True,2.68,ANSWERED
CT-005855,C01767,SMS,2026-08-29 08:00:00,8,3,False,,IGNORED
CT-005856,C01767,SMS,2026-07-02 04:00:00,4,3,False,,IGNORED
CT-005857,C01768,SMS,2026-07-12 07:00:00,7,3,False,,IGNORED
CT-005858,C01768,SMS,2026-07-03 11:00:00,11,0,True,1.47,ANSWERED
CT-005859,C01769,WHATSAPP,2026-06-28 05:00:00,5,5,False,,IGNORED
CT-005860,C01769,SMS,2026-08-20 11:00:00,11,1,True,3.11,ANSWERED
CT-005861,C01769,APP_PUSH,2026-07-12 16:00:00,16,1,False,,IGNORED
CT-005862,C01770,SMS,2026-08-18 13:00:00,13,3,False,,IGNORED
CT-005863,C01770,WHATSAPP,2026-07-06 14:00:00,14,3,False,,IGNORED
CT-005864,C01770,APP_PUSH,2026-07-04 16:00:00,16,4,False,,IGNORED
CT-005865,C01770,APP_PUSH,2026-09-05 23:00:00,23,3,False,,IGNORED
CT-005866,C01772,CALL,2026-08-05 16:00:00,16,7,False,,IGNORED
CT-005867,C01772,WHATSAPP,2026-07-25 15:00:00,15,10,False,,IGNORED
CT-005868,C01772,SMS,2026-08-09 17:00:00,17,9,False,,REJECTED
CT-005869,C01772,SMS,2026-08-27 14:00:00,14,9,False,,IGNORED
CT-005870,C01772,APP_PUSH,2026-09-08 16:00:00,16,6,False,,IGNORED
CT-005871,C01773,CALL,2026-08-14 14:00:00,14,4,True,1.56,ANSWERED
CT-005872,C01773,APP_PUSH,2026-07-04 18:00:00,18,5,False,,IGNORED
CT-005873,C01773,CALL,2026-08-18 18:00:00,18,5,True,0.78,ANSWERED
CT-005874,C01774,WHATSAPP,2026-06-26 23:00:00,23,7,False,,REJECTED
CT-005875,C01774,WHATSAPP,2026-08-29 20:00:00,20,6,True,2.35,ANSWERED
CT-005876,C01774,WHATSAPP,2026-06-29 18:00:00,18,6,True,0.27,ANSWERED
CT-005877,C01775,APP_PUSH,2026-08-08 14:00:00,14,5,True,4.16,ANSWERED
CT-005878,C01775,APP_PUSH,2026-07-21 20:00:00,20,7,False,,IGNORED
CT-005879,C01775,APP_PUSH,2026-08-03 23:00:00,23,6,False,,IGNORED
CT-005880,C01776,CALL,2026-07-24 22:00:00,22,3,True,2.34,ANSWERED
CT-005881,C01776,WHATSAPP,2026-06-28 20:00:00,20,4,True,0.32,ANSWERED
CT-005882,C01776,WHATSAPP,2026-07-14 17:00:00,17,6,False,,IGNORED
CT-005883,C01777,SMS,2026-07-05 23:00:00,23,4,False,,IGNORED
CT-005884,C01777,SMS,2026-08-23 23:00:00,23,8,True,2.26,ANSWERED
CT-005885,C01778,APP_PUSH,2026-08-05 23:00:00,23,8,False,,IGNORED
CT-005886,C01778,CALL,2026-09-04 18:00:00,18,5,False,,IGNORED
CT-005887,C01779,APP_PUSH,2026-06-17 16:00:00,16,1,False,,IGNORED
CT-005888,C01779,WHATSAPP,2026-06-28 16:00:00,16,11,True,2.7,ANSWERED
CT-005889,C01780,SMS,2026-07-03 15:00:00,15,0,False,,IGNORED
CT-005890,C01780,APP_PUSH,2026-07-12 23:00:00,23,5,True,1.89,ANSWERED
CT-005891,C01780,APP_PUSH,2026-09-08 15:00:00,15,0,False,,REJECTED
CT-005892,C01780,SMS,2026-07-09 21:00:00,21,2,True,0.51,ANSWERED
CT-005893,C01780,WHATSAPP,2026-07-07 20:00:00,20,0,False,,IGNORED
CT-005894,C01780,APP_PUSH,2026-08-30 20:00:00,20,0,False,,IGNORED
CT-005895,C01781,SMS,2026-07-07 15:00:00,15,1,False,,IGNORED
CT-005896,C01781,SMS,2026-07-28 19:00:00,19,3,False,,IGNORED
CT-005897,C01782,CALL,2026-07-22 10:00:00,10,9,False,,IGNORED
CT-005898,C01782,CALL,2026-07-01 09:00:00,9,6,True,0.65,ANSWERED
CT-005899,C01783,APP_PUSH,2026-07-15 16:00:00,16,5,False,,IGNORED
CT-005900,C01783,APP_PUSH,2026-08-29 19:00:00,19,3,False,,IGNORED
CT-005901,C01784,WHATSAPP,2026-06-30 21:00:00,21,9,False,,IGNORED
CT-005902,C01784,APP_PUSH,2026-08-14 21:00:00,21,9,False,,REJECTED
CT-005903,C01784,CALL,2026-08-14 19:00:00,19,5,True,0.21,ANSWERED
CT-005904,C01784,CALL,2026-06-22 18:00:00,18,4,False,,IGNORED
CT-005905,C01784,CALL,2026-09-11 23:00:00,23,3,False,,IGNORED
CT-005906,C01784,CALL,2026-09-04 17:00:00,17,8,True,2.71,ANSWERED
CT-005907,C01785,SMS,2026-07-13 12:00:00,12,5,False,,IGNORED
CT-005908,C01785,WHATSAPP,2026-07-27 11:00:00,11,6,False,,IGNORED
CT-005909,C01785,APP_PUSH,2026-08-29 12:00:00,12,6,False,,IGNORED
CT-005910,C01786,SMS,2026-08-10 17:00:00,17,7,True,1.44,ANSWERED
CT-005911,C01786,SMS,2026-07-19 21:00:00,21,6,False,,IGNORED
CT-005912,C01786,SMS,2026-07-18 22:00:00,22,7,True,0.1,ANSWERED
CT-005913,C01786,SMS,2026-08-20 23:00:00,23,3,True,2.03,ANSWERED
CT-005914,C01787,SMS,2026-07-27 15:00:00,15,5,True,0.83,ANSWERED
CT-005915,C01787,APP_PUSH,2026-09-11 14:00:00,14,7,False,,IGNORED
CT-005916,C01787,SMS,2026-08-16 15:00:00,15,1,False,,IGNORED
CT-005917,C01787,CALL,2026-08-23 14:00:00,14,2,False,,REJECTED
CT-005918,C01787,SMS,2026-07-20 12:00:00,12,0,True,0.58,ANSWERED
CT-005919,C01787,SMS,2026-08-11 23:00:00,23,2,False,,IGNORED
CT-005920,C01788,SMS,2026-06-30 06:00:00,6,5,False,,REJECTED
CT-005921,C01788,CALL,2026-07-11 13:00:00,13,10,False,,IGNORED
CT-005922,C01788,SMS,2026-07-23 09:00:00,9,5,False,,REJECTED
CT-005923,C01788,WHATSAPP,2026-08-26 11:00:00,11,9,True,0.03,ANSWERED
CT-005924,C01788,SMS,2026-08-19 11:00:00,11,5,False,,IGNORED
CT-005925,C01790,WHATSAPP,2026-08-23 09:00:00,9,6,False,,IGNORED
CT-005926,C01790,CALL,2026-09-01 08:00:00,8,9,False,,IGNORED
CT-005927,C01791,SMS,2026-08-29 17:00:00,17,0,False,,IGNORED
CT-005928,C01791,CALL,2026-07-19 17:00:00,17,2,False,,IGNORED
CT-005929,C01791,CALL,2026-08-07 16:00:00,16,0,False,,REJECTED
CT-005930,C01792,APP_PUSH,2026-08-27 20:00:00,20,8,True,8.08,ANSWERED
CT-005931,C01792,APP_PUSH,2026-07-27 13:00:00,13,7,True,0.87,ANSWERED
CT-005932,C01792,WHATSAPP,2026-08-23 16:00:00,16,8,False,,IGNORED
CT-005933,C01792,APP_PUSH,2026-08-01 17:00:00,17,8,False,,REJECTED
CT-005934,C01792,APP_PUSH,2026-09-04 17:00:00,17,6,False,,IGNORED
CT-005935,C01792,APP_PUSH,2026-07-06 16:00:00,16,5,True,2.72,ANSWERED
CT-005936,C01793,WHATSAPP,2026-07-15 21:00:00,21,3,True,0.01,ANSWERED
CT-005937,C01793,WHATSAPP,2026-08-07 23:00:00,23,3,True,0.41,ANSWERED
CT-005938,C01793,WHATSAPP,2026-07-24 21:00:00,21,2,False,,IGNORED
CT-005939,C01794,SMS,2026-08-11 14:00:00,14,6,False,,IGNORED
CT-005940,C01795,CALL,2026-08-08 12:00:00,12,3,False,,IGNORED
CT-005941,C01795,SMS,2026-08-01 16:00:00,16,-1,False,,IGNORED
CT-005942,C01795,APP_PUSH,2026-07-26 15:00:00,15,2,False,,IGNORED
CT-005943,C01795,CALL,2026-07-15 11:00:00,11,0,False,,IGNORED
CT-005944,C01795,CALL,2026-08-08 17:00:00,17,6,False,,IGNORED
CT-005945,C01795,APP_PUSH,2026-06-27 11:00:00,11,2,False,,IGNORED
CT-005946,C01795,WHATSAPP,2026-08-24 22:00:00,22,1,False,,IGNORED
CT-005947,C01795,CALL,2026-09-05 14:00:00,14,1,False,,IGNORED
CT-005948,C01796,APP_PUSH,2026-06-28 09:00:00,9,3,True,1.38,ANSWERED
CT-005949,C01796,APP_PUSH,2026-09-10 12:00:00,12,5,False,,IGNORED
CT-005950,C01796,SMS,2026-09-10 10:00:00,10,4,False,,IGNORED
CT-005951,C01796,CALL,2026-08-17 04:00:00,4,3,False,,IGNORED
CT-005952,C01796,APP_PUSH,2026-07-19 09:00:00,9,4,False,,IGNORED
CT-005953,C01798,CALL,2026-08-12 15:00:00,15,7,False,,IGNORED
CT-005954,C01798,CALL,2026-07-03 17:00:00,17,7,True,1.27,ANSWERED
CT-005955,C01798,WHATSAPP,2026-07-20 15:00:00,15,5,True,1.5,ANSWERED
CT-005956,C01799,SMS,2026-08-29 15:00:00,15,4,True,1.62,ANSWERED
CT-005957,C01799,APP_PUSH,2026-08-18 14:00:00,14,4,True,1.44,ANSWERED
CT-005958,C01800,WHATSAPP,2026-07-25 12:00:00,12,1,False,,REJECTED
CT-005959,C01800,WHATSAPP,2026-07-03 13:00:00,13,8,False,,IGNORED
CT-005960,C01800,WHATSAPP,2026-07-31 06:00:00,6,9,False,,IGNORED
CT-005961,C01800,WHATSAPP,2026-09-09 10:00:00,10,7,True,1.16,ANSWERED
CT-005962,C01800,WHATSAPP,2026-06-23 15:00:00,15,6,False,,IGNORED
CT-005963,C01800,WHATSAPP,2026-07-29 16:00:00,16,2,False,,IGNORED
CT-005964,C01801,SMS,2026-07-08 21:00:00,21,1,True,7.68,ANSWERED
CT-005965,C01801,CALL,2026-07-31 17:00:00,17,3,False,,IGNORED
CT-005966,C01801,SMS,2026-08-04 19:00:00,19,1,False,,IGNORED
CT-005967,C01801,SMS,2026-09-03 22:00:00,22,2,True,0.73,ANSWERED
CT-005968,C01802,CALL,2026-07-04 19:00:00,19,4,False,,IGNORED
CT-005969,C01803,CALL,2026-07-29 10:00:00,10,1,False,,IGNORED
CT-005970,C01803,SMS,2026-07-10 09:00:00,9,0,False,,IGNORED
CT-005971,C01803,CALL,2026-08-08 11:00:00,11,0,False,,BOUNCED
CT-005972,C01803,CALL,2026-08-10 11:00:00,11,2,False,,REJECTED
CT-005973,C01803,CALL,2026-08-20 08:00:00,8,1,False,,IGNORED
CT-005974,C01803,SMS,2026-07-01 06:00:00,6,0,False,,IGNORED
CT-005975,C01803,APP_PUSH,2026-07-06 12:00:00,12,1,False,,IGNORED
CT-005976,C01804,WHATSAPP,2026-08-08 10:00:00,10,1,True,0.3,ANSWERED
CT-005977,C01804,SMS,2026-07-04 08:00:00,8,4,True,0.51,ANSWERED
CT-005978,C01804,SMS,2026-07-17 04:00:00,4,3,False,,IGNORED
CT-005979,C01804,SMS,2026-06-22 09:00:00,9,3,True,3.38,ANSWERED
CT-005980,C01804,SMS,2026-09-12 03:00:00,3,7,True,5.34,ANSWERED
CT-005981,C01805,APP_PUSH,2026-06-27 14:00:00,14,0,False,,IGNORED
CT-005982,C01806,CALL,2026-09-11 18:00:00,18,5,True,0.71,ANSWERED
CT-005983,C01806,CALL,2026-08-14 19:00:00,19,7,False,,IGNORED
CT-005984,C01806,CALL,2026-07-15 20:00:00,20,6,True,5.43,ANSWERED
CT-005985,C01806,CALL,2026-08-14 23:00:00,23,3,True,4.26,ANSWERED
CT-005986,C01807,SMS,2026-07-03 20:00:00,20,3,False,,IGNORED
CT-005987,C01807,SMS,2026-09-12 19:00:00,19,7,True,0.37,ANSWERED
CT-005988,C01807,WHATSAPP,2026-06-23 15:00:00,15,4,False,,IGNORED
CT-005989,C01807,CALL,2026-08-23 22:00:00,22,4,False,,IGNORED
CT-005990,C01807,CALL,2026-06-24 20:00:00,20,5,False,,IGNORED
CT-005991,C01807,CALL,2026-07-02 19:00:00,19,6,False,,IGNORED
CT-005992,C01807,CALL,2026-07-22 15:00:00,15,3,True,2.8,ANSWERED
CT-005993,C01807,APP_PUSH,2026-08-22 21:00:00,21,2,False,,IGNORED
CT-005994,C01807,SMS,2026-07-13 20:00:00,20,4,True,1.57,ANSWERED
CT-005995,C01807,CALL,2026-08-07 22:00:00,22,1,False,,IGNORED
CT-005996,C01808,CALL,2026-08-22 19:00:00,19,3,False,,IGNORED
CT-005997,C01808,CALL,2026-06-28 21:00:00,21,6,True,1.0,ANSWERED
CT-005998,C01808,CALL,2026-08-12 11:00:00,11,6,False,,REJECTED
CT-005999,C01808,CALL,2026-07-05 13:00:00,13,4,True,0.85,ANSWERED
CT-006000,C01808,CALL,2026-06-23 16:00:00,16,5,False,,IGNORED
CT-006001,C01808,CALL,2026-07-07 16:00:00,16,6,True,2.7,ANSWERED
CT-006002,C01808,SMS,2026-06-30 14:00:00,14,1,False,,IGNORED
CT-006003,C01808,CALL,2026-06-23 19:00:00,19,4,True,5.04,ANSWERED
CT-006004,C01809,WHATSAPP,2026-07-11 09:00:00,9,7,True,2.33,ANSWERED
CT-006005,C01809,WHATSAPP,2026-08-06 08:00:00,8,6,True,1.43,ANSWERED
CT-006006,C01809,WHATSAPP,2026-08-17 08:00:00,8,6,True,0.44,ANSWERED
CT-006007,C01810,SMS,2026-06-28 18:00:00,18,7,True,9.39,ANSWERED
CT-006008,C01810,SMS,2026-08-07 15:00:00,15,5,False,,REJECTED
CT-006009,C01810,SMS,2026-07-14 10:00:00,10,7,False,,IGNORED
CT-006010,C01811,SMS,2026-07-31 21:00:00,21,6,True,4.47,ANSWERED
CT-006011,C01811,SMS,2026-07-09 17:00:00,17,9,False,,REJECTED
CT-006012,C01813,CALL,2026-08-12 17:00:00,17,7,True,0.49,ANSWERED
CT-006013,C01813,APP_PUSH,2026-08-08 19:00:00,19,9,True,1.22,ANSWERED
CT-006014,C01815,CALL,2026-09-07 10:00:00,10,2,True,0.3,ANSWERED
CT-006015,C01815,CALL,2026-06-19 15:00:00,15,0,True,2.42,ANSWERED
CT-006016,C01815,SMS,2026-09-01 08:00:00,8,1,True,0.24,ANSWERED
CT-006017,C01816,CALL,2026-08-14 15:00:00,15,8,True,0.0,ANSWERED
CT-006018,C01816,CALL,2026-09-05 16:00:00,16,5,True,1.07,ANSWERED
CT-006019,C01816,SMS,2026-08-09 18:00:00,18,5,False,,IGNORED
CT-006020,C01817,WHATSAPP,2026-08-10 14:00:00,14,6,False,,IGNORED
CT-006021,C01817,APP_PUSH,2026-09-11 11:00:00,11,9,False,,IGNORED
CT-006022,C01817,WHATSAPP,2026-07-21 15:00:00,15,7,True,0.78,ANSWERED
CT-006023,C01817,APP_PUSH,2026-08-05 18:00:00,18,5,True,1.83,ANSWERED
CT-006024,C01817,APP_PUSH,2026-07-29 15:00:00,15,3,False,,IGNORED
CT-006025,C01818,APP_PUSH,2026-07-15 17:00:00,17,6,False,,IGNORED
CT-006026,C01819,APP_PUSH,2026-07-29 15:00:00,15,9,True,1.6,ANSWERED
CT-006027,C01819,WHATSAPP,2026-08-18 16:00:00,16,5,False,,IGNORED
CT-006028,C01820,SMS,2026-07-06 17:00:00,17,7,False,,BOUNCED
CT-006029,C01820,WHATSAPP,2026-07-31 17:00:00,17,9,False,,IGNORED
CT-006030,C01820,WHATSAPP,2026-08-16 12:00:00,12,7,False,,IGNORED
CT-006031,C01820,WHATSAPP,2026-08-21 17:00:00,17,7,False,,IGNORED
CT-006032,C01821,SMS,2026-09-08 09:00:00,9,2,False,,BOUNCED
CT-006033,C01821,CALL,2026-08-26 07:00:00,7,4,True,7.82,ANSWERED
CT-006034,C01821,CALL,2026-07-07 02:00:00,2,0,False,,BOUNCED
CT-006035,C01821,CALL,2026-07-15 15:00:00,15,1,False,,IGNORED
CT-006036,C01821,CALL,2026-08-29 10:00:00,10,5,True,1.79,ANSWERED
CT-006037,C01821,CALL,2026-08-09 09:00:00,9,2,False,,IGNORED
CT-006038,C01821,SMS,2026-08-04 12:00:00,12,2,False,,IGNORED
CT-006039,C01821,SMS,2026-07-29 08:00:00,8,-1,False,,IGNORED
CT-006040,C01821,CALL,2026-07-24 11:00:00,11,0,True,0.26,ANSWERED
CT-006041,C01821,CALL,2026-07-15 06:00:00,6,0,True,1.27,ANSWERED
CT-006042,C01821,WHATSAPP,2026-09-05 08:00:00,8,2,True,0.39,ANSWERED
CT-006043,C01821,SMS,2026-06-24 13:00:00,13,6,False,,REJECTED
CT-006044,C01821,CALL,2026-06-17 14:00:00,14,3,True,0.42,ANSWERED
CT-006045,C01821,CALL,2026-09-12 07:00:00,7,2,False,,IGNORED
CT-006046,C01821,SMS,2026-08-19 11:00:00,11,0,False,,IGNORED
CT-006047,C01822,SMS,2026-08-01 15:00:00,15,4,False,,IGNORED
CT-006048,C01822,SMS,2026-08-03 13:00:00,13,4,True,4.45,ANSWERED
CT-006049,C01822,SMS,2026-06-24 16:00:00,16,0,False,,IGNORED
CT-006050,C01822,WHATSAPP,2026-06-18 12:00:00,12,7,False,,BOUNCED
CT-006051,C01824,SMS,2026-08-11 11:00:00,11,2,True,0.87,ANSWERED
CT-006052,C01824,CALL,2026-08-11 11:00:00,11,5,True,2.67,ANSWERED
CT-006053,C01824,APP_PUSH,2026-08-27 08:00:00,8,1,False,,IGNORED
CT-006054,C01824,APP_PUSH,2026-07-17 13:00:00,13,5,True,0.15,ANSWERED
CT-006055,C01825,SMS,2026-08-07 08:00:00,8,5,True,0.69,ANSWERED
CT-006056,C01826,APP_PUSH,2026-06-28 23:00:00,23,5,False,,REJECTED
CT-006057,C01826,APP_PUSH,2026-07-27 19:00:00,19,11,False,,IGNORED
CT-006058,C01826,APP_PUSH,2026-08-11 21:00:00,21,4,True,0.53,ANSWERED
CT-006059,C01828,SMS,2026-08-14 04:00:00,4,3,False,,IGNORED
CT-006060,C01829,WHATSAPP,2026-06-19 14:00:00,14,7,False,,IGNORED
CT-006061,C01829,WHATSAPP,2026-07-14 12:00:00,12,7,False,,IGNORED
CT-006062,C01829,WHATSAPP,2026-08-28 11:00:00,11,11,False,,IGNORED
CT-006063,C01829,WHATSAPP,2026-07-05 17:00:00,17,8,True,0.98,ANSWERED
CT-006064,C01829,APP_PUSH,2026-06-30 14:00:00,14,4,False,,REJECTED
CT-006065,C01829,CALL,2026-07-28 14:00:00,14,8,False,,IGNORED
CT-006066,C01830,SMS,2026-08-20 14:00:00,14,7,False,,IGNORED
CT-006067,C01830,SMS,2026-08-25 21:00:00,21,5,True,0.02,ANSWERED
CT-006068,C01830,SMS,2026-08-30 17:00:00,17,9,False,,IGNORED
CT-006069,C01830,APP_PUSH,2026-09-08 19:00:00,19,4,False,,IGNORED
CT-006070,C01830,SMS,2026-08-30 16:00:00,16,7,True,0.67,ANSWERED
CT-006071,C01830,SMS,2026-06-30 22:00:00,22,1,False,,IGNORED
CT-006072,C01830,SMS,2026-08-04 17:00:00,17,10,True,1.7,ANSWERED
CT-006073,C01830,SMS,2026-08-26 20:00:00,20,5,True,3.02,ANSWERED
CT-006074,C01831,CALL,2026-07-21 20:00:00,20,0,False,,IGNORED
CT-006075,C01831,CALL,2026-07-16 21:00:00,21,4,False,,IGNORED
CT-006076,C01832,CALL,2026-07-05 18:00:00,18,8,False,,IGNORED
CT-006077,C01832,CALL,2026-08-09 19:00:00,19,10,False,,IGNORED
CT-006078,C01832,SMS,2026-08-12 20:00:00,20,6,False,,IGNORED
CT-006079,C01832,CALL,2026-07-28 21:00:00,21,6,False,,IGNORED
CT-006080,C01833,WHATSAPP,2026-07-24 13:00:00,13,4,True,2.34,ANSWERED
CT-006081,C01833,WHATSAPP,2026-07-03 11:00:00,11,3,False,,IGNORED
CT-006082,C01833,SMS,2026-08-16 11:00:00,11,1,False,,REJECTED
CT-006083,C01833,APP_PUSH,2026-07-19 10:00:00,10,1,False,,IGNORED
CT-006084,C01833,WHATSAPP,2026-08-08 07:00:00,7,0,True,2.06,ANSWERED
CT-006085,C01834,APP_PUSH,2026-09-04 10:00:00,10,0,False,,IGNORED
CT-006086,C01834,CALL,2026-06-30 06:00:00,6,0,False,,REJECTED
CT-006087,C01835,CALL,2026-07-02 04:00:00,4,7,False,,IGNORED
CT-006088,C01835,APP_PUSH,2026-06-18 10:00:00,10,4,True,4.19,ANSWERED
CT-006089,C01836,WHATSAPP,2026-07-04 19:00:00,19,4,True,0.25,ANSWERED
CT-006090,C01836,WHATSAPP,2026-09-10 21:00:00,21,7,False,,IGNORED
CT-006091,C01837,WHATSAPP,2026-07-22 17:00:00,17,4,True,2.91,ANSWERED
CT-006092,C01837,WHATSAPP,2026-08-22 20:00:00,20,5,True,0.22,ANSWERED
CT-006093,C01837,WHATSAPP,2026-08-26 14:00:00,14,0,False,,IGNORED
CT-006094,C01837,WHATSAPP,2026-09-11 13:00:00,13,4,False,,REJECTED
CT-006095,C01837,WHATSAPP,2026-09-12 09:00:00,9,3,True,0.5,ANSWERED
CT-006096,C01837,SMS,2026-08-11 16:00:00,16,2,False,,IGNORED
CT-006097,C01838,WHATSAPP,2026-06-16 21:00:00,21,10,False,,BOUNCED
CT-006098,C01839,APP_PUSH,2026-08-23 08:00:00,8,5,False,,IGNORED
CT-006099,C01841,APP_PUSH,2026-08-12 11:00:00,11,7,False,,IGNORED
CT-006100,C01841,CALL,2026-07-13 17:00:00,17,4,True,5.42,ANSWERED
CT-006101,C01842,SMS,2026-07-08 23:00:00,23,10,False,,REJECTED
CT-006102,C01842,SMS,2026-08-08 14:00:00,14,9,True,3.65,ANSWERED
CT-006103,C01842,SMS,2026-06-24 13:00:00,13,4,False,,IGNORED
CT-006104,C01842,SMS,2026-06-25 12:00:00,12,5,True,0.65,ANSWERED
CT-006105,C01842,SMS,2026-07-08 16:00:00,16,6,True,1.98,ANSWERED
CT-006106,C01843,CALL,2026-06-27 23:00:00,23,3,False,,IGNORED
CT-006107,C01843,CALL,2026-07-14 18:00:00,18,3,True,5.41,ANSWERED
CT-006108,C01844,CALL,2026-07-24 09:00:00,9,6,True,0.31,ANSWERED
CT-006109,C01844,SMS,2026-08-04 11:00:00,11,5,True,3.16,ANSWERED
CT-006110,C01844,CALL,2026-09-01 13:00:00,13,8,False,,IGNORED
CT-006111,C01844,CALL,2026-06-20 11:00:00,11,8,False,,IGNORED
CT-006112,C01844,CALL,2026-08-11 18:00:00,18,8,False,,BOUNCED
CT-006113,C01845,WHATSAPP,2026-08-20 19:00:00,19,3,False,,REJECTED
CT-006114,C01845,SMS,2026-06-28 16:00:00,16,3,False,,REJECTED
CT-006115,C01845,SMS,2026-08-25 20:00:00,20,8,False,,IGNORED
CT-006116,C01845,SMS,2026-08-28 17:00:00,17,2,False,,IGNORED
CT-006117,C01845,WHATSAPP,2026-07-26 15:00:00,15,6,False,,IGNORED
CT-006118,C01846,SMS,2026-08-24 07:00:00,7,2,False,,BOUNCED
CT-006119,C01846,SMS,2026-06-28 10:00:00,10,0,True,0.57,ANSWERED
CT-006120,C01846,SMS,2026-08-06 15:00:00,15,5,False,,IGNORED
CT-006121,C01846,WHATSAPP,2026-08-01 08:00:00,8,0,False,,IGNORED
CT-006122,C01846,SMS,2026-09-05 06:00:00,6,3,False,,REJECTED
CT-006123,C01847,CALL,2026-06-18 12:00:00,12,3,True,0.21,ANSWERED
CT-006124,C01847,WHATSAPP,2026-09-11 16:00:00,16,7,True,0.06,ANSWERED
CT-006125,C01847,SMS,2026-07-14 17:00:00,17,5,False,,IGNORED
CT-006126,C01847,WHATSAPP,2026-08-19 15:00:00,15,7,True,0.1,ANSWERED
CT-006127,C01847,WHATSAPP,2026-06-22 23:00:00,23,2,False,,IGNORED
CT-006128,C01847,SMS,2026-07-29 12:00:00,12,1,True,1.41,ANSWERED
CT-006129,C01848,CALL,2026-06-27 07:00:00,7,2,True,0.88,ANSWERED
CT-006130,C01848,CALL,2026-08-04 11:00:00,11,1,False,,IGNORED
CT-006131,C01848,WHATSAPP,2026-06-20 05:00:00,5,1,False,,REJECTED
CT-006132,C01848,WHATSAPP,2026-07-02 08:00:00,8,-2,False,,IGNORED
CT-006133,C01848,CALL,2026-07-02 09:00:00,9,5,False,,IGNORED
CT-006134,C01849,WHATSAPP,2026-07-17 15:00:00,15,6,False,,REJECTED
CT-006135,C01849,SMS,2026-07-19 10:00:00,10,10,False,,IGNORED
CT-006136,C01849,WHATSAPP,2026-07-15 17:00:00,17,5,False,,REJECTED
CT-006137,C01849,SMS,2026-08-26 15:00:00,15,9,False,,REJECTED
CT-006138,C01850,WHATSAPP,2026-09-01 18:00:00,18,6,False,,IGNORED
CT-006139,C01850,CALL,2026-08-28 17:00:00,17,8,True,0.03,ANSWERED
CT-006140,C01851,APP_PUSH,2026-08-19 06:00:00,6,0,True,2.24,ANSWERED
CT-006141,C01852,WHATSAPP,2026-08-20 17:00:00,17,1,False,,IGNORED
CT-006142,C01852,WHATSAPP,2026-08-13 16:00:00,16,8,False,,REJECTED
CT-006143,C01852,WHATSAPP,2026-08-03 14:00:00,14,5,False,,IGNORED
CT-006144,C01852,WHATSAPP,2026-07-24 17:00:00,17,2,False,,BOUNCED
CT-006145,C01852,APP_PUSH,2026-07-23 15:00:00,15,3,True,5.15,ANSWERED
CT-006146,C01852,WHATSAPP,2026-08-07 13:00:00,13,7,True,2.8,ANSWERED
CT-006147,C01853,CALL,2026-07-25 20:00:00,20,9,False,,IGNORED
CT-006148,C01854,APP_PUSH,2026-08-19 16:00:00,16,3,False,,IGNORED
CT-006149,C01854,SMS,2026-07-10 22:00:00,22,4,False,,IGNORED
CT-006150,C01854,CALL,2026-07-12 22:00:00,22,3,False,,REJECTED
CT-006151,C01854,WHATSAPP,2026-08-13 19:00:00,19,1,False,,REJECTED
CT-006152,C01855,CALL,2026-07-29 15:00:00,15,6,False,,IGNORED
CT-006153,C01856,SMS,2026-08-01 19:00:00,19,9,True,16.1,ANSWERED
CT-006154,C01856,SMS,2026-09-02 21:00:00,21,8,True,6.16,ANSWERED
CT-006155,C01856,SMS,2026-09-12 21:00:00,21,3,False,,IGNORED
CT-006156,C01856,SMS,2026-08-21 19:00:00,19,5,False,,REJECTED
CT-006157,C01856,SMS,2026-08-24 19:00:00,19,7,False,,IGNORED
CT-006158,C01857,WHATSAPP,2026-06-24 05:00:00,5,3,True,2.57,ANSWERED
CT-006159,C01857,CALL,2026-08-22 07:00:00,7,3,True,7.01,ANSWERED
CT-006160,C01857,WHATSAPP,2026-06-30 05:00:00,5,7,True,2.1,ANSWERED
CT-006161,C01857,CALL,2026-07-28 05:00:00,5,1,False,,IGNORED
CT-006162,C01858,APP_PUSH,2026-06-20 19:00:00,19,4,False,,IGNORED
CT-006163,C01858,CALL,2026-07-16 14:00:00,14,2,False,,IGNORED
CT-006164,C01858,CALL,2026-08-31 11:00:00,11,1,False,,IGNORED
CT-006165,C01858,CALL,2026-07-16 11:00:00,11,0,True,1.69,ANSWERED
CT-006166,C01859,APP_PUSH,2026-07-06 10:00:00,10,6,False,,IGNORED
CT-006167,C01859,APP_PUSH,2026-09-04 02:00:00,2,2,False,,IGNORED
CT-006168,C01859,WHATSAPP,2026-08-24 07:00:00,7,4,False,,IGNORED
CT-006169,C01859,WHATSAPP,2026-06-18 06:00:00,6,4,True,1.78,ANSWERED
CT-006170,C01859,SMS,2026-07-29 09:00:00,9,5,False,,IGNORED
CT-006171,C01860,SMS,2026-08-24 16:00:00,16,3,True,0.87,ANSWERED
CT-006172,C01860,WHATSAPP,2026-06-19 21:00:00,21,6,True,0.17,ANSWERED
CT-006173,C01861,CALL,2026-07-20 15:00:00,15,5,False,,IGNORED
CT-006174,C01861,APP_PUSH,2026-08-12 17:00:00,17,1,False,,IGNORED
CT-006175,C01862,CALL,2026-06-28 15:00:00,15,4,False,,IGNORED
CT-006176,C01862,WHATSAPP,2026-08-15 12:00:00,12,6,True,1.2,ANSWERED
CT-006177,C01862,CALL,2026-06-22 14:00:00,14,8,False,,IGNORED
CT-006178,C01862,CALL,2026-08-06 09:00:00,9,8,False,,IGNORED
CT-006179,C01862,SMS,2026-08-16 06:00:00,6,3,False,,IGNORED
CT-006180,C01862,CALL,2026-07-03 12:00:00,12,3,False,,IGNORED
CT-006181,C01862,CALL,2026-08-12 13:00:00,13,2,False,,IGNORED
CT-006182,C01862,CALL,2026-07-29 08:00:00,8,2,False,,IGNORED
CT-006183,C01862,CALL,2026-08-13 11:00:00,11,8,True,0.09,ANSWERED
CT-006184,C01863,CALL,2026-07-07 18:00:00,18,4,True,1.36,ANSWERED
CT-006185,C01863,CALL,2026-07-27 18:00:00,18,1,True,1.21,ANSWERED
CT-006186,C01863,CALL,2026-08-26 13:00:00,13,3,True,1.71,ANSWERED
CT-006187,C01864,APP_PUSH,2026-07-07 20:00:00,20,3,True,0.28,ANSWERED
CT-006188,C01864,APP_PUSH,2026-07-06 19:00:00,19,1,True,6.07,ANSWERED
CT-006189,C01864,SMS,2026-07-18 17:00:00,17,2,False,,REJECTED
CT-006190,C01865,CALL,2026-08-20 23:00:00,23,4,False,,REJECTED
CT-006191,C01865,APP_PUSH,2026-06-26 18:00:00,18,0,False,,IGNORED
CT-006192,C01865,WHATSAPP,2026-08-01 18:00:00,18,2,True,1.55,ANSWERED
CT-006193,C01865,WHATSAPP,2026-08-25 17:00:00,17,0,False,,IGNORED
CT-006194,C01866,APP_PUSH,2026-07-21 11:00:00,11,8,False,,IGNORED
CT-006195,C01866,WHATSAPP,2026-07-15 14:00:00,14,7,True,4.0,ANSWERED
CT-006196,C01866,WHATSAPP,2026-07-30 12:00:00,12,9,False,,IGNORED
CT-006197,C01866,WHATSAPP,2026-09-06 14:00:00,14,6,True,3.04,ANSWERED
CT-006198,C01866,WHATSAPP,2026-08-19 13:00:00,13,5,False,,IGNORED
CT-006199,C01866,WHATSAPP,2026-09-02 17:00:00,17,11,True,0.64,ANSWERED
CT-006200,C01866,WHATSAPP,2026-08-19 15:00:00,15,5,True,0.22,ANSWERED
CT-006201,C01866,WHATSAPP,2026-07-05 15:00:00,15,7,True,4.17,ANSWERED
CT-006202,C01867,SMS,2026-08-14 13:00:00,13,3,True,0.15,ANSWERED
CT-006203,C01867,SMS,2026-07-11 11:00:00,11,2,False,,IGNORED
CT-006204,C01867,CALL,2026-09-02 16:00:00,16,7,False,,IGNORED
CT-006205,C01867,SMS,2026-08-25 13:00:00,13,6,False,,IGNORED
CT-006206,C01867,SMS,2026-08-13 11:00:00,11,2,False,,IGNORED
CT-006207,C01867,CALL,2026-09-02 10:00:00,10,9,False,,IGNORED
CT-006208,C01867,SMS,2026-09-05 12:00:00,12,1,True,0.18,ANSWERED
CT-006209,C01868,APP_PUSH,2026-07-08 09:00:00,9,1,False,,IGNORED
CT-006210,C01868,WHATSAPP,2026-06-16 07:00:00,7,8,False,,IGNORED
CT-006211,C01869,APP_PUSH,2026-08-17 15:00:00,15,3,True,2.18,ANSWERED
CT-006212,C01869,APP_PUSH,2026-07-01 04:00:00,4,6,False,,IGNORED
CT-006213,C01869,APP_PUSH,2026-08-28 12:00:00,12,6,True,6.19,ANSWERED
CT-006214,C01870,WHATSAPP,2026-08-09 14:00:00,14,0,False,,IGNORED
CT-006215,C01870,APP_PUSH,2026-07-01 09:00:00,9,0,False,,IGNORED
CT-006216,C01871,CALL,2026-08-02 11:00:00,11,-2,True,0.73,ANSWERED
CT-006217,C01872,WHATSAPP,2026-06-21 20:00:00,20,4,True,0.56,ANSWERED
CT-006218,C01872,WHATSAPP,2026-08-22 15:00:00,15,6,False,,IGNORED
CT-006219,C01872,WHATSAPP,2026-08-17 19:00:00,19,5,False,,IGNORED
CT-006220,C01873,APP_PUSH,2026-08-07 11:00:00,11,7,True,0.98,ANSWERED
CT-006221,C01873,WHATSAPP,2026-08-19 16:00:00,16,6,False,,IGNORED
CT-006222,C01873,SMS,2026-06-19 14:00:00,14,8,True,1.19,ANSWERED
CT-006223,C01873,APP_PUSH,2026-07-01 07:00:00,7,7,False,,IGNORED
CT-006224,C01873,APP_PUSH,2026-09-12 10:00:00,10,8,False,,IGNORED
CT-006225,C01873,APP_PUSH,2026-09-08 18:00:00,18,7,False,,BOUNCED
CT-006226,C01873,APP_PUSH,2026-07-06 12:00:00,12,7,False,,IGNORED
CT-006227,C01873,APP_PUSH,2026-07-10 11:00:00,11,4,False,,BOUNCED
CT-006228,C01874,SMS,2026-09-12 11:00:00,11,6,False,,IGNORED
CT-006229,C01874,SMS,2026-07-20 06:00:00,6,6,True,1.57,ANSWERED
CT-006230,C01874,SMS,2026-07-28 10:00:00,10,9,False,,IGNORED
CT-006231,C01875,APP_PUSH,2026-08-12 09:00:00,9,4,False,,IGNORED
CT-006232,C01875,APP_PUSH,2026-09-11 15:00:00,15,1,False,,REJECTED
CT-006233,C01875,APP_PUSH,2026-06-21 12:00:00,12,1,False,,REJECTED
CT-006234,C01875,SMS,2026-08-14 06:00:00,6,2,False,,IGNORED
CT-006235,C01875,APP_PUSH,2026-09-08 09:00:00,9,2,False,,IGNORED
CT-006236,C01875,APP_PUSH,2026-08-23 07:00:00,7,4,True,0.18,ANSWERED
CT-006237,C01875,CALL,2026-07-16 11:00:00,11,3,True,0.23,ANSWERED
CT-006238,C01875,CALL,2026-09-11 12:00:00,12,5,False,,IGNORED
CT-006239,C01876,SMS,2026-08-28 09:00:00,9,8,False,,REJECTED
CT-006240,C01876,SMS,2026-08-02 15:00:00,15,4,False,,IGNORED
CT-006241,C01876,SMS,2026-06-24 13:00:00,13,5,False,,IGNORED
CT-006242,C01877,WHATSAPP,2026-08-02 21:00:00,21,8,False,,IGNORED
CT-006243,C01877,CALL,2026-08-01 05:00:00,5,7,False,,IGNORED
CT-006244,C01878,SMS,2026-09-01 11:00:00,11,8,False,,IGNORED
CT-006245,C01879,SMS,2026-08-25 16:00:00,16,-2,True,5.24,ANSWERED
CT-006246,C01880,SMS,2026-06-27 12:00:00,12,6,False,,IGNORED
CT-006247,C01880,WHATSAPP,2026-07-19 12:00:00,12,9,False,,IGNORED
CT-006248,C01880,WHATSAPP,2026-09-07 18:00:00,18,3,False,,REJECTED
CT-006249,C01881,SMS,2026-07-25 09:00:00,9,2,True,1.52,ANSWERED
CT-006250,C01881,APP_PUSH,2026-08-17 09:00:00,9,3,False,,IGNORED
CT-006251,C01882,CALL,2026-08-21 08:00:00,8,6,False,,IGNORED
CT-006252,C01882,APP_PUSH,2026-07-04 12:00:00,12,3,True,4.17,ANSWERED
CT-006253,C01883,APP_PUSH,2026-07-01 13:00:00,13,1,True,3.09,ANSWERED
CT-006254,C01883,WHATSAPP,2026-08-21 08:00:00,8,2,False,,IGNORED
CT-006255,C01884,APP_PUSH,2026-09-08 20:00:00,20,5,False,,IGNORED
CT-006256,C01884,WHATSAPP,2026-07-06 16:00:00,16,4,False,,IGNORED
CT-006257,C01885,WHATSAPP,2026-09-01 19:00:00,19,4,False,,IGNORED
CT-006258,C01885,WHATSAPP,2026-07-31 19:00:00,19,1,False,,IGNORED
CT-006259,C01885,APP_PUSH,2026-07-10 21:00:00,21,5,False,,IGNORED
CT-006260,C01885,WHATSAPP,2026-06-19 23:00:00,23,1,False,,IGNORED
CT-006261,C01885,WHATSAPP,2026-08-29 21:00:00,21,3,True,1.54,ANSWERED
CT-006262,C01886,SMS,2026-06-17 18:00:00,18,7,False,,REJECTED
CT-006263,C01886,CALL,2026-08-12 20:00:00,20,7,False,,REJECTED
CT-006264,C01886,CALL,2026-08-25 14:00:00,14,9,False,,BOUNCED
CT-006265,C01886,CALL,2026-08-24 23:00:00,23,5,False,,IGNORED
CT-006266,C01886,SMS,2026-09-03 18:00:00,18,6,False,,IGNORED
CT-006267,C01886,SMS,2026-09-08 22:00:00,22,4,True,1.56,ANSWERED
CT-006268,C01886,SMS,2026-08-25 21:00:00,21,5,False,,IGNORED
CT-006269,C01887,WHATSAPP,2026-08-09 22:00:00,22,7,True,1.04,ANSWERED
CT-006270,C01888,APP_PUSH,2026-09-06 13:00:00,13,3,False,,IGNORED
CT-006271,C01888,APP_PUSH,2026-09-07 18:00:00,18,1,True,0.32,ANSWERED
CT-006272,C01888,SMS,2026-07-07 18:00:00,18,1,False,,IGNORED
CT-006273,C01889,CALL,2026-06-25 23:00:00,23,7,False,,IGNORED
CT-006274,C01889,SMS,2026-06-21 14:00:00,14,5,False,,IGNORED
CT-006275,C01889,SMS,2026-07-02 19:00:00,19,4,False,,IGNORED
CT-006276,C01889,WHATSAPP,2026-08-30 23:00:00,23,6,False,,IGNORED
CT-006277,C01890,SMS,2026-08-31 23:00:00,23,1,False,,IGNORED
CT-006278,C01891,APP_PUSH,2026-07-27 13:00:00,13,0,False,,IGNORED
CT-006279,C01891,APP_PUSH,2026-08-22 14:00:00,14,1,True,1.47,ANSWERED
CT-006280,C01891,APP_PUSH,2026-08-27 13:00:00,13,3,True,0.17,ANSWERED
CT-006281,C01892,CALL,2026-06-30 09:00:00,9,2,False,,IGNORED
CT-006282,C01892,CALL,2026-07-20 16:00:00,16,0,False,,IGNORED
CT-006283,C01892,WHATSAPP,2026-06-25 13:00:00,13,2,False,,IGNORED
CT-006284,C01893,SMS,2026-07-25 10:00:00,10,3,False,,IGNORED
CT-006285,C01893,SMS,2026-06-17 02:00:00,2,3,False,,IGNORED
CT-006286,C01893,WHATSAPP,2026-08-01 14:00:00,14,5,True,0.05,ANSWERED
CT-006287,C01893,WHATSAPP,2026-07-13 13:00:00,13,4,True,1.12,ANSWERED
CT-006288,C01893,WHATSAPP,2026-07-01 07:00:00,7,4,False,,REJECTED
CT-006289,C01894,CALL,2026-08-23 09:00:00,9,5,True,0.05,ANSWERED
CT-006290,C01894,WHATSAPP,2026-06-29 07:00:00,7,5,True,1.13,ANSWERED
CT-006291,C01894,APP_PUSH,2026-08-29 07:00:00,7,2,True,2.46,ANSWERED
CT-006292,C01894,CALL,2026-07-25 12:00:00,12,7,False,,IGNORED
CT-006293,C01894,WHATSAPP,2026-07-22 07:00:00,7,3,False,,IGNORED
CT-006294,C01895,WHATSAPP,2026-08-06 17:00:00,17,2,False,,IGNORED
CT-006295,C01895,APP_PUSH,2026-06-22 11:00:00,11,5,False,,IGNORED
CT-006296,C01895,APP_PUSH,2026-08-29 14:00:00,14,3,False,,IGNORED
CT-006297,C01895,APP_PUSH,2026-07-07 18:00:00,18,4,True,0.1,ANSWERED
CT-006298,C01895,APP_PUSH,2026-06-23 19:00:00,19,2,False,,IGNORED
CT-006299,C01895,APP_PUSH,2026-07-28 15:00:00,15,2,True,7.06,ANSWERED
CT-006300,C01895,APP_PUSH,2026-06-25 10:00:00,10,0,False,,IGNORED
CT-006301,C01896,APP_PUSH,2026-06-23 22:00:00,22,2,False,,IGNORED
CT-006302,C01896,SMS,2026-06-17 16:00:00,16,0,False,,IGNORED
CT-006303,C01896,WHATSAPP,2026-07-17 17:00:00,17,7,False,,IGNORED
CT-006304,C01897,APP_PUSH,2026-07-12 15:00:00,15,4,False,,IGNORED
CT-006305,C01897,WHATSAPP,2026-09-02 13:00:00,13,7,False,,IGNORED
CT-006306,C01898,CALL,2026-08-08 13:00:00,13,8,False,,IGNORED
CT-006307,C01898,CALL,2026-08-30 18:00:00,18,4,False,,IGNORED
CT-006308,C01898,CALL,2026-08-12 13:00:00,13,8,False,,IGNORED
CT-006309,C01898,CALL,2026-07-15 10:00:00,10,4,True,2.21,ANSWERED
CT-006310,C01898,CALL,2026-08-04 17:00:00,17,8,False,,REJECTED
CT-006311,C01898,CALL,2026-07-11 13:00:00,13,8,False,,IGNORED
CT-006312,C01899,APP_PUSH,2026-06-19 21:00:00,21,4,False,,IGNORED
CT-006313,C01899,APP_PUSH,2026-06-21 17:00:00,17,8,False,,IGNORED
CT-006314,C01899,APP_PUSH,2026-07-13 20:00:00,20,5,True,2.22,ANSWERED
CT-006315,C01900,CALL,2026-07-24 15:00:00,15,10,False,,IGNORED
CT-006316,C01900,CALL,2026-07-06 17:00:00,17,3,True,0.52,ANSWERED
CT-006317,C01901,WHATSAPP,2026-08-04 05:00:00,5,6,True,2.74,ANSWERED
CT-006318,C01901,CALL,2026-07-08 09:00:00,9,10,False,,REJECTED
CT-006319,C01902,APP_PUSH,2026-07-08 14:00:00,14,2,False,,IGNORED
CT-006320,C01902,CALL,2026-08-19 14:00:00,14,2,False,,REJECTED
CT-006321,C01902,WHATSAPP,2026-08-30 14:00:00,14,6,False,,REJECTED
CT-006322,C01902,CALL,2026-06-27 09:00:00,9,4,False,,IGNORED
CT-006323,C01903,SMS,2026-07-13 19:00:00,19,2,False,,IGNORED
CT-006324,C01903,WHATSAPP,2026-07-13 20:00:00,20,2,False,,IGNORED
CT-006325,C01903,WHATSAPP,2026-07-28 19:00:00,19,2,False,,IGNORED
CT-006326,C01903,CALL,2026-07-04 19:00:00,19,1,False,,IGNORED
CT-006327,C01904,WHATSAPP,2026-09-04 16:00:00,16,3,False,,IGNORED
CT-006328,C01904,APP_PUSH,2026-08-19 23:00:00,23,3,False,,IGNORED
CT-006329,C01904,APP_PUSH,2026-06-23 20:00:00,20,1,False,,IGNORED
CT-006330,C01904,APP_PUSH,2026-06-24 19:00:00,19,4,True,1.1,ANSWERED
CT-006331,C01904,SMS,2026-07-31 21:00:00,21,0,True,3.13,ANSWERED
CT-006332,C01904,APP_PUSH,2026-07-22 15:00:00,15,4,False,,IGNORED
CT-006333,C01905,SMS,2026-06-25 10:00:00,10,3,False,,IGNORED
CT-006334,C01905,CALL,2026-07-11 15:00:00,15,3,True,1.54,ANSWERED
CT-006335,C01905,APP_PUSH,2026-08-28 08:00:00,8,7,False,,IGNORED
CT-006336,C01905,SMS,2026-09-05 12:00:00,12,2,False,,IGNORED
CT-006337,C01906,SMS,2026-06-29 03:00:00,3,8,False,,IGNORED
CT-006338,C01906,SMS,2026-08-13 09:00:00,9,6,False,,IGNORED
CT-006339,C01906,WHATSAPP,2026-06-27 08:00:00,8,8,True,0.62,ANSWERED
CT-006340,C01906,APP_PUSH,2026-08-30 07:00:00,7,7,True,1.83,ANSWERED
CT-006341,C01907,CALL,2026-08-06 10:00:00,10,5,False,,IGNORED
CT-006342,C01907,APP_PUSH,2026-06-18 10:00:00,10,6,False,,IGNORED
CT-006343,C01907,APP_PUSH,2026-07-02 11:00:00,11,7,True,0.1,ANSWERED
CT-006344,C01907,CALL,2026-08-30 13:00:00,13,4,False,,IGNORED
CT-006345,C01907,APP_PUSH,2026-07-30 17:00:00,17,3,True,5.65,ANSWERED
CT-006346,C01907,APP_PUSH,2026-07-25 15:00:00,15,0,True,3.87,ANSWERED
CT-006347,C01907,APP_PUSH,2026-07-20 11:00:00,11,3,True,1.01,ANSWERED
CT-006348,C01908,WHATSAPP,2026-09-09 17:00:00,17,7,False,,IGNORED
CT-006349,C01908,WHATSAPP,2026-08-23 21:00:00,21,3,False,,REJECTED
CT-006350,C01908,WHATSAPP,2026-07-12 20:00:00,20,4,True,2.02,ANSWERED
CT-006351,C01908,WHATSAPP,2026-07-08 20:00:00,20,2,False,,IGNORED
CT-006352,C01909,APP_PUSH,2026-08-28 14:00:00,14,6,False,,REJECTED
CT-006353,C01909,APP_PUSH,2026-07-22 13:00:00,13,7,True,0.05,ANSWERED
CT-006354,C01910,WHATSAPP,2026-08-24 14:00:00,14,2,True,0.11,ANSWERED
CT-006355,C01910,CALL,2026-08-07 17:00:00,17,2,True,0.23,ANSWERED
CT-006356,C01910,WHATSAPP,2026-08-25 14:00:00,14,1,False,,IGNORED
CT-006357,C01910,APP_PUSH,2026-06-24 03:00:00,3,1,False,,REJECTED
CT-006358,C01911,APP_PUSH,2026-07-19 11:00:00,11,4,True,0.58,ANSWERED
CT-006359,C01912,APP_PUSH,2026-07-05 20:00:00,20,9,False,,REJECTED
CT-006360,C01912,APP_PUSH,2026-09-07 16:00:00,16,7,False,,REJECTED
CT-006361,C01912,SMS,2026-08-21 18:00:00,18,5,False,,IGNORED
CT-006362,C01913,CALL,2026-09-12 14:00:00,14,12,True,6.05,ANSWERED
CT-006363,C01913,CALL,2026-07-10 22:00:00,22,5,False,,REJECTED
CT-006364,C01913,SMS,2026-07-25 13:00:00,13,3,False,,IGNORED
CT-006365,C01913,WHATSAPP,2026-07-07 20:00:00,20,3,False,,IGNORED
CT-006366,C01913,SMS,2026-07-12 20:00:00,20,6,True,3.59,ANSWERED
CT-006367,C01914,SMS,2026-08-28 08:00:00,8,2,True,0.03,ANSWERED
CT-006368,C01914,SMS,2026-08-13 10:00:00,10,0,True,1.51,ANSWERED
CT-006369,C01915,CALL,2026-08-10 18:00:00,18,4,True,1.3,ANSWERED
CT-006370,C01916,SMS,2026-07-19 10:00:00,10,9,False,,IGNORED
CT-006371,C01916,APP_PUSH,2026-08-15 11:00:00,11,10,True,2.56,ANSWERED
CT-006372,C01916,CALL,2026-08-18 04:00:00,4,8,False,,IGNORED
CT-006373,C01916,SMS,2026-06-28 10:00:00,10,11,True,0.11,ANSWERED
CT-006374,C01917,WHATSAPP,2026-09-03 11:00:00,11,9,False,,IGNORED
CT-006375,C01917,APP_PUSH,2026-07-30 10:00:00,10,5,False,,REJECTED
CT-006376,C01917,WHATSAPP,2026-07-05 11:00:00,11,5,False,,IGNORED
CT-006377,C01918,WHATSAPP,2026-07-26 13:00:00,13,6,True,1.51,ANSWERED
CT-006378,C01918,WHATSAPP,2026-08-22 20:00:00,20,6,False,,IGNORED
CT-006379,C01918,WHATSAPP,2026-06-28 19:00:00,19,5,True,0.27,ANSWERED
CT-006380,C01918,APP_PUSH,2026-07-29 15:00:00,15,5,False,,IGNORED
CT-006381,C01918,WHATSAPP,2026-07-28 18:00:00,18,5,False,,IGNORED
CT-006382,C01919,APP_PUSH,2026-09-12 13:00:00,13,-1,False,,REJECTED
CT-006383,C01919,WHATSAPP,2026-06-17 20:00:00,20,0,True,0.06,ANSWERED
CT-006384,C01919,WHATSAPP,2026-07-20 18:00:00,18,1,True,0.86,ANSWERED
CT-006385,C01920,SMS,2026-07-14 16:00:00,16,4,True,0.91,ANSWERED
CT-006386,C01920,SMS,2026-07-25 13:00:00,13,3,True,2.73,ANSWERED
CT-006387,C01920,SMS,2026-08-11 19:00:00,19,3,True,4.23,ANSWERED
CT-006388,C01920,SMS,2026-08-20 12:00:00,12,5,True,0.56,ANSWERED
CT-006389,C01920,SMS,2026-06-27 15:00:00,15,3,True,1.61,ANSWERED
CT-006390,C01920,APP_PUSH,2026-09-07 14:00:00,14,0,False,,IGNORED
CT-006391,C01920,SMS,2026-06-17 18:00:00,18,5,True,3.72,ANSWERED
CT-006392,C01920,CALL,2026-07-09 17:00:00,17,6,False,,REJECTED
CT-006393,C01920,SMS,2026-07-12 10:00:00,10,2,False,,IGNORED
CT-006394,C01921,SMS,2026-08-07 20:00:00,20,3,False,,REJECTED
CT-006395,C01921,SMS,2026-08-27 15:00:00,15,2,False,,IGNORED
CT-006396,C01922,WHATSAPP,2026-06-15 15:00:00,15,0,True,0.03,ANSWERED
CT-006397,C01922,WHATSAPP,2026-08-04 13:00:00,13,2,False,,IGNORED
CT-006398,C01922,APP_PUSH,2026-09-11 13:00:00,13,2,True,2.68,ANSWERED
CT-006399,C01922,WHATSAPP,2026-08-15 09:00:00,9,0,False,,IGNORED
CT-006400,C01922,WHATSAPP,2026-08-04 12:00:00,12,2,True,4.27,ANSWERED
CT-006401,C01923,SMS,2026-06-20 10:00:00,10,2,False,,IGNORED
CT-006402,C01923,CALL,2026-07-22 06:00:00,6,4,True,0.25,ANSWERED
CT-006403,C01923,WHATSAPP,2026-07-13 08:00:00,8,4,False,,IGNORED
CT-006404,C01923,CALL,2026-07-13 09:00:00,9,0,True,0.15,ANSWERED
CT-006405,C01924,APP_PUSH,2026-06-30 19:00:00,19,4,True,2.58,ANSWERED
CT-006406,C01924,WHATSAPP,2026-07-30 18:00:00,18,2,True,2.29,ANSWERED
CT-006407,C01924,WHATSAPP,2026-07-20 19:00:00,19,4,False,,IGNORED
CT-006408,C01924,CALL,2026-06-30 23:00:00,23,1,False,,IGNORED
CT-006409,C01924,APP_PUSH,2026-07-14 23:00:00,23,6,True,5.04,ANSWERED
CT-006410,C01924,APP_PUSH,2026-06-20 23:00:00,23,2,False,,IGNORED
CT-006411,C01924,CALL,2026-06-26 21:00:00,21,2,False,,IGNORED
CT-006412,C01925,APP_PUSH,2026-09-10 13:00:00,13,8,False,,IGNORED
CT-006413,C01925,WHATSAPP,2026-06-23 18:00:00,18,1,True,7.17,ANSWERED
CT-006414,C01926,WHATSAPP,2026-06-21 12:00:00,12,1,True,2.34,ANSWERED
CT-006415,C01926,APP_PUSH,2026-07-18 08:00:00,8,2,False,,IGNORED
CT-006416,C01926,WHATSAPP,2026-07-17 12:00:00,12,4,False,,IGNORED
CT-006417,C01926,SMS,2026-07-13 08:00:00,8,1,False,,IGNORED
CT-006418,C01926,WHATSAPP,2026-06-24 09:00:00,9,4,True,0.93,ANSWERED
CT-006419,C01927,APP_PUSH,2026-08-19 13:00:00,13,3,False,,IGNORED
CT-006420,C01928,APP_PUSH,2026-09-08 18:00:00,18,2,False,,IGNORED
CT-006421,C01928,WHATSAPP,2026-08-15 14:00:00,14,8,False,,IGNORED
CT-006422,C01929,APP_PUSH,2026-07-22 07:00:00,7,7,False,,IGNORED
CT-006423,C01929,WHATSAPP,2026-07-05 12:00:00,12,5,True,0.45,ANSWERED
CT-006424,C01930,SMS,2026-08-21 13:00:00,13,9,False,,IGNORED
CT-006425,C01930,WHATSAPP,2026-08-06 14:00:00,14,4,True,1.93,ANSWERED
CT-006426,C01931,CALL,2026-09-07 04:00:00,4,5,True,9.37,ANSWERED
CT-006427,C01931,CALL,2026-08-08 03:00:00,3,5,False,,IGNORED
CT-006428,C01931,SMS,2026-09-02 06:00:00,6,7,True,0.09,ANSWERED
CT-006429,C01931,APP_PUSH,2026-06-17 06:00:00,6,8,False,,IGNORED
CT-006430,C01931,SMS,2026-07-26 07:00:00,7,8,False,,IGNORED
CT-006431,C01932,SMS,2026-08-06 06:00:00,6,7,False,,IGNORED
CT-006432,C01932,WHATSAPP,2026-08-31 01:00:00,1,3,False,,IGNORED
CT-006433,C01932,SMS,2026-07-31 16:00:00,16,3,False,,IGNORED
CT-006434,C01932,APP_PUSH,2026-06-27 15:00:00,15,3,True,0.5,ANSWERED
CT-006435,C01933,APP_PUSH,2026-07-03 18:00:00,18,5,False,,REJECTED
CT-006436,C01934,CALL,2026-08-30 13:00:00,13,4,False,,REJECTED
CT-006437,C01934,SMS,2026-08-10 13:00:00,13,5,False,,REJECTED
CT-006438,C01934,APP_PUSH,2026-08-14 09:00:00,9,8,False,,IGNORED
CT-006439,C01934,APP_PUSH,2026-09-11 09:00:00,9,7,False,,IGNORED
CT-006440,C01935,APP_PUSH,2026-07-04 18:00:00,18,4,False,,BOUNCED
CT-006441,C01935,WHATSAPP,2026-07-18 09:00:00,9,6,False,,BOUNCED
CT-006442,C01936,CALL,2026-07-01 23:00:00,23,4,False,,IGNORED
CT-006443,C01936,WHATSAPP,2026-08-07 14:00:00,14,2,False,,IGNORED
CT-006444,C01936,CALL,2026-08-19 20:00:00,20,4,False,,IGNORED
CT-006445,C01936,APP_PUSH,2026-08-06 23:00:00,23,2,False,,IGNORED
CT-006446,C01936,WHATSAPP,2026-08-20 23:00:00,23,1,False,,IGNORED
CT-006447,C01936,CALL,2026-08-03 18:00:00,18,4,True,0.06,ANSWERED
CT-006448,C01937,WHATSAPP,2026-08-29 09:00:00,9,2,True,2.87,ANSWERED
CT-006449,C01938,WHATSAPP,2026-07-27 15:00:00,15,0,False,,IGNORED
CT-006450,C01939,CALL,2026-07-06 14:00:00,14,3,False,,REJECTED
CT-006451,C01939,APP_PUSH,2026-08-03 04:00:00,4,3,False,,REJECTED
CT-006452,C01939,SMS,2026-09-11 09:00:00,9,6,False,,IGNORED
CT-006453,C01940,WHATSAPP,2026-08-17 11:00:00,11,4,False,,IGNORED
CT-006454,C01940,CALL,2026-08-07 16:00:00,16,10,False,,IGNORED
CT-006455,C01940,WHATSAPP,2026-07-14 10:00:00,10,7,False,,REJECTED
CT-006456,C01940,WHATSAPP,2026-08-08 09:00:00,9,8,False,,IGNORED
CT-006457,C01941,APP_PUSH,2026-08-13 08:00:00,8,4,True,0.23,ANSWERED
CT-006458,C01941,WHATSAPP,2026-07-30 11:00:00,11,3,False,,IGNORED
CT-006459,C01941,WHATSAPP,2026-07-01 11:00:00,11,8,False,,IGNORED
CT-006460,C01941,WHATSAPP,2026-07-30 19:00:00,19,7,False,,REJECTED
CT-006461,C01941,WHATSAPP,2026-09-01 13:00:00,13,6,False,,IGNORED
CT-006462,C01942,CALL,2026-08-17 16:00:00,16,4,False,,IGNORED
CT-006463,C01942,CALL,2026-07-16 11:00:00,11,7,True,0.48,ANSWERED
CT-006464,C01942,WHATSAPP,2026-08-29 08:00:00,8,4,False,,REJECTED
CT-006465,C01942,CALL,2026-08-31 09:00:00,9,5,True,1.08,ANSWERED
CT-006466,C01942,CALL,2026-06-20 08:00:00,8,2,False,,IGNORED
CT-006467,C01942,CALL,2026-06-17 05:00:00,5,4,False,,IGNORED
CT-006468,C01943,SMS,2026-08-09 12:00:00,12,5,True,3.01,ANSWERED
CT-006469,C01943,WHATSAPP,2026-06-26 11:00:00,11,6,True,0.93,ANSWERED
CT-006470,C01943,CALL,2026-07-25 11:00:00,11,5,False,,IGNORED
CT-006471,C01944,APP_PUSH,2026-08-06 17:00:00,17,6,True,0.1,ANSWERED
CT-006472,C01944,CALL,2026-07-21 14:00:00,14,6,False,,IGNORED
CT-006473,C01944,SMS,2026-08-28 20:00:00,20,6,False,,REJECTED
CT-006474,C01945,SMS,2026-08-09 06:00:00,6,4,False,,REJECTED
CT-006475,C01945,SMS,2026-08-25 10:00:00,10,3,False,,IGNORED
CT-006476,C01945,APP_PUSH,2026-07-02 10:00:00,10,3,False,,IGNORED
CT-006477,C01946,CALL,2026-08-19 12:00:00,12,6,True,2.55,ANSWERED
CT-006478,C01946,WHATSAPP,2026-08-03 18:00:00,18,6,False,,IGNORED
CT-006479,C01946,SMS,2026-08-19 10:00:00,10,5,False,,IGNORED
CT-006480,C01946,WHATSAPP,2026-09-11 07:00:00,7,3,False,,IGNORED
CT-006481,C01947,CALL,2026-08-30 20:00:00,20,1,True,0.07,ANSWERED
CT-006482,C01947,WHATSAPP,2026-08-15 14:00:00,14,3,True,1.68,ANSWERED
CT-006483,C01947,APP_PUSH,2026-07-23 15:00:00,15,2,False,,IGNORED
CT-006484,C01947,CALL,2026-06-29 16:00:00,16,0,True,5.99,ANSWERED
CT-006485,C01948,WHATSAPP,2026-06-17 13:00:00,13,4,False,,REJECTED
CT-006486,C01948,SMS,2026-08-05 15:00:00,15,0,False,,IGNORED
CT-006487,C01948,WHATSAPP,2026-07-29 15:00:00,15,5,True,4.25,ANSWERED
CT-006488,C01948,WHATSAPP,2026-06-25 11:00:00,11,2,True,3.4,ANSWERED
CT-006489,C01948,WHATSAPP,2026-08-29 15:00:00,15,3,False,,BOUNCED
CT-006490,C01948,SMS,2026-08-28 20:00:00,20,1,False,,IGNORED
CT-006491,C01948,WHATSAPP,2026-08-19 22:00:00,22,0,False,,IGNORED
CT-006492,C01948,WHATSAPP,2026-09-04 14:00:00,14,2,False,,IGNORED
CT-006493,C01949,APP_PUSH,2026-07-30 17:00:00,17,0,False,,IGNORED
CT-006494,C01949,APP_PUSH,2026-09-05 15:00:00,15,0,True,5.66,ANSWERED
CT-006495,C01949,SMS,2026-08-22 14:00:00,14,1,True,0.04,ANSWERED
CT-006496,C01950,APP_PUSH,2026-06-27 14:00:00,14,6,False,,IGNORED
CT-006497,C01950,APP_PUSH,2026-06-15 12:00:00,12,6,False,,IGNORED
CT-006498,C01950,APP_PUSH,2026-07-06 08:00:00,8,7,False,,IGNORED
CT-006499,C01950,APP_PUSH,2026-09-02 16:00:00,16,11,False,,IGNORED
CT-006500,C01950,WHATSAPP,2026-07-30 16:00:00,16,4,False,,IGNORED
CT-006501,C01950,APP_PUSH,2026-08-15 13:00:00,13,6,False,,IGNORED
CT-006502,C01950,APP_PUSH,2026-08-13 13:00:00,13,4,False,,REJECTED
CT-006503,C01951,APP_PUSH,2026-09-05 03:00:00,3,6,True,1.92,ANSWERED
CT-006504,C01952,APP_PUSH,2026-08-24 19:00:00,19,1,True,8.1,ANSWERED
CT-006505,C01952,APP_PUSH,2026-06-29 22:00:00,22,2,True,0.43,ANSWERED
CT-006506,C01953,APP_PUSH,2026-08-27 15:00:00,15,8,False,,IGNORED
CT-006507,C01954,APP_PUSH,2026-06-29 17:00:00,17,6,False,,IGNORED
CT-006508,C01954,CALL,2026-07-12 12:00:00,12,4,False,,IGNORED
CT-006509,C01954,APP_PUSH,2026-06-29 12:00:00,12,4,False,,IGNORED
CT-006510,C01954,CALL,2026-09-10 14:00:00,14,6,False,,IGNORED
CT-006511,C01954,WHATSAPP,2026-09-01 06:00:00,6,8,False,,IGNORED
CT-006512,C01955,APP_PUSH,2026-07-05 06:00:00,6,11,False,,IGNORED
CT-006513,C01955,WHATSAPP,2026-09-02 11:00:00,11,8,True,0.26,ANSWERED
CT-006514,C01955,CALL,2026-08-11 11:00:00,11,5,True,0.01,ANSWERED
CT-006515,C01955,SMS,2026-08-09 13:00:00,13,4,False,,IGNORED
CT-006516,C01955,CALL,2026-06-15 08:00:00,8,7,False,,IGNORED
CT-006517,C01955,WHATSAPP,2026-08-29 11:00:00,11,4,False,,IGNORED
CT-006518,C01955,SMS,2026-07-21 09:00:00,9,4,True,3.12,ANSWERED
CT-006519,C01955,SMS,2026-07-15 09:00:00,9,6,False,,REJECTED
CT-006520,C01955,SMS,2026-06-22 05:00:00,5,9,False,,IGNORED
CT-006521,C01955,CALL,2026-08-27 10:00:00,10,8,False,,IGNORED
CT-006522,C01956,CALL,2026-07-15 09:00:00,9,5,False,,IGNORED
CT-006523,C01956,CALL,2026-08-17 05:00:00,5,5,True,3.89,ANSWERED
CT-006524,C01956,CALL,2026-07-17 06:00:00,6,6,False,,IGNORED
CT-006525,C01956,CALL,2026-08-02 10:00:00,10,6,False,,IGNORED
CT-006526,C01957,CALL,2026-07-22 23:00:00,23,7,True,0.48,ANSWERED
CT-006527,C01957,CALL,2026-07-20 23:00:00,23,7,False,,REJECTED
CT-006528,C01957,APP_PUSH,2026-07-27 21:00:00,21,2,False,,IGNORED
CT-006529,C01957,SMS,2026-07-22 17:00:00,17,4,False,,IGNORED
CT-006530,C01957,CALL,2026-08-16 17:00:00,17,2,False,,IGNORED
CT-006531,C01957,CALL,2026-08-02 17:00:00,17,7,False,,BOUNCED
CT-006532,C01958,CALL,2026-08-01 22:00:00,22,4,False,,REJECTED
CT-006533,C01958,APP_PUSH,2026-07-26 23:00:00,23,3,False,,IGNORED
CT-006534,C01959,APP_PUSH,2026-08-10 19:00:00,19,5,True,1.23,ANSWERED
CT-006535,C01959,APP_PUSH,2026-06-24 23:00:00,23,5,False,,IGNORED
CT-006536,C01959,APP_PUSH,2026-07-30 20:00:00,20,3,False,,BOUNCED
CT-006537,C01960,CALL,2026-09-03 13:00:00,13,1,False,,REJECTED
CT-006538,C01960,APP_PUSH,2026-08-13 12:00:00,12,4,False,,IGNORED
CT-006539,C01961,APP_PUSH,2026-09-03 12:00:00,12,4,True,0.19,ANSWERED
CT-006540,C01961,APP_PUSH,2026-07-15 14:00:00,14,5,True,0.29,ANSWERED
CT-006541,C01961,APP_PUSH,2026-06-27 14:00:00,14,3,True,1.68,ANSWERED
CT-006542,C01961,APP_PUSH,2026-07-15 10:00:00,10,5,False,,IGNORED
CT-006543,C01962,APP_PUSH,2026-08-30 17:00:00,17,7,False,,IGNORED
CT-006544,C01962,WHATSAPP,2026-07-23 15:00:00,15,6,False,,IGNORED
CT-006545,C01962,APP_PUSH,2026-08-17 16:00:00,16,7,True,3.85,ANSWERED
CT-006546,C01962,APP_PUSH,2026-08-14 17:00:00,17,9,False,,IGNORED
CT-006547,C01962,APP_PUSH,2026-08-08 11:00:00,11,6,False,,IGNORED
CT-006548,C01963,APP_PUSH,2026-07-19 06:00:00,6,4,True,0.63,ANSWERED
CT-006549,C01964,WHATSAPP,2026-06-23 16:00:00,16,11,False,,IGNORED
CT-006550,C01964,WHATSAPP,2026-07-22 21:00:00,21,6,False,,IGNORED
CT-006551,C01964,WHATSAPP,2026-07-11 23:00:00,23,4,True,0.37,ANSWERED
CT-006552,C01965,SMS,2026-08-31 23:00:00,23,5,False,,REJECTED
CT-006553,C01965,SMS,2026-09-03 17:00:00,17,9,False,,REJECTED
CT-006554,C01965,SMS,2026-06-18 20:00:00,20,8,True,0.35,ANSWERED
CT-006555,C01965,SMS,2026-07-29 15:00:00,15,6,True,2.44,ANSWERED
CT-006556,C01965,SMS,2026-08-30 18:00:00,18,7,False,,IGNORED
CT-006557,C01965,SMS,2026-08-15 20:00:00,20,8,False,,IGNORED
CT-006558,C01966,APP_PUSH,2026-07-06 13:00:00,13,1,True,0.1,ANSWERED
CT-006559,C01966,SMS,2026-07-09 18:00:00,18,3,True,2.5,ANSWERED
CT-006560,C01966,WHATSAPP,2026-07-18 09:00:00,9,3,True,3.39,ANSWERED
CT-006561,C01966,APP_PUSH,2026-06-23 14:00:00,14,4,True,0.84,ANSWERED
CT-006562,C01967,SMS,2026-06-18 09:00:00,9,6,False,,IGNORED
CT-006563,C01967,SMS,2026-09-07 07:00:00,7,5,False,,REJECTED
CT-006564,C01967,WHATSAPP,2026-06-27 03:00:00,3,5,True,1.33,ANSWERED
CT-006565,C01967,APP_PUSH,2026-08-21 09:00:00,9,9,False,,IGNORED
CT-006566,C01968,SMS,2026-07-17 21:00:00,21,5,False,,IGNORED
CT-006567,C01968,APP_PUSH,2026-07-14 16:00:00,16,4,False,,IGNORED
CT-006568,C01968,APP_PUSH,2026-09-09 23:00:00,23,9,False,,IGNORED
CT-006569,C01968,APP_PUSH,2026-08-28 21:00:00,21,3,False,,IGNORED
CT-006570,C01969,WHATSAPP,2026-08-21 06:00:00,6,3,False,,REJECTED
CT-006571,C01969,WHATSAPP,2026-08-27 11:00:00,11,5,False,,IGNORED
CT-006572,C01969,SMS,2026-07-09 11:00:00,11,2,False,,IGNORED
CT-006573,C01969,APP_PUSH,2026-08-06 11:00:00,11,2,False,,IGNORED
CT-006574,C01971,CALL,2026-07-21 10:00:00,10,3,False,,IGNORED
CT-006575,C01971,WHATSAPP,2026-07-22 11:00:00,11,-1,True,0.17,ANSWERED
CT-006576,C01971,CALL,2026-07-09 12:00:00,12,3,True,5.39,ANSWERED
CT-006577,C01971,APP_PUSH,2026-08-27 13:00:00,13,5,False,,IGNORED
CT-006578,C01972,WHATSAPP,2026-07-18 14:00:00,14,6,False,,IGNORED
CT-006579,C01972,WHATSAPP,2026-08-26 16:00:00,16,5,False,,IGNORED
CT-006580,C01972,CALL,2026-08-12 15:00:00,15,6,False,,IGNORED
CT-006581,C01972,WHATSAPP,2026-07-05 15:00:00,15,4,False,,IGNORED
CT-006582,C01972,WHATSAPP,2026-07-15 18:00:00,18,7,False,,IGNORED
CT-006583,C01973,SMS,2026-07-11 11:00:00,11,3,False,,IGNORED
CT-006584,C01973,SMS,2026-07-11 10:00:00,10,4,True,4.36,ANSWERED
CT-006585,C01973,SMS,2026-07-05 06:00:00,6,6,True,0.21,ANSWERED
CT-006586,C01975,SMS,2026-07-20 20:00:00,20,7,False,,IGNORED
CT-006587,C01975,WHATSAPP,2026-08-04 23:00:00,23,3,False,,IGNORED
CT-006588,C01975,WHATSAPP,2026-06-19 23:00:00,23,4,True,0.8,ANSWERED
CT-006589,C01976,CALL,2026-08-26 16:00:00,16,8,False,,IGNORED
CT-006590,C01976,CALL,2026-08-25 11:00:00,11,7,False,,IGNORED
CT-006591,C01976,CALL,2026-07-02 15:00:00,15,4,True,2.41,ANSWERED
CT-006592,C01978,SMS,2026-09-05 17:00:00,17,7,True,1.62,ANSWERED
CT-006593,C01978,APP_PUSH,2026-06-27 15:00:00,15,8,False,,IGNORED
CT-006594,C01978,SMS,2026-08-23 17:00:00,17,6,True,0.06,ANSWERED
CT-006595,C01978,APP_PUSH,2026-06-21 16:00:00,16,6,False,,IGNORED
CT-006596,C01978,WHATSAPP,2026-08-26 13:00:00,13,4,False,,IGNORED
CT-006597,C01979,APP_PUSH,2026-06-20 16:00:00,16,4,True,1.36,ANSWERED
CT-006598,C01979,SMS,2026-07-01 20:00:00,20,5,False,,REJECTED
CT-006599,C01980,SMS,2026-06-30 18:00:00,18,11,False,,BOUNCED
CT-006600,C01980,SMS,2026-08-30 20:00:00,20,10,False,,IGNORED
CT-006601,C01981,WHATSAPP,2026-08-18 12:00:00,12,4,True,4.34,ANSWERED
CT-006602,C01981,WHATSAPP,2026-08-08 06:00:00,6,1,True,0.05,ANSWERED
CT-006603,C01982,SMS,2026-07-06 10:00:00,10,2,False,,IGNORED
CT-006604,C01982,APP_PUSH,2026-07-09 02:00:00,2,0,False,,IGNORED
CT-006605,C01983,CALL,2026-08-08 16:00:00,16,8,False,,IGNORED
CT-006606,C01983,SMS,2026-07-01 12:00:00,12,7,False,,REJECTED
CT-006607,C01983,WHATSAPP,2026-08-09 21:00:00,21,9,False,,IGNORED
CT-006608,C01984,WHATSAPP,2026-08-16 08:00:00,8,2,True,4.89,ANSWERED
CT-006609,C01984,APP_PUSH,2026-08-28 10:00:00,10,3,False,,IGNORED
CT-006610,C01984,APP_PUSH,2026-07-10 04:00:00,4,1,False,,IGNORED
CT-006611,C01984,WHATSAPP,2026-07-30 05:00:00,5,5,False,,IGNORED
CT-006612,C01985,CALL,2026-07-23 20:00:00,20,6,True,10.01,ANSWERED
CT-006613,C01986,SMS,2026-09-04 07:00:00,7,7,True,0.24,ANSWERED
CT-006614,C01986,SMS,2026-07-11 02:00:00,2,4,False,,IGNORED
CT-006615,C01986,APP_PUSH,2026-07-31 06:00:00,6,8,False,,IGNORED
CT-006616,C01986,APP_PUSH,2026-07-29 06:00:00,6,5,False,,REJECTED
CT-006617,C01986,SMS,2026-07-28 10:00:00,10,7,False,,IGNORED
CT-006618,C01986,APP_PUSH,2026-06-21 08:00:00,8,7,False,,REJECTED
CT-006619,C01986,APP_PUSH,2026-08-21 12:00:00,12,4,True,3.26,ANSWERED
CT-006620,C01987,APP_PUSH,2026-07-09 12:00:00,12,2,True,1.27,ANSWERED
CT-006621,C01987,APP_PUSH,2026-09-08 13:00:00,13,1,False,,IGNORED
CT-006622,C01987,APP_PUSH,2026-08-08 08:00:00,8,3,True,1.24,ANSWERED
CT-006623,C01988,WHATSAPP,2026-07-23 08:00:00,8,6,False,,IGNORED
CT-006624,C01988,CALL,2026-08-02 14:00:00,14,2,False,,IGNORED
CT-006625,C01988,WHATSAPP,2026-07-05 05:00:00,5,5,False,,IGNORED
CT-006626,C01989,APP_PUSH,2026-07-11 13:00:00,13,5,True,0.54,ANSWERED
CT-006627,C01989,WHATSAPP,2026-07-13 11:00:00,11,6,False,,BOUNCED
CT-006628,C01989,CALL,2026-08-17 12:00:00,12,1,False,,IGNORED
CT-006629,C01989,WHATSAPP,2026-08-01 16:00:00,16,1,True,1.47,ANSWERED
CT-006630,C01989,WHATSAPP,2026-08-25 19:00:00,19,7,False,,BOUNCED
CT-006631,C01989,APP_PUSH,2026-07-03 11:00:00,11,6,False,,IGNORED
CT-006632,C01989,WHATSAPP,2026-07-13 17:00:00,17,6,True,1.85,ANSWERED
CT-006633,C01989,APP_PUSH,2026-06-16 15:00:00,15,2,True,1.6,ANSWERED
CT-006634,C01989,APP_PUSH,2026-09-02 16:00:00,16,7,True,0.06,ANSWERED
CT-006635,C01990,CALL,2026-09-06 10:00:00,10,4,False,,REJECTED
CT-006636,C01990,CALL,2026-08-03 11:00:00,11,3,False,,IGNORED
CT-006637,C01990,SMS,2026-07-06 18:00:00,18,5,False,,BOUNCED
CT-006638,C01990,CALL,2026-06-26 10:00:00,10,2,True,0.73,ANSWERED
CT-006639,C01990,APP_PUSH,2026-07-13 12:00:00,12,4,False,,IGNORED
CT-006640,C01990,SMS,2026-06-24 14:00:00,14,5,True,0.01,ANSWERED
CT-006641,C01990,WHATSAPP,2026-06-17 12:00:00,12,5,False,,IGNORED
CT-006642,C01991,WHATSAPP,2026-08-25 17:00:00,17,4,True,0.69,ANSWERED
CT-006643,C01991,SMS,2026-09-07 21:00:00,21,6,True,0.63,ANSWERED
CT-006644,C01991,APP_PUSH,2026-08-07 15:00:00,15,6,False,,IGNORED
CT-006645,C01991,WHATSAPP,2026-06-16 18:00:00,18,6,True,3.78,ANSWERED
CT-006646,C01991,WHATSAPP,2026-07-26 14:00:00,14,3,False,,REJECTED
CT-006647,C01992,CALL,2026-07-15 09:00:00,9,2,False,,IGNORED
CT-006648,C01992,WHATSAPP,2026-08-13 17:00:00,17,5,False,,IGNORED
CT-006649,C01992,CALL,2026-07-31 13:00:00,13,4,True,0.5,ANSWERED
CT-006650,C01993,SMS,2026-09-08 17:00:00,17,5,False,,IGNORED
CT-006651,C01994,CALL,2026-07-18 19:00:00,19,4,True,3.01,ANSWERED
CT-006652,C01994,CALL,2026-08-04 17:00:00,17,7,True,2.42,ANSWERED
CT-006653,C01994,CALL,2026-08-17 17:00:00,17,12,False,,IGNORED
CT-006654,C01994,CALL,2026-07-28 17:00:00,17,7,True,0.82,ANSWERED
CT-006655,C01995,SMS,2026-08-18 12:00:00,12,6,False,,IGNORED
CT-006656,C01995,APP_PUSH,2026-08-02 16:00:00,16,7,True,7.12,ANSWERED
CT-006657,C01995,APP_PUSH,2026-09-05 15:00:00,15,8,False,,REJECTED
CT-006658,C01995,APP_PUSH,2026-09-09 15:00:00,15,6,False,,IGNORED
CT-006659,C01995,SMS,2026-08-22 11:00:00,11,3,False,,REJECTED
CT-006660,C01995,SMS,2026-08-29 14:00:00,14,3,False,,IGNORED
CT-006661,C01996,WHATSAPP,2026-06-16 05:00:00,5,1,False,,REJECTED
CT-006662,C01996,APP_PUSH,2026-06-22 07:00:00,7,3,False,,IGNORED
CT-006663,C01996,SMS,2026-06-18 05:00:00,5,3,False,,IGNORED
CT-006664,C01996,APP_PUSH,2026-06-15 05:00:00,5,6,False,,IGNORED
CT-006665,C01996,SMS,2026-09-12 09:00:00,9,3,False,,IGNORED
CT-006666,C01997,APP_PUSH,2026-07-23 18:00:00,18,7,True,0.2,ANSWERED
CT-006667,C01998,APP_PUSH,2026-06-21 11:00:00,11,3,False,,IGNORED
CT-006668,C01998,WHATSAPP,2026-07-01 08:00:00,8,1,False,,IGNORED
CT-006669,C01998,CALL,2026-09-08 03:00:00,3,3,False,,IGNORED
CT-006670,C01998,WHATSAPP,2026-08-03 12:00:00,12,4,False,,IGNORED
CT-006671,C01998,WHATSAPP,2026-07-17 12:00:00,12,4,True,4.03,ANSWERED
CT-006672,C01998,CALL,2026-06-18 16:00:00,16,3,False,,REJECTED
CT-006673,C01999,CALL,2026-06-21 20:00:00,20,7,False,,REJECTED
CT-006674,C01999,SMS,2026-06-28 16:00:00,16,9,True,2.11,ANSWERED
CT-006675,C01999,WHATSAPP,2026-09-09 20:00:00,20,8,False,,IGNORED
CT-006676,C01999,CALL,2026-06-27 12:00:00,12,6,False,,IGNORED
CT-006677,C02000,SMS,2026-07-19 01:00:00,1,0,False,,REJECTED
CT-006678,C02000,WHATSAPP,2026-09-10 14:00:00,14,3,False,,IGNORED
CT-006679,C02000,SMS,2026-07-18 08:00:00,8,2,False,,IGNORED
CT-006680,C02001,CALL,2026-06-26 14:00:00,14,5,True,1.35,ANSWERED
CT-006681,C02001,WHATSAPP,2026-06-17 20:00:00,20,8,False,,REJECTED
CT-006682,C02001,SMS,2026-06-15 17:00:00,17,5,False,,IGNORED
CT-006683,C02001,CALL,2026-07-22 15:00:00,15,-1,False,,IGNORED
CT-006684,C02001,WHATSAPP,2026-07-30 18:00:00,18,2,False,,IGNORED
CT-006685,C02002,SMS,2026-07-15 06:00:00,6,2,False,,IGNORED
CT-006686,C02002,SMS,2026-08-16 08:00:00,8,1,False,,IGNORED
CT-006687,C02002,WHATSAPP,2026-08-13 06:00:00,6,1,False,,IGNORED
CT-006688,C02002,CALL,2026-08-30 10:00:00,10,4,True,0.37,ANSWERED
CT-006689,C02002,APP_PUSH,2026-06-27 07:00:00,7,3,True,0.02,ANSWERED
CT-006690,C02003,SMS,2026-07-14 20:00:00,20,3,False,,REJECTED
CT-006691,C02003,SMS,2026-07-06 17:00:00,17,4,True,1.85,ANSWERED
CT-006692,C02003,APP_PUSH,2026-07-22 15:00:00,15,4,True,1.07,ANSWERED
CT-006693,C02003,APP_PUSH,2026-08-16 18:00:00,18,0,False,,IGNORED
CT-006694,C02003,SMS,2026-09-09 20:00:00,20,2,True,2.74,ANSWERED
CT-006695,C02003,SMS,2026-07-08 21:00:00,21,1,True,1.14,ANSWERED
CT-006696,C02003,SMS,2026-07-09 20:00:00,20,2,True,3.58,ANSWERED
CT-006697,C02004,CALL,2026-09-02 11:00:00,11,5,True,2.28,ANSWERED
CT-006698,C02004,CALL,2026-07-22 07:00:00,7,5,False,,BOUNCED
CT-006699,C02005,WHATSAPP,2026-06-16 09:00:00,9,5,False,,IGNORED
CT-006700,C02005,WHATSAPP,2026-09-05 11:00:00,11,6,False,,IGNORED
CT-006701,C02006,WHATSAPP,2026-06-23 07:00:00,7,11,False,,IGNORED
CT-006702,C02006,CALL,2026-08-01 13:00:00,13,9,True,6.84,ANSWERED
CT-006703,C02006,WHATSAPP,2026-07-07 06:00:00,6,9,True,0.73,ANSWERED
CT-006704,C02006,WHATSAPP,2026-06-25 06:00:00,6,8,False,,IGNORED
CT-006705,C02006,WHATSAPP,2026-08-18 08:00:00,8,5,False,,REJECTED
CT-006706,C02007,APP_PUSH,2026-06-16 03:00:00,3,8,False,,IGNORED
CT-006707,C02007,APP_PUSH,2026-06-30 07:00:00,7,10,False,,IGNORED
CT-006708,C02007,CALL,2026-07-03 09:00:00,9,2,False,,IGNORED
CT-006709,C02007,WHATSAPP,2026-07-07 09:00:00,9,7,True,0.68,ANSWERED
CT-006710,C02008,WHATSAPP,2026-07-19 19:00:00,19,7,True,1.46,ANSWERED
CT-006711,C02008,CALL,2026-08-17 19:00:00,19,5,False,,IGNORED
CT-006712,C02008,SMS,2026-06-23 19:00:00,19,7,False,,IGNORED
CT-006713,C02008,WHATSAPP,2026-09-02 15:00:00,15,7,True,2.93,ANSWERED
CT-006714,C02008,CALL,2026-07-23 14:00:00,14,11,False,,IGNORED
CT-006715,C02009,WHATSAPP,2026-08-12 10:00:00,10,1,False,,REJECTED
CT-006716,C02009,SMS,2026-07-18 05:00:00,5,5,False,,IGNORED
CT-006717,C02009,SMS,2026-08-06 09:00:00,9,5,True,0.15,ANSWERED
CT-006718,C02009,SMS,2026-08-20 10:00:00,10,5,False,,REJECTED
CT-006719,C02010,CALL,2026-07-07 21:00:00,21,6,True,1.86,ANSWERED
CT-006720,C02010,APP_PUSH,2026-06-29 23:00:00,23,7,True,4.37,ANSWERED
CT-006721,C02010,CALL,2026-07-20 18:00:00,18,6,True,4.1,ANSWERED
CT-006722,C02011,WHATSAPP,2026-08-09 18:00:00,18,5,False,,IGNORED
CT-006723,C02011,WHATSAPP,2026-07-06 17:00:00,17,3,False,,REJECTED
CT-006724,C02011,CALL,2026-06-23 13:00:00,13,5,False,,REJECTED
CT-006725,C02012,APP_PUSH,2026-08-12 02:00:00,2,0,False,,IGNORED
CT-006726,C02013,APP_PUSH,2026-09-05 16:00:00,16,8,True,0.91,ANSWERED
CT-006727,C02013,APP_PUSH,2026-09-08 16:00:00,16,0,False,,IGNORED
CT-006728,C02013,APP_PUSH,2026-08-22 20:00:00,20,5,False,,IGNORED
CT-006729,C02014,SMS,2026-07-17 06:00:00,6,7,False,,IGNORED
CT-006730,C02015,SMS,2026-06-18 22:00:00,22,5,True,2.27,ANSWERED
CT-006731,C02015,WHATSAPP,2026-08-24 22:00:00,22,3,True,5.5,ANSWERED
CT-006732,C02015,APP_PUSH,2026-07-25 23:00:00,23,3,False,,IGNORED
CT-006733,C02015,WHATSAPP,2026-07-11 22:00:00,22,5,False,,IGNORED
CT-006734,C02015,WHATSAPP,2026-08-09 18:00:00,18,2,True,0.32,ANSWERED
CT-006735,C02016,APP_PUSH,2026-07-11 06:00:00,6,1,False,,IGNORED
CT-006736,C02016,WHATSAPP,2026-08-21 14:00:00,14,1,False,,IGNORED
CT-006737,C02017,CALL,2026-07-28 12:00:00,12,9,False,,IGNORED
CT-006738,C02017,SMS,2026-07-04 11:00:00,11,6,False,,REJECTED
CT-006739,C02017,CALL,2026-08-08 21:00:00,21,5,False,,IGNORED
CT-006740,C02018,WHATSAPP,2026-06-20 07:00:00,7,2,False,,IGNORED
CT-006741,C02018,SMS,2026-09-10 08:00:00,8,2,False,,IGNORED
CT-006742,C02018,SMS,2026-09-01 12:00:00,12,4,True,1.35,ANSWERED
CT-006743,C02019,WHATSAPP,2026-06-16 14:00:00,14,6,False,,BOUNCED
CT-006744,C02019,WHATSAPP,2026-07-28 13:00:00,13,5,True,1.28,ANSWERED
CT-006745,C02020,APP_PUSH,2026-07-17 14:00:00,14,8,True,8.81,ANSWERED
CT-006746,C02020,APP_PUSH,2026-08-01 20:00:00,20,5,False,,IGNORED
CT-006747,C02020,APP_PUSH,2026-07-21 17:00:00,17,7,False,,IGNORED
CT-006748,C02020,CALL,2026-07-29 12:00:00,12,5,False,,IGNORED
CT-006749,C02021,WHATSAPP,2026-07-14 13:00:00,13,6,True,1.53,ANSWERED
CT-006750,C02021,WHATSAPP,2026-08-31 20:00:00,20,10,True,3.43,ANSWERED
CT-006751,C02021,WHATSAPP,2026-08-01 21:00:00,21,6,False,,IGNORED
CT-006752,C02022,SMS,2026-07-26 15:00:00,15,7,False,,IGNORED
CT-006753,C02022,APP_PUSH,2026-06-23 20:00:00,20,5,False,,IGNORED
CT-006754,C02023,APP_PUSH,2026-09-01 14:00:00,14,1,False,,IGNORED
CT-006755,C02023,SMS,2026-07-22 15:00:00,15,2,False,,IGNORED
CT-006756,C02024,SMS,2026-08-02 18:00:00,18,0,False,,IGNORED
CT-006757,C02024,SMS,2026-07-19 10:00:00,10,0,False,,IGNORED
CT-006758,C02024,WHATSAPP,2026-08-06 10:00:00,10,8,False,,IGNORED
CT-006759,C02025,CALL,2026-08-06 16:00:00,16,4,False,,IGNORED
CT-006760,C02025,WHATSAPP,2026-07-22 16:00:00,16,5,False,,IGNORED
CT-006761,C02025,SMS,2026-07-29 12:00:00,12,6,True,2.66,ANSWERED
CT-006762,C02027,WHATSAPP,2026-07-30 17:00:00,17,2,False,,BOUNCED
CT-006763,C02027,CALL,2026-09-08 19:00:00,19,2,False,,IGNORED
CT-006764,C02027,WHATSAPP,2026-07-16 14:00:00,14,-1,True,0.21,ANSWERED
CT-006765,C02027,WHATSAPP,2026-08-29 23:00:00,23,2,True,1.7,ANSWERED
CT-006766,C02027,WHATSAPP,2026-06-28 19:00:00,19,4,True,0.41,ANSWERED
CT-006767,C02027,WHATSAPP,2026-07-23 13:00:00,13,2,False,,IGNORED
CT-006768,C02027,WHATSAPP,2026-09-10 13:00:00,13,1,False,,IGNORED
CT-006769,C02027,WHATSAPP,2026-09-01 12:00:00,12,5,True,0.65,ANSWERED
CT-006770,C02028,SMS,2026-07-23 14:00:00,14,2,False,,REJECTED
CT-006771,C02028,SMS,2026-07-02 10:00:00,10,5,False,,IGNORED
CT-006772,C02029,WHATSAPP,2026-07-09 13:00:00,13,8,False,,IGNORED
CT-006773,C02029,WHATSAPP,2026-06-24 08:00:00,8,7,False,,REJECTED
CT-006774,C02029,WHATSAPP,2026-08-16 14:00:00,14,6,True,0.08,ANSWERED
CT-006775,C02030,WHATSAPP,2026-06-28 20:00:00,20,7,True,2.27,ANSWERED
CT-006776,C02030,CALL,2026-08-25 18:00:00,18,7,False,,IGNORED
CT-006777,C02030,WHATSAPP,2026-08-12 16:00:00,16,11,False,,IGNORED
CT-006778,C02030,WHATSAPP,2026-09-11 13:00:00,13,8,False,,REJECTED
CT-006779,C02030,WHATSAPP,2026-08-04 22:00:00,22,5,True,0.1,ANSWERED
CT-006780,C02030,WHATSAPP,2026-08-25 17:00:00,17,7,False,,IGNORED
CT-006781,C02030,WHATSAPP,2026-06-16 15:00:00,15,7,True,2.45,ANSWERED
CT-006782,C02031,SMS,2026-07-01 23:00:00,23,6,False,,IGNORED
CT-006783,C02031,SMS,2026-07-23 19:00:00,19,2,False,,IGNORED
CT-006784,C02031,WHATSAPP,2026-07-17 23:00:00,23,4,False,,REJECTED
CT-006785,C02032,WHATSAPP,2026-08-12 19:00:00,19,2,False,,IGNORED
CT-006786,C02033,SMS,2026-06-18 13:00:00,13,1,False,,IGNORED
CT-006787,C02033,WHATSAPP,2026-07-10 13:00:00,13,5,False,,IGNORED
CT-006788,C02033,APP_PUSH,2026-07-02 08:00:00,8,3,False,,IGNORED
CT-006789,C02033,SMS,2026-08-23 12:00:00,12,0,True,0.12,ANSWERED
CT-006790,C02034,APP_PUSH,2026-08-25 20:00:00,20,5,True,0.26,ANSWERED
CT-006791,C02034,APP_PUSH,2026-09-12 15:00:00,15,4,False,,IGNORED
CT-006792,C02034,SMS,2026-09-12 22:00:00,22,6,True,2.97,ANSWERED
CT-006793,C02034,SMS,2026-07-30 17:00:00,17,5,True,2.35,ANSWERED
CT-006794,C02034,SMS,2026-07-09 16:00:00,16,3,False,,IGNORED
CT-006795,C02035,WHATSAPP,2026-08-21 15:00:00,15,6,False,,IGNORED
CT-006796,C02035,APP_PUSH,2026-06-27 23:00:00,23,8,False,,IGNORED
CT-006797,C02035,APP_PUSH,2026-08-11 16:00:00,16,3,False,,IGNORED
CT-006798,C02036,CALL,2026-07-27 07:00:00,7,4,True,2.18,ANSWERED
CT-006799,C02037,CALL,2026-09-08 20:00:00,20,8,False,,IGNORED
CT-006800,C02037,WHATSAPP,2026-08-20 11:00:00,11,6,False,,REJECTED
CT-006801,C02037,CALL,2026-08-08 21:00:00,21,7,False,,IGNORED
CT-006802,C02037,SMS,2026-08-08 23:00:00,23,6,False,,IGNORED
CT-006803,C02037,WHATSAPP,2026-06-30 17:00:00,17,6,False,,IGNORED
CT-006804,C02039,APP_PUSH,2026-07-29 17:00:00,17,3,True,0.53,ANSWERED
CT-006805,C02040,APP_PUSH,2026-07-08 21:00:00,21,3,True,3.12,ANSWERED
CT-006806,C02040,SMS,2026-06-23 13:00:00,13,6,False,,IGNORED
CT-006807,C02040,CALL,2026-06-17 12:00:00,12,5,False,,IGNORED
CT-006808,C02040,CALL,2026-07-23 17:00:00,17,6,False,,IGNORED
CT-006809,C02041,WHATSAPP,2026-08-27 09:00:00,9,0,True,1.01,ANSWERED
CT-006810,C02041,WHATSAPP,2026-07-18 17:00:00,17,3,False,,REJECTED
CT-006811,C02041,WHATSAPP,2026-06-23 18:00:00,18,1,True,0.69,ANSWERED
CT-006812,C02041,CALL,2026-09-01 11:00:00,11,4,False,,IGNORED
CT-006813,C02042,CALL,2026-08-02 11:00:00,11,7,False,,IGNORED
CT-006814,C02042,CALL,2026-08-21 06:00:00,6,4,True,4.22,ANSWERED
CT-006815,C02043,SMS,2026-07-11 10:00:00,10,8,False,,REJECTED
CT-006816,C02043,WHATSAPP,2026-09-05 15:00:00,15,6,False,,IGNORED
CT-006817,C02043,WHATSAPP,2026-08-04 15:00:00,15,8,True,0.63,ANSWERED
CT-006818,C02043,WHATSAPP,2026-08-31 12:00:00,12,7,True,0.73,ANSWERED
CT-006819,C02044,SMS,2026-08-31 15:00:00,15,7,False,,IGNORED
CT-006820,C02044,APP_PUSH,2026-06-15 16:00:00,16,6,False,,IGNORED
CT-006821,C02044,SMS,2026-08-05 15:00:00,15,6,False,,IGNORED
CT-006822,C02044,SMS,2026-08-30 17:00:00,17,4,True,2.51,ANSWERED
CT-006823,C02045,SMS,2026-07-16 17:00:00,17,7,False,,IGNORED
CT-006824,C02045,WHATSAPP,2026-08-22 18:00:00,18,3,True,0.03,ANSWERED
CT-006825,C02045,WHATSAPP,2026-09-10 23:00:00,23,3,False,,IGNORED
CT-006826,C02045,APP_PUSH,2026-06-22 15:00:00,15,6,False,,IGNORED
CT-006827,C02045,APP_PUSH,2026-09-02 19:00:00,19,0,False,,IGNORED
CT-006828,C02046,WHATSAPP,2026-08-20 17:00:00,17,3,False,,REJECTED
CT-006829,C02046,WHATSAPP,2026-08-15 15:00:00,15,0,True,0.69,ANSWERED
CT-006830,C02046,APP_PUSH,2026-07-03 21:00:00,21,3,False,,REJECTED
CT-006831,C02046,APP_PUSH,2026-06-28 16:00:00,16,3,False,,BOUNCED
CT-006832,C02046,WHATSAPP,2026-07-22 17:00:00,17,6,True,2.74,ANSWERED
CT-006833,C02046,WHATSAPP,2026-07-04 18:00:00,18,3,True,2.76,ANSWERED
CT-006834,C02046,WHATSAPP,2026-07-03 17:00:00,17,2,False,,REJECTED
CT-006835,C02047,WHATSAPP,2026-08-12 11:00:00,11,6,True,0.52,ANSWERED
CT-006836,C02047,WHATSAPP,2026-07-16 12:00:00,12,6,True,1.46,ANSWERED
CT-006837,C02047,WHATSAPP,2026-07-25 09:00:00,9,6,True,0.1,ANSWERED
CT-006838,C02048,APP_PUSH,2026-07-27 14:00:00,14,4,True,3.91,ANSWERED
CT-006839,C02048,APP_PUSH,2026-09-11 11:00:00,11,3,True,0.87,ANSWERED
CT-006840,C02048,APP_PUSH,2026-08-22 14:00:00,14,6,False,,IGNORED
CT-006841,C02048,APP_PUSH,2026-07-20 14:00:00,14,5,False,,IGNORED
CT-006842,C02048,APP_PUSH,2026-08-06 13:00:00,13,3,True,0.26,ANSWERED
CT-006843,C02048,APP_PUSH,2026-07-22 13:00:00,13,4,True,0.75,ANSWERED
CT-006844,C02049,WHATSAPP,2026-07-22 14:00:00,14,5,False,,IGNORED
CT-006845,C02049,WHATSAPP,2026-08-06 12:00:00,12,1,True,1.97,ANSWERED
CT-006846,C02049,CALL,2026-09-09 14:00:00,14,4,False,,IGNORED
CT-006847,C02049,WHATSAPP,2026-08-10 10:00:00,10,4,False,,IGNORED
CT-006848,C02050,WHATSAPP,2026-08-13 02:00:00,2,8,False,,IGNORED
CT-006849,C02050,APP_PUSH,2026-07-27 12:00:00,12,2,True,0.72,ANSWERED
CT-006850,C02051,APP_PUSH,2026-07-24 16:00:00,16,1,False,,IGNORED
CT-006851,C02051,WHATSAPP,2026-07-09 16:00:00,16,4,True,6.5,ANSWERED
CT-006852,C02051,APP_PUSH,2026-07-11 11:00:00,11,5,False,,IGNORED
CT-006853,C02052,APP_PUSH,2026-06-22 14:00:00,14,6,False,,IGNORED
CT-006854,C02052,WHATSAPP,2026-07-17 12:00:00,12,7,False,,IGNORED
CT-006855,C02052,WHATSAPP,2026-06-26 15:00:00,15,5,False,,REJECTED
CT-006856,C02052,APP_PUSH,2026-07-18 17:00:00,17,8,False,,IGNORED
CT-006857,C02053,CALL,2026-07-19 15:00:00,15,3,False,,IGNORED
CT-006858,C02053,CALL,2026-07-15 15:00:00,15,6,True,2.7,ANSWERED
CT-006859,C02054,WHATSAPP,2026-09-11 10:00:00,10,3,True,1.23,ANSWERED
CT-006860,C02054,APP_PUSH,2026-08-09 10:00:00,10,6,False,,IGNORED
CT-006861,C02055,WHATSAPP,2026-07-24 11:00:00,11,5,False,,IGNORED
CT-006862,C02055,WHATSAPP,2026-08-15 18:00:00,18,6,False,,IGNORED
CT-006863,C02055,CALL,2026-08-20 09:00:00,9,4,False,,IGNORED
CT-006864,C02056,CALL,2026-09-09 10:00:00,10,3,True,1.46,ANSWERED
CT-006865,C02056,APP_PUSH,2026-09-02 11:00:00,11,6,False,,IGNORED
CT-006866,C02056,APP_PUSH,2026-09-04 10:00:00,10,2,True,0.78,ANSWERED
CT-006867,C02057,WHATSAPP,2026-08-23 15:00:00,15,5,True,1.64,ANSWERED
CT-006868,C02057,CALL,2026-08-30 17:00:00,17,0,False,,IGNORED
CT-006869,C02057,APP_PUSH,2026-06-18 17:00:00,17,1,False,,IGNORED
CT-006870,C02057,CALL,2026-08-27 20:00:00,20,8,False,,REJECTED
CT-006871,C02057,SMS,2026-08-04 17:00:00,17,3,True,0.87,ANSWERED
CT-006872,C02057,CALL,2026-08-21 17:00:00,17,4,False,,IGNORED
CT-006873,C02057,CALL,2026-09-03 16:00:00,16,5,False,,REJECTED
CT-006874,C02057,CALL,2026-06-17 16:00:00,16,7,False,,IGNORED
CT-006875,C02058,WHATSAPP,2026-07-09 08:00:00,8,7,False,,IGNORED
CT-006876,C02058,CALL,2026-06-26 16:00:00,16,7,False,,IGNORED
CT-006877,C02058,CALL,2026-09-09 10:00:00,10,6,False,,IGNORED
CT-006878,C02059,CALL,2026-07-29 12:00:00,12,3,False,,IGNORED
CT-006879,C02059,WHATSAPP,2026-09-04 15:00:00,15,2,True,1.78,ANSWERED
CT-006880,C02059,WHATSAPP,2026-07-31 09:00:00,9,5,True,0.61,ANSWERED
CT-006881,C02060,CALL,2026-08-11 10:00:00,10,8,False,,IGNORED
CT-006882,C02060,CALL,2026-07-20 13:00:00,13,5,False,,IGNORED
CT-006883,C02061,CALL,2026-07-06 11:00:00,11,7,False,,IGNORED
CT-006884,C02061,CALL,2026-06-29 09:00:00,9,7,False,,REJECTED
CT-006885,C02061,CALL,2026-06-15 09:00:00,9,2,True,1.84,ANSWERED
CT-006886,C02061,CALL,2026-06-15 05:00:00,5,5,False,,IGNORED
CT-006887,C02061,WHATSAPP,2026-07-30 11:00:00,11,5,False,,IGNORED
CT-006888,C02061,CALL,2026-06-20 13:00:00,13,4,False,,IGNORED
CT-006889,C02061,CALL,2026-06-23 08:00:00,8,3,False,,IGNORED
CT-006890,C02061,WHATSAPP,2026-06-22 12:00:00,12,4,False,,IGNORED
CT-006891,C02061,SMS,2026-07-21 10:00:00,10,0,True,0.61,ANSWERED
CT-006892,C02061,CALL,2026-07-02 03:00:00,3,2,False,,REJECTED
CT-006893,C02062,WHATSAPP,2026-08-30 05:00:00,5,4,False,,REJECTED
CT-006894,C02062,SMS,2026-07-07 15:00:00,15,6,False,,IGNORED
CT-006895,C02062,WHATSAPP,2026-08-28 04:00:00,4,3,False,,IGNORED
CT-006896,C02062,APP_PUSH,2026-06-25 09:00:00,9,3,False,,IGNORED
CT-006897,C02062,SMS,2026-06-23 10:00:00,10,0,False,,IGNORED
CT-006898,C02063,CALL,2026-08-22 08:00:00,8,8,True,1.58,ANSWERED
CT-006899,C02063,WHATSAPP,2026-06-19 12:00:00,12,4,False,,BOUNCED
CT-006900,C02063,CALL,2026-07-26 09:00:00,9,7,True,3.39,ANSWERED
CT-006901,C02064,APP_PUSH,2026-07-15 11:00:00,11,1,True,4.29,ANSWERED
CT-006902,C02064,CALL,2026-06-25 09:00:00,9,1,False,,IGNORED
CT-006903,C02064,APP_PUSH,2026-08-25 07:00:00,7,0,False,,REJECTED
CT-006904,C02064,APP_PUSH,2026-08-31 11:00:00,11,0,True,4.26,ANSWERED
CT-006905,C02064,APP_PUSH,2026-07-08 10:00:00,10,1,False,,REJECTED
CT-006906,C02065,WHATSAPP,2026-07-06 21:00:00,21,11,False,,REJECTED
CT-006907,C02065,WHATSAPP,2026-08-09 21:00:00,21,9,True,1.35,ANSWERED
CT-006908,C02066,CALL,2026-08-11 13:00:00,13,5,True,0.0,ANSWERED
CT-006909,C02066,SMS,2026-09-01 12:00:00,12,2,False,,BOUNCED
CT-006910,C02066,SMS,2026-08-30 10:00:00,10,2,False,,BOUNCED
CT-006911,C02066,APP_PUSH,2026-08-10 10:00:00,10,0,False,,BOUNCED
CT-006912,C02066,CALL,2026-06-20 12:00:00,12,1,True,0.9,ANSWERED
CT-006913,C02066,CALL,2026-07-02 10:00:00,10,3,False,,IGNORED
CT-006914,C02066,CALL,2026-08-04 10:00:00,10,2,False,,IGNORED
CT-006915,C02066,CALL,2026-08-04 09:00:00,9,1,False,,REJECTED
CT-006916,C02066,CALL,2026-06-15 08:00:00,8,0,False,,IGNORED
CT-006917,C02067,WHATSAPP,2026-08-12 17:00:00,17,2,True,1.06,ANSWERED
CT-006918,C02067,WHATSAPP,2026-06-24 23:00:00,23,3,True,0.85,ANSWERED
CT-006919,C02067,WHATSAPP,2026-08-22 18:00:00,18,1,False,,REJECTED
CT-006920,C02068,APP_PUSH,2026-07-27 18:00:00,18,7,True,0.52,ANSWERED
CT-006921,C02068,APP_PUSH,2026-06-28 17:00:00,17,7,False,,IGNORED
CT-006922,C02068,SMS,2026-08-21 22:00:00,22,11,True,2.76,ANSWERED
CT-006923,C02070,CALL,2026-07-08 13:00:00,13,5,False,,IGNORED
CT-006924,C02071,CALL,2026-06-15 17:00:00,17,6,True,2.94,ANSWERED
CT-006925,C02071,CALL,2026-06-27 23:00:00,23,4,False,,IGNORED
CT-006926,C02071,CALL,2026-08-14 18:00:00,18,8,False,,IGNORED
CT-006927,C02071,SMS,2026-08-09 23:00:00,23,6,False,,IGNORED
CT-006928,C02072,APP_PUSH,2026-08-31 11:00:00,11,2,False,,BOUNCED
CT-006929,C02072,WHATSAPP,2026-07-09 13:00:00,13,3,False,,IGNORED
CT-006930,C02073,WHATSAPP,2026-07-30 14:00:00,14,10,False,,IGNORED
CT-006931,C02073,WHATSAPP,2026-06-20 12:00:00,12,5,False,,IGNORED
CT-006932,C02073,APP_PUSH,2026-06-30 17:00:00,17,7,False,,IGNORED
CT-006933,C02073,WHATSAPP,2026-09-06 15:00:00,15,6,False,,IGNORED
CT-006934,C02073,CALL,2026-06-27 11:00:00,11,8,True,0.23,ANSWERED
CT-006935,C02074,APP_PUSH,2026-07-15 15:00:00,15,8,True,0.01,ANSWERED
CT-006936,C02074,APP_PUSH,2026-07-25 13:00:00,13,7,False,,IGNORED
CT-006937,C02074,APP_PUSH,2026-06-20 15:00:00,15,6,False,,IGNORED
CT-006938,C02075,SMS,2026-09-01 14:00:00,14,8,True,0.61,ANSWERED
CT-006939,C02075,SMS,2026-06-19 11:00:00,11,6,False,,IGNORED
CT-006940,C02075,WHATSAPP,2026-08-16 11:00:00,11,5,False,,IGNORED
CT-006941,C02075,SMS,2026-07-07 11:00:00,11,7,False,,IGNORED
CT-006942,C02075,CALL,2026-07-26 12:00:00,12,7,False,,IGNORED
CT-006943,C02076,APP_PUSH,2026-08-04 21:00:00,21,6,True,1.91,ANSWERED
CT-006944,C02076,WHATSAPP,2026-07-12 21:00:00,21,0,False,,IGNORED
CT-006945,C02076,SMS,2026-06-21 22:00:00,22,8,False,,IGNORED
CT-006946,C02076,APP_PUSH,2026-07-02 17:00:00,17,6,False,,IGNORED
CT-006947,C02076,CALL,2026-08-20 22:00:00,22,5,False,,IGNORED
CT-006948,C02077,WHATSAPP,2026-09-06 02:00:00,2,6,False,,IGNORED
CT-006949,C02077,CALL,2026-07-10 07:00:00,7,5,True,0.35,ANSWERED
CT-006950,C02077,WHATSAPP,2026-06-25 05:00:00,5,6,False,,IGNORED
CT-006951,C02077,WHATSAPP,2026-06-23 13:00:00,13,7,False,,REJECTED
CT-006952,C02078,SMS,2026-07-25 18:00:00,18,4,True,0.77,ANSWERED
CT-006953,C02078,CALL,2026-07-12 20:00:00,20,3,False,,BOUNCED
CT-006954,C02079,WHATSAPP,2026-08-28 21:00:00,21,4,False,,REJECTED
CT-006955,C02080,APP_PUSH,2026-07-12 21:00:00,21,5,False,,IGNORED
CT-006956,C02081,APP_PUSH,2026-07-20 15:00:00,15,5,False,,IGNORED
CT-006957,C02081,CALL,2026-09-02 16:00:00,16,4,False,,IGNORED
CT-006958,C02082,SMS,2026-09-03 08:00:00,8,4,True,0.48,ANSWERED
CT-006959,C02082,WHATSAPP,2026-08-28 12:00:00,12,3,True,5.01,ANSWERED
CT-006960,C02082,APP_PUSH,2026-08-21 07:00:00,7,6,True,0.63,ANSWERED
CT-006961,C02082,SMS,2026-09-07 09:00:00,9,6,True,1.95,ANSWERED
CT-006962,C02083,CALL,2026-06-28 11:00:00,11,3,False,,IGNORED
CT-006963,C02083,CALL,2026-07-19 13:00:00,13,2,False,,REJECTED
CT-006964,C02083,APP_PUSH,2026-07-13 11:00:00,11,5,True,4.19,ANSWERED
CT-006965,C02084,APP_PUSH,2026-08-03 12:00:00,12,5,False,,IGNORED
CT-006966,C02084,APP_PUSH,2026-08-28 13:00:00,13,4,True,1.66,ANSWERED
CT-006967,C02084,CALL,2026-09-01 06:00:00,6,6,False,,IGNORED
CT-006968,C02085,CALL,2026-09-10 10:00:00,10,2,False,,IGNORED
CT-006969,C02085,CALL,2026-08-05 14:00:00,14,4,True,2.35,ANSWERED
CT-006970,C02085,CALL,2026-09-12 20:00:00,20,1,False,,IGNORED
CT-006971,C02085,WHATSAPP,2026-07-13 16:00:00,16,1,False,,IGNORED
CT-006972,C02086,CALL,2026-08-18 10:00:00,10,6,False,,IGNORED
CT-006973,C02086,SMS,2026-07-17 08:00:00,8,7,False,,IGNORED
CT-006974,C02086,SMS,2026-07-20 10:00:00,10,8,True,0.04,ANSWERED
CT-006975,C02086,SMS,2026-07-27 11:00:00,11,8,False,,IGNORED
CT-006976,C02086,SMS,2026-09-04 18:00:00,18,3,False,,IGNORED
CT-006977,C02087,SMS,2026-07-14 16:00:00,16,8,True,8.3,ANSWERED
CT-006978,C02087,SMS,2026-09-06 12:00:00,12,8,True,0.09,ANSWERED
CT-006979,C02087,SMS,2026-06-22 10:00:00,10,6,False,,IGNORED
CT-006980,C02088,CALL,2026-08-22 16:00:00,16,4,False,,IGNORED
CT-006981,C02088,WHATSAPP,2026-09-05 16:00:00,16,8,False,,IGNORED
CT-006982,C02088,WHATSAPP,2026-06-23 18:00:00,18,6,False,,IGNORED
CT-006983,C02088,WHATSAPP,2026-07-01 15:00:00,15,9,True,0.65,ANSWERED
CT-006984,C02088,WHATSAPP,2026-08-07 17:00:00,17,5,True,1.1,ANSWERED
CT-006985,C02090,SMS,2026-07-13 23:00:00,23,4,True,2.24,ANSWERED
CT-006986,C02090,CALL,2026-06-16 22:00:00,22,7,False,,IGNORED
CT-006987,C02090,WHATSAPP,2026-08-08 18:00:00,18,6,False,,IGNORED
CT-006988,C02090,WHATSAPP,2026-06-15 19:00:00,19,8,False,,IGNORED
CT-006989,C02091,CALL,2026-08-25 13:00:00,13,7,False,,IGNORED
CT-006990,C02091,CALL,2026-08-02 21:00:00,21,4,False,,IGNORED
CT-006991,C02091,WHATSAPP,2026-06-29 18:00:00,18,6,False,,IGNORED
CT-006992,C02092,SMS,2026-07-10 06:00:00,6,4,False,,IGNORED
CT-006993,C02092,SMS,2026-07-04 10:00:00,10,5,False,,BOUNCED
CT-006994,C02092,SMS,2026-08-04 08:00:00,8,8,False,,REJECTED
CT-006995,C02092,CALL,2026-06-21 11:00:00,11,6,True,2.12,ANSWERED
CT-006996,C02093,CALL,2026-08-14 15:00:00,15,5,False,,IGNORED
CT-006997,C02093,WHATSAPP,2026-06-20 23:00:00,23,7,False,,IGNORED
CT-006998,C02093,APP_PUSH,2026-07-22 10:00:00,10,6,False,,IGNORED
CT-006999,C02093,SMS,2026-08-25 09:00:00,9,5,False,,REJECTED
CT-007000,C02093,SMS,2026-07-10 12:00:00,12,8,False,,IGNORED
CT-007001,C02094,SMS,2026-07-17 10:00:00,10,7,True,0.14,ANSWERED
CT-007002,C02094,SMS,2026-07-15 07:00:00,7,7,True,0.3,ANSWERED
CT-007003,C02094,APP_PUSH,2026-06-18 07:00:00,7,4,False,,IGNORED
CT-007004,C02094,WHATSAPP,2026-08-29 04:00:00,4,5,False,,IGNORED
CT-007005,C02095,APP_PUSH,2026-09-06 13:00:00,13,3,False,,REJECTED
CT-007006,C02095,APP_PUSH,2026-09-10 06:00:00,6,3,False,,IGNORED
CT-007007,C02095,APP_PUSH,2026-08-20 06:00:00,6,4,True,3.67,ANSWERED
CT-007008,C02095,WHATSAPP,2026-07-08 09:00:00,9,4,False,,IGNORED
CT-007009,C02095,APP_PUSH,2026-07-14 13:00:00,13,6,False,,IGNORED
CT-007010,C02097,WHATSAPP,2026-07-07 08:00:00,8,5,True,4.57,ANSWERED
CT-007011,C02097,WHATSAPP,2026-07-22 02:00:00,2,4,False,,IGNORED
CT-007012,C02098,APP_PUSH,2026-09-01 13:00:00,13,5,False,,IGNORED
CT-007013,C02098,WHATSAPP,2026-07-07 16:00:00,16,7,False,,IGNORED
CT-007014,C02098,WHATSAPP,2026-07-27 11:00:00,11,5,False,,IGNORED
CT-007015,C02099,APP_PUSH,2026-07-13 16:00:00,16,3,False,,REJECTED
CT-007016,C02099,APP_PUSH,2026-08-02 13:00:00,13,1,False,,IGNORED
CT-007017,C02099,APP_PUSH,2026-06-15 15:00:00,15,2,False,,IGNORED
CT-007018,C02100,WHATSAPP,2026-07-14 10:00:00,10,4,False,,IGNORED
CT-007019,C02100,WHATSAPP,2026-06-19 06:00:00,6,6,False,,IGNORED
CT-007020,C02100,WHATSAPP,2026-06-24 04:00:00,4,5,False,,REJECTED
CT-007021,C02100,SMS,2026-07-18 07:00:00,7,6,False,,IGNORED
CT-007022,C02101,WHATSAPP,2026-08-14 16:00:00,16,4,False,,REJECTED
CT-007023,C02102,WHATSAPP,2026-06-23 15:00:00,15,7,True,0.01,ANSWERED
CT-007024,C02103,WHATSAPP,2026-06-26 18:00:00,18,9,True,1.6,ANSWERED
CT-007025,C02103,SMS,2026-08-04 21:00:00,21,14,False,,IGNORED
CT-007026,C02103,WHATSAPP,2026-07-02 10:00:00,10,6,False,,IGNORED
CT-007027,C02103,WHATSAPP,2026-07-25 13:00:00,13,7,True,0.34,ANSWERED
CT-007028,C02103,WHATSAPP,2026-06-18 13:00:00,13,7,True,0.39,ANSWERED
CT-007029,C02104,WHATSAPP,2026-07-22 06:00:00,6,10,True,4.92,ANSWERED
CT-007030,C02104,APP_PUSH,2026-08-15 11:00:00,11,4,False,,IGNORED
CT-007031,C02104,APP_PUSH,2026-07-22 05:00:00,5,8,False,,REJECTED
CT-007032,C02104,APP_PUSH,2026-07-05 08:00:00,8,10,False,,IGNORED
CT-007033,C02104,CALL,2026-08-10 05:00:00,5,7,False,,IGNORED
CT-007034,C02104,SMS,2026-07-18 06:00:00,6,7,False,,IGNORED
CT-007035,C02105,APP_PUSH,2026-07-20 13:00:00,13,5,False,,IGNORED
CT-007036,C02105,WHATSAPP,2026-07-12 13:00:00,13,7,False,,IGNORED
CT-007037,C02106,APP_PUSH,2026-07-20 11:00:00,11,6,False,,IGNORED
CT-007038,C02106,CALL,2026-08-05 18:00:00,18,7,False,,IGNORED
CT-007039,C02106,SMS,2026-07-03 12:00:00,12,2,False,,REJECTED
CT-007040,C02107,SMS,2026-08-16 10:00:00,10,0,False,,REJECTED
CT-007041,C02107,SMS,2026-08-02 14:00:00,14,2,False,,IGNORED
CT-007042,C02107,SMS,2026-07-15 18:00:00,18,1,False,,IGNORED
CT-007043,C02107,SMS,2026-08-10 11:00:00,11,2,False,,IGNORED
CT-007044,C02107,SMS,2026-07-02 10:00:00,10,2,True,0.67,ANSWERED
CT-007045,C02108,APP_PUSH,2026-09-06 11:00:00,11,4,True,0.02,ANSWERED
CT-007046,C02108,APP_PUSH,2026-06-19 06:00:00,6,4,False,,IGNORED
CT-007047,C02108,SMS,2026-09-12 09:00:00,9,3,False,,IGNORED
CT-007048,C02108,APP_PUSH,2026-09-08 06:00:00,6,2,True,0.11,ANSWERED
CT-007049,C02108,WHATSAPP,2026-09-06 11:00:00,11,6,False,,IGNORED
CT-007050,C02108,APP_PUSH,2026-07-15 09:00:00,9,4,False,,IGNORED
CT-007051,C02108,SMS,2026-07-25 04:00:00,4,0,False,,IGNORED
CT-007052,C02108,APP_PUSH,2026-09-02 09:00:00,9,6,False,,IGNORED
CT-007053,C02108,APP_PUSH,2026-07-04 12:00:00,12,6,False,,IGNORED
CT-007054,C02108,APP_PUSH,2026-08-05 10:00:00,10,7,False,,IGNORED
CT-007055,C02109,APP_PUSH,2026-07-02 04:00:00,4,6,True,1.03,ANSWERED
CT-007056,C02111,CALL,2026-09-03 12:00:00,12,2,False,,IGNORED
CT-007057,C02111,SMS,2026-07-04 15:00:00,15,6,False,,IGNORED
CT-007058,C02111,APP_PUSH,2026-09-06 10:00:00,10,7,False,,IGNORED
CT-007059,C02112,WHATSAPP,2026-08-07 14:00:00,14,5,False,,IGNORED
CT-007060,C02112,CALL,2026-08-11 10:00:00,10,5,False,,IGNORED
CT-007061,C02112,WHATSAPP,2026-07-11 13:00:00,13,6,False,,IGNORED
CT-007062,C02113,CALL,2026-07-12 21:00:00,21,12,False,,IGNORED
CT-007063,C02113,SMS,2026-09-05 22:00:00,22,5,False,,IGNORED
CT-007064,C02113,APP_PUSH,2026-08-14 19:00:00,19,8,False,,IGNORED
CT-007065,C02114,WHATSAPP,2026-07-16 23:00:00,23,7,False,,IGNORED
CT-007066,C02114,SMS,2026-06-18 23:00:00,23,2,False,,IGNORED
CT-007067,C02114,APP_PUSH,2026-09-04 20:00:00,20,7,False,,IGNORED
CT-007068,C02114,APP_PUSH,2026-07-15 17:00:00,17,4,False,,REJECTED
CT-007069,C02115,SMS,2026-07-12 19:00:00,19,8,False,,IGNORED
CT-007070,C02115,APP_PUSH,2026-09-06 17:00:00,17,6,False,,REJECTED
CT-007071,C02116,SMS,2026-07-30 10:00:00,10,3,False,,REJECTED
CT-007072,C02116,SMS,2026-07-03 13:00:00,13,5,False,,IGNORED
CT-007073,C02116,APP_PUSH,2026-09-08 13:00:00,13,4,True,1.12,ANSWERED
CT-007074,C02116,APP_PUSH,2026-07-13 11:00:00,11,1,False,,IGNORED
CT-007075,C02116,CALL,2026-09-11 20:00:00,20,3,False,,IGNORED
CT-007076,C02116,APP_PUSH,2026-07-16 15:00:00,15,6,True,0.51,ANSWERED
CT-007077,C02116,APP_PUSH,2026-08-08 12:00:00,12,6,True,1.3,ANSWERED
CT-007078,C02116,APP_PUSH,2026-08-22 14:00:00,14,4,False,,IGNORED
CT-007079,C02116,APP_PUSH,2026-08-24 09:00:00,9,5,False,,IGNORED
CT-007080,C02116,APP_PUSH,2026-06-20 13:00:00,13,4,False,,IGNORED
CT-007081,C02116,APP_PUSH,2026-08-02 10:00:00,10,6,True,1.88,ANSWERED
CT-007082,C02116,APP_PUSH,2026-08-25 19:00:00,19,3,True,5.12,ANSWERED
CT-007083,C02117,APP_PUSH,2026-09-09 21:00:00,21,4,True,0.19,ANSWERED
CT-007084,C02117,APP_PUSH,2026-08-02 13:00:00,13,5,True,1.85,ANSWERED
CT-007085,C02117,APP_PUSH,2026-08-30 15:00:00,15,6,False,,IGNORED
CT-007086,C02118,WHATSAPP,2026-07-16 13:00:00,13,3,False,,IGNORED
CT-007087,C02118,WHATSAPP,2026-08-07 09:00:00,9,3,False,,REJECTED
CT-007088,C02118,SMS,2026-07-13 13:00:00,13,3,True,0.51,ANSWERED
CT-007089,C02118,WHATSAPP,2026-07-03 04:00:00,4,8,False,,IGNORED
CT-007090,C02119,SMS,2026-09-12 08:00:00,8,2,True,3.61,ANSWERED
CT-007091,C02119,SMS,2026-07-26 06:00:00,6,1,True,2.32,ANSWERED
CT-007092,C02119,SMS,2026-07-02 08:00:00,8,4,True,3.38,ANSWERED
CT-007093,C02120,CALL,2026-08-22 11:00:00,11,7,False,,IGNORED
CT-007094,C02120,CALL,2026-06-25 08:00:00,8,12,True,1.75,ANSWERED
CT-007095,C02120,WHATSAPP,2026-08-30 09:00:00,9,7,True,0.05,ANSWERED
CT-007096,C02121,WHATSAPP,2026-07-16 11:00:00,11,2,False,,REJECTED
CT-007097,C02121,APP_PUSH,2026-06-15 08:00:00,8,6,False,,REJECTED
CT-007098,C02121,CALL,2026-07-23 05:00:00,5,5,False,,IGNORED
CT-007099,C02121,WHATSAPP,2026-07-28 06:00:00,6,2,True,1.19,ANSWERED
CT-007100,C02121,CALL,2026-07-31 05:00:00,5,6,False,,IGNORED
CT-007101,C02122,CALL,2026-08-08 11:00:00,11,7,True,1.61,ANSWERED
CT-007102,C02122,SMS,2026-09-02 09:00:00,9,2,False,,IGNORED
CT-007103,C02123,WHATSAPP,2026-07-18 12:00:00,12,8,False,,IGNORED
CT-007104,C02123,CALL,2026-08-14 13:00:00,13,3,False,,REJECTED
CT-007105,C02124,APP_PUSH,2026-06-18 01:00:00,1,2,False,,IGNORED
CT-007106,C02124,SMS,2026-07-04 12:00:00,12,8,False,,IGNORED
CT-007107,C02124,SMS,2026-07-07 04:00:00,4,6,False,,IGNORED
CT-007108,C02125,WHATSAPP,2026-06-28 16:00:00,16,6,True,5.52,ANSWERED
CT-007109,C02125,APP_PUSH,2026-08-22 20:00:00,20,3,False,,IGNORED
CT-007110,C02126,APP_PUSH,2026-07-14 09:00:00,9,4,True,7.87,ANSWERED
CT-007111,C02126,APP_PUSH,2026-07-25 11:00:00,11,4,True,0.66,ANSWERED
CT-007112,C02126,APP_PUSH,2026-08-08 05:00:00,5,0,True,0.06,ANSWERED
CT-007113,C02127,WHATSAPP,2026-06-27 13:00:00,13,9,False,,IGNORED
CT-007114,C02127,WHATSAPP,2026-09-06 11:00:00,11,9,True,1.51,ANSWERED
CT-007115,C02127,WHATSAPP,2026-08-21 11:00:00,11,6,True,0.69,ANSWERED
CT-007116,C02127,APP_PUSH,2026-07-20 10:00:00,10,9,True,1.79,ANSWERED
CT-007117,C02128,APP_PUSH,2026-07-31 04:00:00,4,7,False,,REJECTED
CT-007118,C02128,WHATSAPP,2026-07-28 09:00:00,9,4,False,,IGNORED
CT-007119,C02128,WHATSAPP,2026-08-26 06:00:00,6,1,False,,IGNORED
CT-007120,C02128,SMS,2026-08-22 07:00:00,7,2,False,,IGNORED
CT-007121,C02128,APP_PUSH,2026-07-16 06:00:00,6,4,False,,IGNORED
CT-007122,C02129,SMS,2026-09-02 13:00:00,13,7,False,,IGNORED
CT-007123,C02129,SMS,2026-07-08 15:00:00,15,7,False,,IGNORED
CT-007124,C02130,CALL,2026-07-17 18:00:00,18,3,True,1.69,ANSWERED
CT-007125,C02130,WHATSAPP,2026-07-09 20:00:00,20,1,False,,IGNORED
CT-007126,C02130,WHATSAPP,2026-07-14 19:00:00,19,2,False,,REJECTED
CT-007127,C02130,CALL,2026-06-25 21:00:00,21,4,True,0.8,ANSWERED
CT-007128,C02130,CALL,2026-08-07 19:00:00,19,4,True,1.38,ANSWERED
CT-007129,C02130,APP_PUSH,2026-07-06 17:00:00,17,2,False,,IGNORED
CT-007130,C02131,APP_PUSH,2026-09-02 10:00:00,10,4,True,2.16,ANSWERED
CT-007131,C02131,WHATSAPP,2026-08-03 12:00:00,12,6,True,4.92,ANSWERED
CT-007132,C02131,WHATSAPP,2026-07-14 08:00:00,8,4,False,,IGNORED
CT-007133,C02132,SMS,2026-07-13 15:00:00,15,0,False,,IGNORED
CT-007134,C02133,WHATSAPP,2026-07-21 19:00:00,19,1,False,,IGNORED
CT-007135,C02133,SMS,2026-06-26 20:00:00,20,2,False,,REJECTED
CT-007136,C02133,APP_PUSH,2026-07-09 17:00:00,17,3,False,,IGNORED
CT-007137,C02133,APP_PUSH,2026-07-24 22:00:00,22,4,True,1.47,ANSWERED
CT-007138,C02133,WHATSAPP,2026-07-23 19:00:00,19,5,False,,BOUNCED
CT-007139,C02133,WHATSAPP,2026-07-24 09:00:00,9,1,False,,IGNORED
CT-007140,C02133,CALL,2026-06-25 15:00:00,15,2,False,,IGNORED
CT-007141,C02134,WHATSAPP,2026-06-22 09:00:00,9,3,False,,IGNORED
CT-007142,C02134,CALL,2026-08-03 09:00:00,9,4,False,,REJECTED
CT-007143,C02134,CALL,2026-06-25 15:00:00,15,4,True,2.29,ANSWERED
CT-007144,C02134,WHATSAPP,2026-07-03 12:00:00,12,4,True,6.14,ANSWERED
CT-007145,C02134,CALL,2026-08-22 13:00:00,13,2,True,0.39,ANSWERED
CT-007146,C02134,WHATSAPP,2026-08-24 07:00:00,7,1,False,,IGNORED
CT-007147,C02134,WHATSAPP,2026-07-30 10:00:00,10,4,False,,IGNORED
CT-007148,C02134,APP_PUSH,2026-07-02 10:00:00,10,4,False,,IGNORED
CT-007149,C02134,WHATSAPP,2026-08-30 13:00:00,13,3,True,0.04,ANSWERED
CT-007150,C02135,SMS,2026-09-04 19:00:00,19,7,False,,IGNORED
CT-007151,C02136,SMS,2026-06-17 16:00:00,16,9,False,,IGNORED
CT-007152,C02137,CALL,2026-06-24 09:00:00,9,7,True,3.32,ANSWERED
CT-007153,C02137,SMS,2026-07-20 06:00:00,6,9,False,,REJECTED
CT-007154,C02137,SMS,2026-07-27 04:00:00,4,7,False,,IGNORED
CT-007155,C02138,APP_PUSH,2026-06-30 08:00:00,8,7,False,,IGNORED
CT-007156,C02140,APP_PUSH,2026-06-22 14:00:00,14,3,False,,IGNORED
CT-007157,C02143,CALL,2026-07-07 07:00:00,7,2,True,0.31,ANSWERED
CT-007158,C02144,APP_PUSH,2026-06-28 20:00:00,20,7,True,3.45,ANSWERED
CT-007159,C02144,CALL,2026-08-09 21:00:00,21,3,False,,BOUNCED
CT-007160,C02145,CALL,2026-09-08 02:00:00,2,3,False,,BOUNCED
CT-007161,C02145,WHATSAPP,2026-08-02 05:00:00,5,3,False,,IGNORED
CT-007162,C02145,APP_PUSH,2026-06-29 08:00:00,8,5,False,,IGNORED
CT-007163,C02145,WHATSAPP,2026-08-15 05:00:00,5,0,False,,IGNORED
CT-007164,C02146,SMS,2026-08-04 13:00:00,13,2,False,,IGNORED
CT-007165,C02146,CALL,2026-07-10 14:00:00,14,3,True,0.75,ANSWERED
CT-007166,C02146,WHATSAPP,2026-07-23 18:00:00,18,7,False,,IGNORED
CT-007167,C02146,SMS,2026-07-06 13:00:00,13,1,False,,IGNORED
CT-007168,C02147,APP_PUSH,2026-06-24 11:00:00,11,8,False,,IGNORED
CT-007169,C02147,WHATSAPP,2026-07-30 12:00:00,12,4,False,,IGNORED
CT-007170,C02147,SMS,2026-08-19 10:00:00,10,5,False,,IGNORED
CT-007171,C02147,SMS,2026-07-05 06:00:00,6,4,True,0.76,ANSWERED
CT-007172,C02147,APP_PUSH,2026-07-11 08:00:00,8,5,False,,IGNORED
CT-007173,C02147,WHATSAPP,2026-07-11 13:00:00,13,1,True,0.18,ANSWERED
CT-007174,C02148,CALL,2026-06-19 05:00:00,5,4,False,,IGNORED
CT-007175,C02148,CALL,2026-08-27 04:00:00,4,2,False,,REJECTED
CT-007176,C02148,WHATSAPP,2026-08-02 10:00:00,10,1,True,1.62,ANSWERED
CT-007177,C02148,CALL,2026-07-24 04:00:00,4,3,True,3.02,ANSWERED
CT-007178,C02148,CALL,2026-06-27 09:00:00,9,3,True,3.48,ANSWERED
CT-007179,C02148,WHATSAPP,2026-08-20 00:00:00,0,4,False,,IGNORED
CT-007180,C02148,WHATSAPP,2026-07-29 08:00:00,8,3,False,,REJECTED
CT-007181,C02148,WHATSAPP,2026-09-09 09:00:00,9,2,True,0.3,ANSWERED
CT-007182,C02148,WHATSAPP,2026-08-17 07:00:00,7,1,True,0.09,ANSWERED
CT-007183,C02149,WHATSAPP,2026-06-27 13:00:00,13,10,False,,IGNORED
CT-007184,C02150,SMS,2026-08-31 09:00:00,9,5,False,,REJECTED
CT-007185,C02150,APP_PUSH,2026-06-22 13:00:00,13,3,False,,IGNORED
CT-007186,C02150,SMS,2026-06-19 08:00:00,8,4,False,,REJECTED
CT-007187,C02151,SMS,2026-08-30 11:00:00,11,7,False,,IGNORED
CT-007188,C02151,SMS,2026-06-26 01:00:00,1,7,True,2.43,ANSWERED
CT-007189,C02152,APP_PUSH,2026-08-16 09:00:00,9,3,False,,IGNORED
CT-007190,C02153,SMS,2026-06-18 11:00:00,11,6,False,,IGNORED
CT-007191,C02154,SMS,2026-09-04 21:00:00,21,7,False,,IGNORED
CT-007192,C02154,WHATSAPP,2026-07-29 21:00:00,21,5,True,2.26,ANSWERED
CT-007193,C02154,SMS,2026-07-12 18:00:00,18,8,True,2.5,ANSWERED
CT-007194,C02154,APP_PUSH,2026-08-11 17:00:00,17,6,False,,IGNORED
CT-007195,C02155,WHATSAPP,2026-07-09 13:00:00,13,5,False,,IGNORED
CT-007196,C02155,CALL,2026-07-28 20:00:00,20,4,False,,IGNORED
CT-007197,C02155,SMS,2026-07-24 21:00:00,21,6,False,,IGNORED
CT-007198,C02156,CALL,2026-08-08 19:00:00,19,3,False,,IGNORED
CT-007199,C02156,APP_PUSH,2026-06-21 11:00:00,11,3,False,,IGNORED
CT-007200,C02156,CALL,2026-07-10 18:00:00,18,2,False,,REJECTED
CT-007201,C02158,SMS,2026-08-14 11:00:00,11,5,True,2.65,ANSWERED
CT-007202,C02158,SMS,2026-08-10 04:00:00,4,0,False,,IGNORED
CT-007203,C02158,SMS,2026-09-04 04:00:00,4,7,True,5.84,ANSWERED
CT-007204,C02158,SMS,2026-07-27 12:00:00,12,4,False,,IGNORED
CT-007205,C02159,CALL,2026-07-11 07:00:00,7,1,False,,REJECTED
CT-007206,C02159,SMS,2026-07-01 12:00:00,12,1,True,1.47,ANSWERED
CT-007207,C02159,SMS,2026-08-23 13:00:00,13,2,True,4.77,ANSWERED
CT-007208,C02160,SMS,2026-08-07 11:00:00,11,5,False,,REJECTED
CT-007209,C02160,WHATSAPP,2026-06-24 12:00:00,12,4,True,0.32,ANSWERED
CT-007210,C02160,SMS,2026-06-27 09:00:00,9,3,False,,IGNORED
CT-007211,C02160,WHATSAPP,2026-08-28 15:00:00,15,5,True,0.4,ANSWERED
CT-007212,C02160,WHATSAPP,2026-08-16 09:00:00,9,5,False,,IGNORED
CT-007213,C02161,SMS,2026-07-21 12:00:00,12,3,False,,IGNORED
CT-007214,C02162,SMS,2026-07-02 13:00:00,13,12,False,,IGNORED
CT-007215,C02162,APP_PUSH,2026-06-20 13:00:00,13,7,True,0.42,ANSWERED
CT-007216,C02162,SMS,2026-09-07 11:00:00,11,7,True,1.39,ANSWERED
CT-007217,C02163,SMS,2026-07-29 17:00:00,17,1,False,,IGNORED
CT-007218,C02164,CALL,2026-08-08 18:00:00,18,6,False,,REJECTED
CT-007219,C02164,APP_PUSH,2026-07-15 22:00:00,22,4,True,0.62,ANSWERED
CT-007220,C02164,APP_PUSH,2026-06-28 19:00:00,19,5,False,,IGNORED
CT-007221,C02165,APP_PUSH,2026-07-27 18:00:00,18,7,True,2.95,ANSWERED
CT-007222,C02165,WHATSAPP,2026-07-29 23:00:00,23,7,True,1.21,ANSWERED
CT-007223,C02165,CALL,2026-06-26 21:00:00,21,10,True,4.07,ANSWERED
CT-007224,C02165,APP_PUSH,2026-07-04 15:00:00,15,7,True,0.23,ANSWERED
CT-007225,C02165,SMS,2026-08-30 22:00:00,22,6,False,,IGNORED
CT-007226,C02167,SMS,2026-07-04 20:00:00,20,6,True,2.67,ANSWERED
CT-007227,C02167,SMS,2026-08-24 21:00:00,21,2,False,,REJECTED
CT-007228,C02167,SMS,2026-08-08 16:00:00,16,5,False,,BOUNCED
CT-007229,C02167,SMS,2026-07-22 14:00:00,14,4,False,,IGNORED
CT-007230,C02168,SMS,2026-09-03 11:00:00,11,7,False,,IGNORED
CT-007231,C02168,CALL,2026-08-19 11:00:00,11,8,False,,REJECTED
CT-007232,C02168,CALL,2026-08-31 06:00:00,6,5,False,,IGNORED
CT-007233,C02168,CALL,2026-08-17 09:00:00,9,3,False,,IGNORED
CT-007234,C02169,CALL,2026-06-23 22:00:00,22,2,False,,IGNORED
CT-007235,C02169,CALL,2026-07-09 17:00:00,17,4,True,1.23,ANSWERED
CT-007236,C02169,WHATSAPP,2026-06-27 21:00:00,21,2,False,,IGNORED
CT-007237,C02170,WHATSAPP,2026-08-23 04:00:00,4,1,True,10.29,ANSWERED
CT-007238,C02170,WHATSAPP,2026-07-30 07:00:00,7,4,True,0.69,ANSWERED
CT-007239,C02170,CALL,2026-08-30 12:00:00,12,1,False,,IGNORED
CT-007240,C02170,WHATSAPP,2026-07-28 09:00:00,9,2,True,1.42,ANSWERED
CT-007241,C02170,WHATSAPP,2026-06-15 17:00:00,17,1,False,,IGNORED
CT-007242,C02171,CALL,2026-07-19 17:00:00,17,6,True,2.14,ANSWERED
CT-007243,C02171,CALL,2026-08-18 15:00:00,15,6,True,1.0,ANSWERED
CT-007244,C02172,CALL,2026-06-18 14:00:00,14,1,False,,REJECTED
CT-007245,C02172,CALL,2026-06-25 18:00:00,18,8,False,,IGNORED
CT-007246,C02172,CALL,2026-09-12 15:00:00,15,6,False,,IGNORED
CT-007247,C02172,WHATSAPP,2026-06-23 18:00:00,18,5,False,,IGNORED
CT-007248,C02173,SMS,2026-06-15 20:00:00,20,9,False,,IGNORED
CT-007249,C02173,SMS,2026-08-10 18:00:00,18,4,False,,REJECTED
CT-007250,C02173,CALL,2026-09-08 17:00:00,17,5,False,,REJECTED
CT-007251,C02173,WHATSAPP,2026-09-10 23:00:00,23,9,False,,IGNORED
CT-007252,C02173,WHATSAPP,2026-07-07 18:00:00,18,5,True,0.2,ANSWERED
CT-007253,C02173,SMS,2026-09-07 19:00:00,19,6,False,,IGNORED
CT-007254,C02174,WHATSAPP,2026-08-01 12:00:00,12,3,True,2.78,ANSWERED
CT-007255,C02174,WHATSAPP,2026-06-22 14:00:00,14,5,True,1.93,ANSWERED
CT-007256,C02174,CALL,2026-07-03 12:00:00,12,3,False,,IGNORED
CT-007257,C02174,APP_PUSH,2026-07-13 12:00:00,12,5,True,1.01,ANSWERED
CT-007258,C02174,SMS,2026-08-02 06:00:00,6,0,False,,IGNORED
CT-007259,C02175,SMS,2026-09-01 10:00:00,10,5,False,,IGNORED
CT-007260,C02175,CALL,2026-07-20 05:00:00,5,6,False,,REJECTED
CT-007261,C02176,APP_PUSH,2026-07-05 10:00:00,10,1,True,0.83,ANSWERED
CT-007262,C02176,APP_PUSH,2026-08-02 14:00:00,14,1,False,,IGNORED
CT-007263,C02176,WHATSAPP,2026-06-28 10:00:00,10,3,False,,IGNORED
CT-007264,C02177,APP_PUSH,2026-07-27 19:00:00,19,6,False,,IGNORED
CT-007265,C02177,APP_PUSH,2026-08-10 17:00:00,17,6,True,0.63,ANSWERED
CT-007266,C02177,SMS,2026-07-09 20:00:00,20,8,True,2.41,ANSWERED
CT-007267,C02178,APP_PUSH,2026-08-06 15:00:00,15,5,False,,IGNORED
CT-007268,C02178,CALL,2026-09-08 12:00:00,12,4,False,,IGNORED
CT-007269,C02178,CALL,2026-07-29 16:00:00,16,5,False,,IGNORED
CT-007270,C02179,SMS,2026-07-25 11:00:00,11,0,False,,IGNORED
CT-007271,C02179,APP_PUSH,2026-07-18 10:00:00,10,2,False,,BOUNCED
CT-007272,C02179,CALL,2026-09-08 10:00:00,10,0,False,,REJECTED
CT-007273,C02179,WHATSAPP,2026-09-03 04:00:00,4,0,False,,IGNORED
CT-007274,C02180,CALL,2026-08-03 20:00:00,20,5,False,,IGNORED
CT-007275,C02180,APP_PUSH,2026-07-13 09:00:00,9,7,True,2.74,ANSWERED
CT-007276,C02180,CALL,2026-08-15 11:00:00,11,10,False,,IGNORED
CT-007277,C02180,CALL,2026-07-13 13:00:00,13,5,False,,REJECTED
CT-007278,C02180,CALL,2026-07-07 14:00:00,14,5,True,1.73,ANSWERED
CT-007279,C02180,CALL,2026-07-20 16:00:00,16,7,True,0.36,ANSWERED
CT-007280,C02180,CALL,2026-07-21 13:00:00,13,4,True,2.14,ANSWERED
CT-007281,C02180,CALL,2026-08-05 09:00:00,9,4,False,,REJECTED
CT-007282,C02180,CALL,2026-07-31 12:00:00,12,8,True,0.79,ANSWERED
CT-007283,C02181,APP_PUSH,2026-06-30 11:00:00,11,5,False,,IGNORED
CT-007284,C02181,CALL,2026-07-06 08:00:00,8,4,False,,BOUNCED
CT-007285,C02182,SMS,2026-07-13 13:00:00,13,3,True,3.58,ANSWERED
CT-007286,C02182,APP_PUSH,2026-08-12 23:00:00,23,3,False,,IGNORED
CT-007287,C02182,APP_PUSH,2026-07-26 21:00:00,21,5,False,,IGNORED
CT-007288,C02182,SMS,2026-07-21 19:00:00,19,1,False,,IGNORED
CT-007289,C02182,SMS,2026-09-02 20:00:00,20,1,False,,REJECTED
CT-007290,C02182,CALL,2026-08-19 23:00:00,23,2,False,,IGNORED
CT-007291,C02182,APP_PUSH,2026-07-19 22:00:00,22,3,True,0.53,ANSWERED
CT-007292,C02183,SMS,2026-08-03 16:00:00,16,7,False,,IGNORED
CT-007293,C02184,CALL,2026-06-15 14:00:00,14,5,False,,IGNORED
CT-007294,C02184,SMS,2026-07-19 21:00:00,21,6,False,,IGNORED
CT-007295,C02184,SMS,2026-08-24 20:00:00,20,10,False,,IGNORED
CT-007296,C02185,APP_PUSH,2026-09-05 10:00:00,10,5,True,2.29,ANSWERED
CT-007297,C02185,APP_PUSH,2026-08-31 12:00:00,12,7,False,,IGNORED
CT-007298,C02186,CALL,2026-08-17 19:00:00,19,6,False,,IGNORED
CT-007299,C02186,APP_PUSH,2026-08-01 19:00:00,19,3,False,,IGNORED
CT-007300,C02187,APP_PUSH,2026-08-15 04:00:00,4,6,False,,BOUNCED
CT-007301,C02187,SMS,2026-08-15 07:00:00,7,4,True,0.4,ANSWERED
CT-007302,C02187,SMS,2026-07-29 05:00:00,5,4,False,,IGNORED
CT-007303,C02188,WHATSAPP,2026-07-02 15:00:00,15,2,True,9.14,ANSWERED
CT-007304,C02188,SMS,2026-07-27 16:00:00,16,2,False,,IGNORED
CT-007305,C02188,APP_PUSH,2026-07-27 10:00:00,10,1,False,,IGNORED
CT-007306,C02189,SMS,2026-06-27 16:00:00,16,5,False,,IGNORED
CT-007307,C02189,SMS,2026-06-26 16:00:00,16,0,False,,IGNORED
CT-007308,C02189,SMS,2026-07-08 18:00:00,18,0,False,,IGNORED
CT-007309,C02189,SMS,2026-08-25 20:00:00,20,6,False,,IGNORED
CT-007310,C02190,SMS,2026-09-11 06:00:00,6,5,True,4.01,ANSWERED
CT-007311,C02190,APP_PUSH,2026-07-02 06:00:00,6,0,True,0.09,ANSWERED
CT-007312,C02190,APP_PUSH,2026-07-20 11:00:00,11,1,False,,IGNORED
CT-007313,C02190,WHATSAPP,2026-06-24 10:00:00,10,4,False,,IGNORED
CT-007314,C02190,APP_PUSH,2026-06-21 05:00:00,5,7,True,1.1,ANSWERED
CT-007315,C02190,APP_PUSH,2026-07-20 05:00:00,5,0,False,,IGNORED
CT-007316,C02191,WHATSAPP,2026-09-06 18:00:00,18,5,True,0.97,ANSWERED
CT-007317,C02191,WHATSAPP,2026-06-21 18:00:00,18,5,False,,IGNORED
CT-007318,C02191,SMS,2026-07-04 11:00:00,11,3,False,,BOUNCED
CT-007319,C02191,WHATSAPP,2026-06-26 15:00:00,15,6,False,,BOUNCED
CT-007320,C02192,SMS,2026-06-30 16:00:00,16,5,True,0.46,ANSWERED
CT-007321,C02192,APP_PUSH,2026-07-27 09:00:00,9,6,False,,REJECTED
CT-007322,C02192,SMS,2026-06-23 14:00:00,14,9,False,,IGNORED
CT-007323,C02192,SMS,2026-09-09 14:00:00,14,7,True,1.21,ANSWERED
CT-007324,C02193,WHATSAPP,2026-09-12 17:00:00,17,4,False,,BOUNCED
CT-007325,C02193,SMS,2026-07-23 17:00:00,17,7,True,0.48,ANSWERED
CT-007326,C02193,WHATSAPP,2026-07-13 21:00:00,21,7,False,,IGNORED
CT-007327,C02194,WHATSAPP,2026-09-06 21:00:00,21,7,False,,BOUNCED
CT-007328,C02195,APP_PUSH,2026-09-07 11:00:00,11,4,True,1.47,ANSWERED
CT-007329,C02196,CALL,2026-07-13 11:00:00,11,6,False,,IGNORED
CT-007330,C02196,APP_PUSH,2026-06-15 16:00:00,16,6,True,3.79,ANSWERED
CT-007331,C02197,SMS,2026-08-03 16:00:00,16,2,True,0.89,ANSWERED
CT-007332,C02197,SMS,2026-06-20 13:00:00,13,1,True,0.06,ANSWERED
CT-007333,C02197,SMS,2026-07-06 17:00:00,17,4,True,2.89,ANSWERED
CT-007334,C02198,CALL,2026-08-27 22:00:00,22,4,False,,IGNORED
CT-007335,C02198,APP_PUSH,2026-07-29 14:00:00,14,5,False,,IGNORED
CT-007336,C02198,WHATSAPP,2026-07-04 16:00:00,16,5,False,,BOUNCED
CT-007337,C02198,SMS,2026-09-07 19:00:00,19,3,True,2.64,ANSWERED
CT-007338,C02199,SMS,2026-09-12 12:00:00,12,7,True,2.0,ANSWERED
CT-007339,C02199,SMS,2026-07-07 06:00:00,6,7,False,,IGNORED
CT-007340,C02200,CALL,2026-06-23 18:00:00,18,7,False,,IGNORED
CT-007341,C02200,CALL,2026-07-16 11:00:00,11,4,False,,IGNORED
CT-007342,C02200,WHATSAPP,2026-09-05 20:00:00,20,4,False,,REJECTED
CT-007343,C02200,WHATSAPP,2026-08-19 14:00:00,14,9,True,3.49,ANSWERED
CT-007344,C02201,WHATSAPP,2026-07-22 23:00:00,23,5,False,,IGNORED
CT-007345,C02201,SMS,2026-07-13 18:00:00,18,4,True,2.77,ANSWERED
CT-007346,C02201,APP_PUSH,2026-07-23 17:00:00,17,3,False,,IGNORED
CT-007347,C02201,SMS,2026-08-18 16:00:00,16,4,False,,IGNORED
CT-007348,C02201,SMS,2026-08-12 16:00:00,16,3,False,,IGNORED
CT-007349,C02202,WHATSAPP,2026-09-06 09:00:00,9,2,True,6.17,ANSWERED
CT-007350,C02202,APP_PUSH,2026-09-07 05:00:00,5,8,False,,IGNORED
CT-007351,C02202,WHATSAPP,2026-08-30 07:00:00,7,5,False,,REJECTED
CT-007352,C02202,APP_PUSH,2026-07-01 07:00:00,7,4,False,,REJECTED
CT-007353,C02202,APP_PUSH,2026-07-10 14:00:00,14,7,False,,REJECTED
CT-007354,C02203,SMS,2026-09-01 11:00:00,11,7,True,2.33,ANSWERED
CT-007355,C02203,CALL,2026-08-14 16:00:00,16,6,False,,IGNORED
CT-007356,C02204,SMS,2026-08-19 04:00:00,4,3,False,,IGNORED
CT-007357,C02204,WHATSAPP,2026-06-25 08:00:00,8,6,False,,IGNORED
CT-007358,C02204,WHATSAPP,2026-08-18 12:00:00,12,4,False,,IGNORED
CT-007359,C02205,SMS,2026-06-22 23:00:00,23,3,False,,IGNORED
CT-007360,C02205,SMS,2026-09-03 21:00:00,21,6,False,,IGNORED
CT-007361,C02205,SMS,2026-07-09 23:00:00,23,5,False,,IGNORED
CT-007362,C02205,SMS,2026-08-09 16:00:00,16,3,True,0.16,ANSWERED
CT-007363,C02206,CALL,2026-09-08 19:00:00,19,3,True,1.55,ANSWERED
CT-007364,C02206,CALL,2026-07-31 15:00:00,15,1,False,,REJECTED
CT-007365,C02206,SMS,2026-08-13 13:00:00,13,3,False,,IGNORED
CT-007366,C02207,CALL,2026-07-09 17:00:00,17,5,False,,IGNORED
CT-007367,C02207,CALL,2026-08-02 21:00:00,21,6,True,1.76,ANSWERED
CT-007368,C02207,CALL,2026-07-16 17:00:00,17,4,False,,REJECTED
CT-007369,C02208,WHATSAPP,2026-09-09 15:00:00,15,6,True,4.65,ANSWERED
CT-007370,C02209,APP_PUSH,2026-06-19 13:00:00,13,7,False,,IGNORED
CT-007371,C02210,SMS,2026-06-19 10:00:00,10,5,False,,IGNORED
CT-007372,C02210,APP_PUSH,2026-08-19 09:00:00,9,8,True,3.38,ANSWERED
CT-007373,C02210,CALL,2026-07-20 06:00:00,6,5,True,5.11,ANSWERED
CT-007374,C02210,CALL,2026-07-22 11:00:00,11,8,False,,IGNORED
CT-007375,C02210,SMS,2026-08-03 14:00:00,14,5,False,,REJECTED
CT-007376,C02211,APP_PUSH,2026-07-12 11:00:00,11,3,False,,IGNORED
CT-007377,C02211,APP_PUSH,2026-09-02 10:00:00,10,2,True,1.14,ANSWERED
CT-007378,C02211,SMS,2026-06-17 09:00:00,9,3,True,6.15,ANSWERED
CT-007379,C02211,SMS,2026-06-28 09:00:00,9,3,False,,BOUNCED
CT-007380,C02211,CALL,2026-09-04 13:00:00,13,4,False,,IGNORED
CT-007381,C02211,APP_PUSH,2026-06-21 09:00:00,9,5,False,,IGNORED
CT-007382,C02211,WHATSAPP,2026-07-14 15:00:00,15,0,False,,IGNORED
CT-007383,C02211,WHATSAPP,2026-07-19 07:00:00,7,1,True,0.43,ANSWERED
CT-007384,C02212,WHATSAPP,2026-06-16 05:00:00,5,6,True,0.37,ANSWERED
CT-007385,C02212,CALL,2026-08-23 08:00:00,8,10,False,,IGNORED
CT-007386,C02213,APP_PUSH,2026-08-23 06:00:00,6,2,False,,IGNORED
CT-007387,C02214,SMS,2026-06-21 14:00:00,14,5,False,,IGNORED
CT-007388,C02214,SMS,2026-08-04 11:00:00,11,4,False,,IGNORED
CT-007389,C02214,WHATSAPP,2026-06-24 13:00:00,13,6,False,,IGNORED
CT-007390,C02214,SMS,2026-09-04 18:00:00,18,5,False,,IGNORED
CT-007391,C02215,CALL,2026-08-11 12:00:00,12,2,True,0.19,ANSWERED
CT-007392,C02215,CALL,2026-07-29 09:00:00,9,8,True,0.37,ANSWERED
CT-007393,C02215,CALL,2026-09-10 11:00:00,11,4,True,1.49,ANSWERED
CT-007394,C02216,CALL,2026-08-24 09:00:00,9,8,True,4.01,ANSWERED
CT-007395,C02216,SMS,2026-08-05 08:00:00,8,3,False,,BOUNCED
CT-007396,C02216,CALL,2026-08-07 06:00:00,6,7,True,2.17,ANSWERED
CT-007397,C02218,SMS,2026-08-03 22:00:00,22,5,False,,IGNORED
CT-007398,C02218,APP_PUSH,2026-08-20 16:00:00,16,6,False,,IGNORED
CT-007399,C02218,APP_PUSH,2026-07-23 21:00:00,21,6,False,,IGNORED
CT-007400,C02218,WHATSAPP,2026-08-28 17:00:00,17,6,False,,IGNORED
CT-007401,C02218,WHATSAPP,2026-06-28 20:00:00,20,6,True,3.3,ANSWERED
CT-007402,C02218,APP_PUSH,2026-06-28 19:00:00,19,5,True,1.58,ANSWERED
CT-007403,C02218,WHATSAPP,2026-07-04 16:00:00,16,0,False,,IGNORED
CT-007404,C02218,WHATSAPP,2026-08-03 20:00:00,20,4,True,1.83,ANSWERED
CT-007405,C02218,SMS,2026-07-03 16:00:00,16,4,False,,IGNORED
CT-007406,C02219,APP_PUSH,2026-06-16 11:00:00,11,7,True,0.78,ANSWERED
CT-007407,C02219,APP_PUSH,2026-07-19 10:00:00,10,8,True,2.21,ANSWERED
CT-007408,C02219,SMS,2026-07-10 13:00:00,13,7,False,,REJECTED
CT-007409,C02219,APP_PUSH,2026-08-03 09:00:00,9,5,True,3.66,ANSWERED
CT-007410,C02219,SMS,2026-09-09 12:00:00,12,5,False,,IGNORED
CT-007411,C02219,APP_PUSH,2026-08-11 14:00:00,14,4,False,,IGNORED
CT-007412,C02219,APP_PUSH,2026-07-11 10:00:00,10,3,False,,IGNORED
CT-007413,C02219,APP_PUSH,2026-08-31 12:00:00,12,4,False,,IGNORED
CT-007414,C02219,APP_PUSH,2026-08-11 12:00:00,12,4,True,1.65,ANSWERED
CT-007415,C02220,WHATSAPP,2026-07-08 11:00:00,11,5,True,1.92,ANSWERED
CT-007416,C02220,APP_PUSH,2026-07-30 07:00:00,7,6,False,,IGNORED
CT-007417,C02220,SMS,2026-07-07 08:00:00,8,5,False,,IGNORED
CT-007418,C02220,WHATSAPP,2026-08-09 06:00:00,6,4,False,,BOUNCED
CT-007419,C02220,WHATSAPP,2026-08-16 08:00:00,8,3,True,0.19,ANSWERED
CT-007420,C02221,CALL,2026-07-21 14:00:00,14,6,False,,IGNORED
CT-007421,C02221,CALL,2026-09-10 14:00:00,14,7,True,6.07,ANSWERED
CT-007422,C02221,CALL,2026-07-21 15:00:00,15,4,False,,BOUNCED
CT-007423,C02222,CALL,2026-07-27 14:00:00,14,3,True,2.15,ANSWERED
CT-007424,C02222,CALL,2026-08-25 10:00:00,10,6,True,0.27,ANSWERED
CT-007425,C02222,SMS,2026-08-23 18:00:00,18,4,False,,IGNORED
CT-007426,C02222,SMS,2026-07-21 15:00:00,15,3,False,,IGNORED
CT-007427,C02222,WHATSAPP,2026-07-02 13:00:00,13,2,False,,IGNORED
CT-007428,C02222,WHATSAPP,2026-06-21 16:00:00,16,4,False,,IGNORED
CT-007429,C02223,SMS,2026-07-05 18:00:00,18,4,True,0.98,ANSWERED
CT-007430,C02223,SMS,2026-07-08 18:00:00,18,3,False,,REJECTED
CT-007431,C02223,APP_PUSH,2026-07-12 17:00:00,17,4,True,1.74,ANSWERED
CT-007432,C02223,SMS,2026-08-21 17:00:00,17,5,True,3.58,ANSWERED
CT-007433,C02223,SMS,2026-07-02 16:00:00,16,6,False,,IGNORED
CT-007434,C02223,APP_PUSH,2026-08-10 19:00:00,19,11,True,1.62,ANSWERED
CT-007435,C02224,WHATSAPP,2026-07-19 14:00:00,14,8,False,,REJECTED
CT-007436,C02224,WHATSAPP,2026-07-12 08:00:00,8,10,False,,IGNORED
CT-007437,C02224,WHATSAPP,2026-08-25 11:00:00,11,8,False,,IGNORED
CT-007438,C02224,WHATSAPP,2026-09-08 12:00:00,12,4,False,,IGNORED
CT-007439,C02225,CALL,2026-06-29 17:00:00,17,1,False,,IGNORED
CT-007440,C02225,WHATSAPP,2026-07-31 18:00:00,18,7,False,,BOUNCED
CT-007441,C02226,CALL,2026-08-10 10:00:00,10,5,False,,IGNORED
CT-007442,C02226,CALL,2026-06-29 07:00:00,7,0,False,,BOUNCED
CT-007443,C02226,APP_PUSH,2026-07-06 06:00:00,6,2,False,,REJECTED
CT-007444,C02226,APP_PUSH,2026-08-09 02:00:00,2,0,True,0.46,ANSWERED
CT-007445,C02226,CALL,2026-06-21 09:00:00,9,2,False,,REJECTED
CT-007446,C02226,APP_PUSH,2026-09-09 12:00:00,12,5,False,,IGNORED
CT-007447,C02226,APP_PUSH,2026-07-23 09:00:00,9,6,False,,IGNORED
CT-007448,C02226,CALL,2026-07-17 08:00:00,8,5,False,,REJECTED
CT-007449,C02227,CALL,2026-06-19 14:00:00,14,1,False,,IGNORED
CT-007450,C02227,WHATSAPP,2026-08-08 17:00:00,17,4,True,0.21,ANSWERED
CT-007451,C02228,SMS,2026-06-23 12:00:00,12,5,False,,IGNORED
CT-007452,C02228,SMS,2026-06-24 08:00:00,8,4,False,,REJECTED
CT-007453,C02229,CALL,2026-06-24 04:00:00,4,2,False,,IGNORED
CT-007454,C02230,WHATSAPP,2026-06-26 16:00:00,16,8,False,,IGNORED
CT-007455,C02230,WHATSAPP,2026-07-31 19:00:00,19,9,False,,REJECTED
CT-007456,C02231,APP_PUSH,2026-09-05 08:00:00,8,7,False,,REJECTED
CT-007457,C02231,SMS,2026-07-22 15:00:00,15,6,True,0.44,ANSWERED
CT-007458,C02231,SMS,2026-08-01 10:00:00,10,9,True,0.5,ANSWERED
CT-007459,C02231,SMS,2026-09-10 11:00:00,11,8,False,,IGNORED
CT-007460,C02232,APP_PUSH,2026-07-06 10:00:00,10,6,False,,REJECTED
CT-007461,C02232,APP_PUSH,2026-06-20 16:00:00,16,10,True,0.54,ANSWERED
CT-007462,C02232,APP_PUSH,2026-07-08 07:00:00,7,5,False,,IGNORED
CT-007463,C02233,APP_PUSH,2026-06-27 18:00:00,18,3,False,,IGNORED
CT-007464,C02233,APP_PUSH,2026-08-04 14:00:00,14,6,True,3.24,ANSWERED
CT-007465,C02233,APP_PUSH,2026-07-02 11:00:00,11,7,True,3.52,ANSWERED
CT-007466,C02234,SMS,2026-08-09 07:00:00,7,6,False,,REJECTED
CT-007467,C02234,CALL,2026-08-12 03:00:00,3,3,True,0.68,ANSWERED
CT-007468,C02234,CALL,2026-07-24 13:00:00,13,8,False,,IGNORED
CT-007469,C02234,APP_PUSH,2026-08-15 10:00:00,10,5,False,,REJECTED
CT-007470,C02234,CALL,2026-06-16 07:00:00,7,5,False,,IGNORED
CT-007471,C02234,WHATSAPP,2026-06-15 07:00:00,7,4,True,0.9,ANSWERED
CT-007472,C02235,WHATSAPP,2026-07-09 19:00:00,19,1,False,,IGNORED
CT-007473,C02235,WHATSAPP,2026-07-06 15:00:00,15,1,True,0.98,ANSWERED
CT-007474,C02235,SMS,2026-07-27 18:00:00,18,2,False,,IGNORED
CT-007475,C02236,SMS,2026-06-23 12:00:00,12,9,True,2.16,ANSWERED
CT-007476,C02236,SMS,2026-08-27 12:00:00,12,10,False,,IGNORED
CT-007477,C02236,APP_PUSH,2026-07-12 05:00:00,5,5,False,,BOUNCED
CT-007478,C02237,WHATSAPP,2026-06-19 13:00:00,13,4,False,,REJECTED
CT-007479,C02237,CALL,2026-08-21 12:00:00,12,3,False,,IGNORED
CT-007480,C02237,CALL,2026-06-30 19:00:00,19,8,False,,IGNORED
CT-007481,C02238,CALL,2026-07-26 17:00:00,17,8,True,0.14,ANSWERED
CT-007482,C02238,CALL,2026-07-26 18:00:00,18,6,False,,IGNORED
CT-007483,C02239,WHATSAPP,2026-09-07 11:00:00,11,0,True,3.3,ANSWERED
CT-007484,C02239,APP_PUSH,2026-09-08 12:00:00,12,4,False,,REJECTED
CT-007485,C02240,WHATSAPP,2026-07-27 14:00:00,14,6,False,,REJECTED
CT-007486,C02240,WHATSAPP,2026-08-04 12:00:00,12,9,True,3.31,ANSWERED
CT-007487,C02240,SMS,2026-07-20 13:00:00,13,8,False,,IGNORED
CT-007488,C02241,SMS,2026-08-26 12:00:00,12,6,False,,IGNORED
CT-007489,C02241,SMS,2026-08-30 06:00:00,6,5,True,1.79,ANSWERED
CT-007490,C02241,WHATSAPP,2026-07-12 05:00:00,5,6,True,6.11,ANSWERED
CT-007491,C02242,CALL,2026-08-09 07:00:00,7,0,False,,IGNORED
CT-007492,C02242,APP_PUSH,2026-08-03 04:00:00,4,3,False,,IGNORED
CT-007493,C02242,SMS,2026-09-01 01:00:00,1,2,False,,IGNORED
CT-007494,C02242,APP_PUSH,2026-08-02 08:00:00,8,0,True,0.98,ANSWERED
CT-007495,C02242,CALL,2026-07-23 11:00:00,11,4,False,,REJECTED
CT-007496,C02244,SMS,2026-07-12 17:00:00,17,2,False,,REJECTED
CT-007497,C02244,SMS,2026-08-17 19:00:00,19,3,False,,REJECTED
CT-007498,C02245,APP_PUSH,2026-09-02 21:00:00,21,4,False,,REJECTED
CT-007499,C02245,APP_PUSH,2026-09-03 19:00:00,19,5,True,1.75,ANSWERED
CT-007500,C02246,CALL,2026-06-25 11:00:00,11,6,True,7.65,ANSWERED
CT-007501,C02246,CALL,2026-08-18 12:00:00,12,9,True,0.47,ANSWERED
CT-007502,C02247,APP_PUSH,2026-08-16 11:00:00,11,1,False,,IGNORED
CT-007503,C02247,CALL,2026-07-19 17:00:00,17,2,False,,IGNORED
CT-007504,C02248,CALL,2026-07-15 08:00:00,8,2,False,,IGNORED
CT-007505,C02248,SMS,2026-08-29 11:00:00,11,1,False,,IGNORED
CT-007506,C02249,WHATSAPP,2026-07-28 08:00:00,8,2,False,,IGNORED
CT-007507,C02249,WHATSAPP,2026-07-07 08:00:00,8,1,False,,REJECTED
CT-007508,C02250,WHATSAPP,2026-08-03 01:00:00,1,7,False,,IGNORED
CT-007509,C02250,WHATSAPP,2026-06-16 05:00:00,5,3,False,,IGNORED
CT-007510,C02250,CALL,2026-08-19 08:00:00,8,4,False,,REJECTED
CT-007511,C02250,WHATSAPP,2026-06-26 00:00:00,0,6,True,0.39,ANSWERED
CT-007512,C02250,WHATSAPP,2026-08-05 06:00:00,6,2,True,0.45,ANSWERED
CT-007513,C02250,WHATSAPP,2026-07-13 06:00:00,6,6,False,,IGNORED
CT-007514,C02251,APP_PUSH,2026-08-07 14:00:00,14,5,False,,BOUNCED
CT-007515,C02251,SMS,2026-08-17 14:00:00,14,9,False,,REJECTED
CT-007516,C02251,WHATSAPP,2026-06-22 17:00:00,17,5,True,0.16,ANSWERED
CT-007517,C02251,SMS,2026-06-16 17:00:00,17,7,False,,IGNORED
CT-007518,C02251,APP_PUSH,2026-08-27 13:00:00,13,6,False,,IGNORED
CT-007519,C02251,APP_PUSH,2026-08-08 17:00:00,17,4,False,,IGNORED
CT-007520,C02252,CALL,2026-06-15 18:00:00,18,3,False,,IGNORED
CT-007521,C02252,CALL,2026-07-31 18:00:00,18,2,False,,IGNORED
CT-007522,C02254,APP_PUSH,2026-08-04 20:00:00,20,5,False,,REJECTED
CT-007523,C02254,SMS,2026-07-13 20:00:00,20,3,False,,IGNORED
CT-007524,C02254,APP_PUSH,2026-08-17 17:00:00,17,4,False,,IGNORED
CT-007525,C02255,CALL,2026-08-03 15:00:00,15,10,True,3.86,ANSWERED
CT-007526,C02255,WHATSAPP,2026-06-16 12:00:00,12,7,False,,IGNORED
CT-007527,C02255,APP_PUSH,2026-07-23 15:00:00,15,6,True,0.6,ANSWERED
CT-007528,C02255,CALL,2026-08-08 19:00:00,19,6,False,,IGNORED
CT-007529,C02255,CALL,2026-07-02 09:00:00,9,7,True,0.19,ANSWERED
CT-007530,C02255,WHATSAPP,2026-07-22 12:00:00,12,9,True,1.79,ANSWERED
CT-007531,C02255,WHATSAPP,2026-09-03 17:00:00,17,6,False,,IGNORED
CT-007532,C02256,SMS,2026-08-22 17:00:00,17,9,False,,IGNORED
CT-007533,C02256,SMS,2026-07-31 11:00:00,11,4,True,1.8,ANSWERED
CT-007534,C02256,SMS,2026-07-16 08:00:00,8,5,False,,IGNORED
CT-007535,C02256,SMS,2026-06-22 10:00:00,10,7,False,,REJECTED
CT-007536,C02256,WHATSAPP,2026-07-13 10:00:00,10,10,False,,IGNORED
CT-007537,C02257,WHATSAPP,2026-07-28 12:00:00,12,3,False,,IGNORED
CT-007538,C02257,SMS,2026-07-12 20:00:00,20,4,True,0.22,ANSWERED
CT-007539,C02257,APP_PUSH,2026-08-15 14:00:00,14,2,False,,IGNORED
CT-007540,C02257,APP_PUSH,2026-08-24 10:00:00,10,6,False,,IGNORED
CT-007541,C02257,APP_PUSH,2026-08-15 11:00:00,11,3,False,,IGNORED
CT-007542,C02257,CALL,2026-08-14 16:00:00,16,1,False,,REJECTED
CT-007543,C02258,APP_PUSH,2026-08-12 15:00:00,15,1,False,,IGNORED
CT-007544,C02258,SMS,2026-09-10 14:00:00,14,2,True,2.19,ANSWERED
CT-007545,C02258,SMS,2026-08-26 19:00:00,19,0,False,,IGNORED
CT-007546,C02258,SMS,2026-07-02 20:00:00,20,1,False,,IGNORED
CT-007547,C02258,SMS,2026-07-03 15:00:00,15,7,False,,IGNORED
CT-007548,C02259,SMS,2026-07-24 08:00:00,8,7,False,,IGNORED
CT-007549,C02259,SMS,2026-08-20 17:00:00,17,3,False,,IGNORED
CT-007550,C02260,WHATSAPP,2026-07-24 17:00:00,17,-1,False,,IGNORED
CT-007551,C02260,WHATSAPP,2026-08-04 18:00:00,18,5,False,,IGNORED
CT-007552,C02260,SMS,2026-07-24 16:00:00,16,2,False,,IGNORED
CT-007553,C02261,SMS,2026-07-28 15:00:00,15,2,True,1.46,ANSWERED
CT-007554,C02261,SMS,2026-08-23 11:00:00,11,2,False,,IGNORED
CT-007555,C02261,WHATSAPP,2026-08-22 08:00:00,8,3,False,,REJECTED
CT-007556,C02261,WHATSAPP,2026-06-28 02:00:00,2,1,False,,IGNORED
CT-007557,C02262,WHATSAPP,2026-09-06 17:00:00,17,6,True,0.94,ANSWERED
CT-007558,C02262,SMS,2026-08-07 10:00:00,10,5,False,,IGNORED
CT-007559,C02262,SMS,2026-07-09 18:00:00,18,3,False,,IGNORED
CT-007560,C02262,WHATSAPP,2026-08-18 12:00:00,12,3,False,,IGNORED
CT-007561,C02262,WHATSAPP,2026-08-27 18:00:00,18,4,True,3.76,ANSWERED
CT-007562,C02262,SMS,2026-06-16 09:00:00,9,6,False,,IGNORED
CT-007563,C02263,CALL,2026-08-29 07:00:00,7,6,True,0.91,ANSWERED
CT-007564,C02263,SMS,2026-06-25 09:00:00,9,1,False,,IGNORED
CT-007565,C02263,WHATSAPP,2026-07-15 08:00:00,8,3,False,,IGNORED
CT-007566,C02264,CALL,2026-07-16 06:00:00,6,4,True,0.96,ANSWERED
CT-007567,C02264,WHATSAPP,2026-07-01 10:00:00,10,1,False,,IGNORED
CT-007568,C02264,APP_PUSH,2026-08-28 09:00:00,9,7,True,5.76,ANSWERED
CT-007569,C02265,CALL,2026-06-15 10:00:00,10,4,True,1.95,ANSWERED
CT-007570,C02265,SMS,2026-06-21 09:00:00,9,5,False,,IGNORED
CT-007571,C02266,WHATSAPP,2026-08-05 21:00:00,21,2,True,0.23,ANSWERED
CT-007572,C02266,APP_PUSH,2026-08-08 21:00:00,21,8,False,,IGNORED
CT-007573,C02267,APP_PUSH,2026-08-31 18:00:00,18,7,True,4.09,ANSWERED
CT-007574,C02268,WHATSAPP,2026-08-25 14:00:00,14,7,True,0.18,ANSWERED
CT-007575,C02269,WHATSAPP,2026-07-04 19:00:00,19,1,False,,IGNORED
CT-007576,C02269,WHATSAPP,2026-06-30 16:00:00,16,3,True,0.16,ANSWERED
CT-007577,C02270,SMS,2026-06-18 23:00:00,23,2,False,,IGNORED
CT-007578,C02270,WHATSAPP,2026-07-01 16:00:00,16,3,False,,IGNORED
CT-007579,C02271,SMS,2026-08-14 17:00:00,17,2,False,,IGNORED
CT-007580,C02271,CALL,2026-07-10 12:00:00,12,4,False,,IGNORED
CT-007581,C02271,APP_PUSH,2026-07-16 14:00:00,14,5,False,,BOUNCED
CT-007582,C02271,WHATSAPP,2026-06-21 08:00:00,8,0,True,2.34,ANSWERED
CT-007583,C02272,CALL,2026-08-21 09:00:00,9,8,False,,IGNORED
CT-007584,C02272,CALL,2026-07-26 06:00:00,6,11,False,,IGNORED
CT-007585,C02272,APP_PUSH,2026-09-10 13:00:00,13,5,False,,IGNORED
CT-007586,C02273,WHATSAPP,2026-09-01 10:00:00,10,2,False,,IGNORED
CT-007587,C02273,SMS,2026-08-21 18:00:00,18,3,False,,IGNORED
CT-007588,C02273,CALL,2026-09-03 11:00:00,11,0,False,,REJECTED
CT-007589,C02274,WHATSAPP,2026-06-19 05:00:00,5,6,False,,BOUNCED
CT-007590,C02274,CALL,2026-07-21 06:00:00,6,7,False,,IGNORED
CT-007591,C02274,CALL,2026-07-19 08:00:00,8,3,False,,IGNORED
CT-007592,C02274,WHATSAPP,2026-09-03 09:00:00,9,4,False,,REJECTED
CT-007593,C02274,WHATSAPP,2026-08-17 09:00:00,9,1,True,0.0,ANSWERED
CT-007594,C02274,WHATSAPP,2026-09-08 05:00:00,5,5,False,,IGNORED
CT-007595,C02274,WHATSAPP,2026-07-22 04:00:00,4,-1,False,,IGNORED
CT-007596,C02275,SMS,2026-09-11 21:00:00,21,5,False,,REJECTED
CT-007597,C02275,APP_PUSH,2026-07-16 13:00:00,13,5,False,,REJECTED
CT-007598,C02275,SMS,2026-08-21 13:00:00,13,-1,False,,IGNORED
CT-007599,C02275,APP_PUSH,2026-07-19 17:00:00,17,5,True,2.23,ANSWERED
CT-007600,C02276,APP_PUSH,2026-08-04 20:00:00,20,7,True,1.31,ANSWERED
CT-007601,C02277,APP_PUSH,2026-09-03 13:00:00,13,3,True,0.75,ANSWERED
CT-007602,C02277,SMS,2026-08-10 12:00:00,12,-1,True,1.33,ANSWERED
CT-007603,C02278,APP_PUSH,2026-08-24 14:00:00,14,3,False,,IGNORED
CT-007604,C02279,WHATSAPP,2026-09-10 20:00:00,20,3,False,,IGNORED
CT-007605,C02281,SMS,2026-08-31 11:00:00,11,6,False,,IGNORED
CT-007606,C02281,SMS,2026-07-14 12:00:00,12,8,False,,IGNORED
CT-007607,C02281,APP_PUSH,2026-07-27 05:00:00,5,4,False,,IGNORED
CT-007608,C02281,WHATSAPP,2026-07-12 14:00:00,14,5,False,,IGNORED
CT-007609,C02281,WHATSAPP,2026-08-31 07:00:00,7,8,False,,IGNORED
CT-007610,C02282,SMS,2026-09-02 16:00:00,16,2,True,0.67,ANSWERED
CT-007611,C02282,APP_PUSH,2026-07-30 17:00:00,17,5,False,,IGNORED
CT-007612,C02283,CALL,2026-09-08 12:00:00,12,6,False,,IGNORED
CT-007613,C02283,APP_PUSH,2026-07-15 12:00:00,12,9,False,,IGNORED
CT-007614,C02284,SMS,2026-06-19 12:00:00,12,3,False,,IGNORED
CT-007615,C02284,APP_PUSH,2026-09-08 11:00:00,11,1,False,,IGNORED
CT-007616,C02285,APP_PUSH,2026-08-10 15:00:00,15,5,True,4.81,ANSWERED
CT-007617,C02286,SMS,2026-06-27 17:00:00,17,3,False,,IGNORED
CT-007618,C02286,WHATSAPP,2026-07-25 14:00:00,14,0,False,,IGNORED
CT-007619,C02286,SMS,2026-08-29 12:00:00,12,5,False,,IGNORED
CT-007620,C02287,SMS,2026-07-25 14:00:00,14,3,False,,IGNORED
CT-007621,C02287,CALL,2026-07-19 14:00:00,14,2,False,,IGNORED
CT-007622,C02288,SMS,2026-09-10 22:00:00,22,3,False,,BOUNCED
CT-007623,C02289,WHATSAPP,2026-08-05 18:00:00,18,6,True,1.41,ANSWERED
CT-007624,C02290,WHATSAPP,2026-06-19 15:00:00,15,9,False,,BOUNCED
CT-007625,C02290,CALL,2026-08-31 13:00:00,13,7,False,,IGNORED
CT-007626,C02291,SMS,2026-07-04 16:00:00,16,3,False,,IGNORED
CT-007627,C02291,CALL,2026-08-11 16:00:00,16,5,False,,IGNORED
CT-007628,C02291,APP_PUSH,2026-07-14 10:00:00,10,1,True,1.99,ANSWERED
CT-007629,C02291,SMS,2026-08-06 10:00:00,10,5,False,,IGNORED
CT-007630,C02291,SMS,2026-09-10 11:00:00,11,4,False,,IGNORED
CT-007631,C02292,APP_PUSH,2026-09-01 10:00:00,10,4,True,3.01,ANSWERED
CT-007632,C02292,SMS,2026-08-05 06:00:00,6,2,False,,REJECTED
CT-007633,C02293,CALL,2026-09-10 12:00:00,12,0,False,,IGNORED
CT-007634,C02294,SMS,2026-08-03 15:00:00,15,4,False,,IGNORED
CT-007635,C02294,SMS,2026-07-29 16:00:00,16,3,False,,IGNORED
CT-007636,C02294,SMS,2026-09-06 15:00:00,15,4,False,,IGNORED
CT-007637,C02296,SMS,2026-07-09 05:00:00,5,5,False,,IGNORED
CT-007638,C02296,APP_PUSH,2026-08-19 09:00:00,9,6,False,,IGNORED
CT-007639,C02296,CALL,2026-07-20 10:00:00,10,7,False,,REJECTED
CT-007640,C02297,WHATSAPP,2026-06-15 10:00:00,10,2,True,0.64,ANSWERED
CT-007641,C02297,SMS,2026-08-02 09:00:00,9,4,False,,IGNORED
CT-007642,C02298,WHATSAPP,2026-08-14 01:00:00,1,2,False,,IGNORED
CT-007643,C02298,APP_PUSH,2026-08-15 08:00:00,8,2,False,,REJECTED
CT-007644,C02298,APP_PUSH,2026-07-22 07:00:00,7,7,False,,IGNORED
CT-007645,C02299,SMS,2026-06-25 08:00:00,8,7,True,3.28,ANSWERED
CT-007646,C02299,APP_PUSH,2026-08-03 09:00:00,9,4,False,,IGNORED
CT-007647,C02300,CALL,2026-08-23 20:00:00,20,1,False,,IGNORED
CT-007648,C02300,CALL,2026-07-16 14:00:00,14,5,False,,IGNORED
CT-007649,C02301,CALL,2026-07-03 20:00:00,20,6,True,1.51,ANSWERED
CT-007650,C02301,CALL,2026-08-30 12:00:00,12,1,False,,IGNORED
CT-007651,C02301,WHATSAPP,2026-08-24 13:00:00,13,8,True,3.31,ANSWERED
CT-007652,C02301,CALL,2026-06-21 18:00:00,18,8,False,,REJECTED
CT-007653,C02301,CALL,2026-09-05 11:00:00,11,5,False,,IGNORED
CT-007654,C02301,WHATSAPP,2026-06-18 12:00:00,12,9,False,,IGNORED
CT-007655,C02301,CALL,2026-08-28 07:00:00,7,9,False,,REJECTED
CT-007656,C02301,CALL,2026-09-02 13:00:00,13,7,False,,IGNORED
CT-007657,C02301,CALL,2026-09-07 14:00:00,14,6,True,0.32,ANSWERED
CT-007658,C02301,CALL,2026-08-22 10:00:00,10,8,True,2.25,ANSWERED
CT-007659,C02301,CALL,2026-08-23 14:00:00,14,3,False,,IGNORED
CT-007660,C02302,SMS,2026-07-02 15:00:00,15,4,False,,IGNORED
CT-007661,C02302,SMS,2026-08-04 15:00:00,15,1,True,9.23,ANSWERED
CT-007662,C02303,WHATSAPP,2026-08-26 20:00:00,20,7,False,,IGNORED
CT-007663,C02303,WHATSAPP,2026-07-12 15:00:00,15,4,True,0.33,ANSWERED
CT-007664,C02304,APP_PUSH,2026-06-25 15:00:00,15,2,False,,IGNORED
CT-007665,C02304,APP_PUSH,2026-08-02 19:00:00,19,-1,False,,IGNORED
CT-007666,C02304,APP_PUSH,2026-09-04 21:00:00,21,0,False,,IGNORED
CT-007667,C02304,SMS,2026-07-15 21:00:00,21,2,False,,IGNORED
CT-007668,C02305,SMS,2026-06-23 08:00:00,8,4,False,,IGNORED
CT-007669,C02305,CALL,2026-08-05 04:00:00,4,6,True,0.65,ANSWERED
CT-007670,C02305,CALL,2026-08-09 08:00:00,8,6,True,0.66,ANSWERED
CT-007671,C02305,CALL,2026-08-03 08:00:00,8,12,False,,REJECTED
CT-007672,C02306,WHATSAPP,2026-07-21 18:00:00,18,4,False,,IGNORED
CT-007673,C02306,SMS,2026-08-19 10:00:00,10,1,False,,IGNORED
CT-007674,C02306,SMS,2026-08-20 14:00:00,14,1,True,3.18,ANSWERED
CT-007675,C02306,SMS,2026-08-22 16:00:00,16,0,False,,IGNORED
CT-007676,C02306,WHATSAPP,2026-08-30 13:00:00,13,3,False,,IGNORED
CT-007677,C02307,CALL,2026-08-22 11:00:00,11,7,False,,IGNORED
CT-007678,C02307,APP_PUSH,2026-06-26 14:00:00,14,5,False,,IGNORED
CT-007679,C02307,APP_PUSH,2026-06-17 14:00:00,14,5,False,,IGNORED
CT-007680,C02307,CALL,2026-08-17 11:00:00,11,5,False,,IGNORED
CT-007681,C02307,APP_PUSH,2026-07-28 15:00:00,15,7,False,,IGNORED
CT-007682,C02307,CALL,2026-08-31 17:00:00,17,6,True,0.59,ANSWERED
CT-007683,C02307,APP_PUSH,2026-07-02 12:00:00,12,3,True,0.8,ANSWERED
CT-007684,C02308,SMS,2026-07-29 20:00:00,20,2,True,7.3,ANSWERED
CT-007685,C02308,APP_PUSH,2026-07-28 19:00:00,19,1,False,,IGNORED
CT-007686,C02308,SMS,2026-08-12 20:00:00,20,2,False,,IGNORED
CT-007687,C02308,CALL,2026-08-23 16:00:00,16,3,True,0.21,ANSWERED
CT-007688,C02308,SMS,2026-06-27 19:00:00,19,3,True,0.4,ANSWERED
CT-007689,C02309,APP_PUSH,2026-09-03 13:00:00,13,9,False,,IGNORED
CT-007690,C02309,CALL,2026-09-09 08:00:00,8,3,False,,IGNORED
CT-007691,C02310,SMS,2026-08-05 13:00:00,13,0,False,,IGNORED
CT-007692,C02310,APP_PUSH,2026-07-10 09:00:00,9,0,False,,IGNORED
CT-007693,C02310,CALL,2026-07-22 11:00:00,11,2,False,,IGNORED
CT-007694,C02311,WHATSAPP,2026-08-29 18:00:00,18,7,False,,IGNORED
CT-007695,C02311,WHATSAPP,2026-06-17 20:00:00,20,5,True,0.83,ANSWERED
CT-007696,C02311,WHATSAPP,2026-08-08 21:00:00,21,6,False,,IGNORED
CT-007697,C02311,CALL,2026-08-04 20:00:00,20,0,False,,IGNORED
CT-007698,C02311,WHATSAPP,2026-06-27 20:00:00,20,4,False,,IGNORED
CT-007699,C02313,SMS,2026-08-28 18:00:00,18,2,False,,IGNORED
CT-007700,C02313,CALL,2026-06-29 15:00:00,15,2,True,1.55,ANSWERED
CT-007701,C02313,CALL,2026-06-17 21:00:00,21,4,False,,IGNORED
CT-007702,C02313,WHATSAPP,2026-08-18 14:00:00,14,4,False,,IGNORED
CT-007703,C02314,APP_PUSH,2026-06-25 13:00:00,13,3,False,,IGNORED
CT-007704,C02314,APP_PUSH,2026-09-02 15:00:00,15,6,False,,IGNORED
CT-007705,C02314,CALL,2026-09-12 10:00:00,10,4,True,4.75,ANSWERED
CT-007706,C02314,WHATSAPP,2026-07-07 10:00:00,10,5,False,,IGNORED
CT-007707,C02315,WHATSAPP,2026-08-07 14:00:00,14,4,False,,IGNORED
CT-007708,C02315,WHATSAPP,2026-07-02 12:00:00,12,7,True,1.45,ANSWERED
CT-007709,C02315,APP_PUSH,2026-08-02 13:00:00,13,9,False,,IGNORED
CT-007710,C02315,CALL,2026-07-13 11:00:00,11,1,False,,BOUNCED
CT-007711,C02315,APP_PUSH,2026-07-23 12:00:00,12,4,True,1.76,ANSWERED
CT-007712,C02316,WHATSAPP,2026-08-19 16:00:00,16,5,False,,BOUNCED
CT-007713,C02316,CALL,2026-08-19 13:00:00,13,9,False,,IGNORED
CT-007714,C02316,WHATSAPP,2026-09-11 14:00:00,14,6,False,,REJECTED
CT-007715,C02316,WHATSAPP,2026-08-10 07:00:00,7,7,False,,IGNORED
CT-007716,C02317,APP_PUSH,2026-06-18 16:00:00,16,4,False,,IGNORED
CT-007717,C02317,WHATSAPP,2026-07-04 12:00:00,12,3,False,,IGNORED
CT-007718,C02317,WHATSAPP,2026-08-21 12:00:00,12,3,False,,REJECTED
CT-007719,C02317,APP_PUSH,2026-07-18 18:00:00,18,4,True,11.82,ANSWERED
CT-007720,C02318,WHATSAPP,2026-07-19 19:00:00,19,8,False,,REJECTED
CT-007721,C02318,CALL,2026-07-01 18:00:00,18,5,False,,IGNORED
CT-007722,C02318,SMS,2026-08-14 22:00:00,22,2,False,,IGNORED
CT-007723,C02319,SMS,2026-07-12 20:00:00,20,4,False,,IGNORED
CT-007724,C02319,APP_PUSH,2026-07-25 19:00:00,19,4,True,0.79,ANSWERED
CT-007725,C02320,SMS,2026-08-03 10:00:00,10,4,False,,IGNORED
CT-007726,C02320,APP_PUSH,2026-07-10 12:00:00,12,6,True,3.79,ANSWERED
CT-007727,C02320,APP_PUSH,2026-09-02 10:00:00,10,6,False,,REJECTED
CT-007728,C02320,APP_PUSH,2026-08-28 16:00:00,16,4,False,,IGNORED
CT-007729,C02320,APP_PUSH,2026-08-20 14:00:00,14,9,True,1.62,ANSWERED
CT-007730,C02321,SMS,2026-08-24 19:00:00,19,1,False,,REJECTED
CT-007731,C02321,WHATSAPP,2026-07-28 17:00:00,17,0,False,,IGNORED
CT-007732,C02321,SMS,2026-08-20 13:00:00,13,0,True,2.81,ANSWERED
CT-007733,C02322,CALL,2026-07-19 09:00:00,9,5,False,,IGNORED
CT-007734,C02322,CALL,2026-06-18 10:00:00,10,2,False,,BOUNCED
CT-007735,C02322,APP_PUSH,2026-06-25 11:00:00,11,2,False,,IGNORED
CT-007736,C02322,WHATSAPP,2026-07-10 13:00:00,13,0,False,,IGNORED
CT-007737,C02323,WHATSAPP,2026-09-10 14:00:00,14,4,False,,IGNORED
CT-007738,C02323,WHATSAPP,2026-09-10 18:00:00,18,4,True,1.84,ANSWERED
CT-007739,C02324,SMS,2026-08-21 03:00:00,3,2,True,3.66,ANSWERED
CT-007740,C02324,SMS,2026-08-30 10:00:00,10,5,True,4.93,ANSWERED
CT-007741,C02325,SMS,2026-07-13 08:00:00,8,1,True,0.6,ANSWERED
CT-007742,C02325,CALL,2026-07-24 09:00:00,9,3,False,,IGNORED
CT-007743,C02325,SMS,2026-08-21 03:00:00,3,4,True,0.68,ANSWERED
CT-007744,C02326,CALL,2026-06-26 07:00:00,7,4,True,0.74,ANSWERED
CT-007745,C02326,CALL,2026-06-20 09:00:00,9,4,True,2.48,ANSWERED
CT-007746,C02326,WHATSAPP,2026-07-09 03:00:00,3,2,False,,IGNORED
CT-007747,C02326,CALL,2026-07-24 04:00:00,4,6,False,,IGNORED
CT-007748,C02326,CALL,2026-07-22 05:00:00,5,5,False,,IGNORED
CT-007749,C02327,APP_PUSH,2026-06-29 04:00:00,4,8,False,,BOUNCED
CT-007750,C02327,SMS,2026-07-07 09:00:00,9,5,True,1.79,ANSWERED
CT-007751,C02327,APP_PUSH,2026-06-18 06:00:00,6,4,False,,IGNORED
CT-007752,C02327,WHATSAPP,2026-08-11 11:00:00,11,7,False,,IGNORED
CT-007753,C02328,APP_PUSH,2026-08-09 19:00:00,19,1,False,,IGNORED
CT-007754,C02328,APP_PUSH,2026-07-26 15:00:00,15,0,True,0.24,ANSWERED
CT-007755,C02328,APP_PUSH,2026-09-12 22:00:00,22,1,True,1.93,ANSWERED
CT-007756,C02328,APP_PUSH,2026-09-09 17:00:00,17,5,False,,IGNORED
CT-007757,C02329,APP_PUSH,2026-07-08 04:00:00,4,3,False,,IGNORED
CT-007758,C02329,APP_PUSH,2026-08-02 10:00:00,10,6,True,1.17,ANSWERED
CT-007759,C02329,APP_PUSH,2026-09-09 16:00:00,16,4,True,9.15,ANSWERED
CT-007760,C02329,CALL,2026-08-25 05:00:00,5,9,False,,IGNORED
CT-007761,C02330,WHATSAPP,2026-08-16 16:00:00,16,7,False,,IGNORED
CT-007762,C02330,WHATSAPP,2026-07-09 19:00:00,19,5,False,,IGNORED
CT-007763,C02331,WHATSAPP,2026-07-29 15:00:00,15,5,True,1.45,ANSWERED
CT-007764,C02331,SMS,2026-09-07 12:00:00,12,5,False,,IGNORED
CT-007765,C02332,APP_PUSH,2026-06-18 16:00:00,16,0,False,,IGNORED
CT-007766,C02332,APP_PUSH,2026-08-03 18:00:00,18,1,False,,IGNORED
CT-007767,C02332,SMS,2026-08-16 13:00:00,13,1,True,0.79,ANSWERED
CT-007768,C02332,WHATSAPP,2026-07-28 12:00:00,12,2,False,,IGNORED
CT-007769,C02333,SMS,2026-08-16 19:00:00,19,6,False,,IGNORED
CT-007770,C02333,WHATSAPP,2026-07-05 20:00:00,20,4,True,0.1,ANSWERED
CT-007771,C02333,WHATSAPP,2026-06-26 23:00:00,23,5,False,,IGNORED
CT-007772,C02334,APP_PUSH,2026-07-31 09:00:00,9,1,False,,REJECTED
CT-007773,C02334,APP_PUSH,2026-08-04 12:00:00,12,6,False,,IGNORED
CT-007774,C02334,APP_PUSH,2026-07-15 02:00:00,2,8,False,,REJECTED
CT-007775,C02335,APP_PUSH,2026-07-10 03:00:00,3,3,False,,BOUNCED
CT-007776,C02335,APP_PUSH,2026-08-04 08:00:00,8,0,False,,IGNORED
CT-007777,C02335,SMS,2026-08-27 11:00:00,11,4,False,,IGNORED
CT-007778,C02336,APP_PUSH,2026-09-11 22:00:00,22,3,True,4.06,ANSWERED
CT-007779,C02336,WHATSAPP,2026-07-11 23:00:00,23,1,True,1.67,ANSWERED
CT-007780,C02337,SMS,2026-07-02 06:00:00,6,10,False,,IGNORED
CT-007781,C02337,SMS,2026-07-28 11:00:00,11,9,True,4.96,ANSWERED
CT-007782,C02338,SMS,2026-07-25 05:00:00,5,4,False,,REJECTED
CT-007783,C02339,APP_PUSH,2026-06-16 13:00:00,13,6,True,2.53,ANSWERED
CT-007784,C02339,APP_PUSH,2026-08-18 07:00:00,7,6,False,,IGNORED
CT-007785,C02339,APP_PUSH,2026-06-30 08:00:00,8,5,False,,IGNORED
CT-007786,C02340,CALL,2026-09-03 16:00:00,16,0,False,,IGNORED
CT-007787,C02340,CALL,2026-06-29 20:00:00,20,1,False,,BOUNCED
CT-007788,C02340,WHATSAPP,2026-06-20 17:00:00,17,3,False,,IGNORED
CT-007789,C02340,CALL,2026-06-22 15:00:00,15,6,False,,IGNORED
CT-007790,C02340,WHATSAPP,2026-08-11 17:00:00,17,6,False,,IGNORED
CT-007791,C02341,WHATSAPP,2026-08-28 10:00:00,10,2,False,,IGNORED
CT-007792,C02341,CALL,2026-08-16 11:00:00,11,3,False,,IGNORED
CT-007793,C02342,APP_PUSH,2026-08-09 12:00:00,12,4,False,,IGNORED
CT-007794,C02342,APP_PUSH,2026-06-26 07:00:00,7,5,False,,IGNORED
CT-007795,C02343,CALL,2026-07-18 18:00:00,18,10,True,1.17,ANSWERED
CT-007796,C02344,APP_PUSH,2026-06-24 10:00:00,10,6,False,,REJECTED
CT-007797,C02344,CALL,2026-06-16 09:00:00,9,8,True,1.0,ANSWERED
CT-007798,C02345,APP_PUSH,2026-07-08 12:00:00,12,9,True,0.44,ANSWERED
CT-007799,C02345,APP_PUSH,2026-08-30 14:00:00,14,3,False,,BOUNCED
CT-007800,C02345,SMS,2026-07-11 16:00:00,16,5,True,2.76,ANSWERED
CT-007801,C02345,CALL,2026-09-11 17:00:00,17,7,False,,IGNORED
CT-007802,C02346,WHATSAPP,2026-06-16 06:00:00,6,5,False,,IGNORED
CT-007803,C02346,WHATSAPP,2026-08-24 00:00:00,0,2,True,0.8,ANSWERED
CT-007804,C02347,APP_PUSH,2026-07-27 09:00:00,9,6,True,0.89,ANSWERED
CT-007805,C02347,APP_PUSH,2026-06-21 06:00:00,6,6,True,1.06,ANSWERED
CT-007806,C02348,APP_PUSH,2026-08-17 14:00:00,14,6,False,,IGNORED
CT-007807,C02348,SMS,2026-07-11 18:00:00,18,4,False,,REJECTED
CT-007808,C02348,WHATSAPP,2026-07-25 18:00:00,18,6,False,,IGNORED
CT-007809,C02349,SMS,2026-07-22 14:00:00,14,4,False,,IGNORED
CT-007810,C02350,SMS,2026-08-26 18:00:00,18,3,False,,IGNORED
CT-007811,C02351,CALL,2026-07-19 14:00:00,14,4,True,2.93,ANSWERED
CT-007812,C02351,SMS,2026-06-15 15:00:00,15,3,False,,IGNORED
CT-007813,C02352,APP_PUSH,2026-08-18 12:00:00,12,8,False,,REJECTED
CT-007814,C02352,SMS,2026-08-16 10:00:00,10,8,True,1.42,ANSWERED
CT-007815,C02353,WHATSAPP,2026-07-05 11:00:00,11,2,False,,IGNORED
CT-007816,C02353,WHATSAPP,2026-07-22 13:00:00,13,7,True,0.63,ANSWERED
CT-007817,C02353,WHATSAPP,2026-08-16 12:00:00,12,4,True,0.12,ANSWERED
CT-007818,C02353,WHATSAPP,2026-07-31 15:00:00,15,6,True,0.53,ANSWERED
CT-007819,C02354,WHATSAPP,2026-07-20 16:00:00,16,8,False,,IGNORED
CT-007820,C02354,WHATSAPP,2026-08-16 16:00:00,16,8,False,,REJECTED
CT-007821,C02354,APP_PUSH,2026-08-29 20:00:00,20,5,False,,IGNORED
CT-007822,C02354,APP_PUSH,2026-07-07 16:00:00,16,7,False,,IGNORED
CT-007823,C02355,APP_PUSH,2026-07-04 10:00:00,10,7,False,,IGNORED
CT-007824,C02355,APP_PUSH,2026-06-16 13:00:00,13,2,False,,BOUNCED
CT-007825,C02355,APP_PUSH,2026-06-22 09:00:00,9,3,False,,IGNORED
CT-007826,C02355,APP_PUSH,2026-07-21 08:00:00,8,2,False,,IGNORED
CT-007827,C02355,APP_PUSH,2026-06-22 13:00:00,13,7,False,,BOUNCED
CT-007828,C02356,APP_PUSH,2026-07-23 16:00:00,16,5,False,,REJECTED
CT-007829,C02356,APP_PUSH,2026-06-29 10:00:00,10,2,False,,REJECTED
CT-007830,C02357,SMS,2026-07-10 13:00:00,13,6,False,,IGNORED
CT-007831,C02357,APP_PUSH,2026-06-24 13:00:00,13,7,False,,IGNORED
CT-007832,C02357,APP_PUSH,2026-06-17 14:00:00,14,3,False,,REJECTED
CT-007833,C02358,WHATSAPP,2026-07-25 22:00:00,22,1,False,,IGNORED
CT-007834,C02358,APP_PUSH,2026-08-08 15:00:00,15,2,True,1.44,ANSWERED
CT-007835,C02358,WHATSAPP,2026-08-07 22:00:00,22,3,True,1.18,ANSWERED
CT-007836,C02358,APP_PUSH,2026-06-26 15:00:00,15,2,False,,IGNORED
CT-007837,C02359,SMS,2026-07-19 09:00:00,9,6,True,1.28,ANSWERED
CT-007838,C02359,SMS,2026-06-21 12:00:00,12,1,True,1.04,ANSWERED
CT-007839,C02359,CALL,2026-07-31 15:00:00,15,5,False,,IGNORED
CT-007840,C02359,SMS,2026-08-12 14:00:00,14,6,False,,IGNORED
CT-007841,C02360,CALL,2026-08-04 09:00:00,9,3,False,,IGNORED
CT-007842,C02360,CALL,2026-06-19 12:00:00,12,6,True,3.9,ANSWERED
CT-007843,C02361,CALL,2026-07-13 19:00:00,19,8,False,,REJECTED
CT-007844,C02361,WHATSAPP,2026-07-14 20:00:00,20,3,False,,IGNORED
CT-007845,C02362,CALL,2026-08-04 10:00:00,10,2,False,,IGNORED
CT-007846,C02362,WHATSAPP,2026-09-02 10:00:00,10,2,False,,REJECTED
CT-007847,C02362,WHATSAPP,2026-07-19 08:00:00,8,4,False,,REJECTED
CT-007848,C02362,WHATSAPP,2026-08-02 09:00:00,9,1,True,1.1,ANSWERED
CT-007849,C02363,APP_PUSH,2026-09-03 05:00:00,5,4,True,2.21,ANSWERED
CT-007850,C02363,APP_PUSH,2026-08-01 09:00:00,9,5,False,,IGNORED
CT-007851,C02363,APP_PUSH,2026-09-10 09:00:00,9,9,True,0.16,ANSWERED
CT-007852,C02364,WHATSAPP,2026-08-08 15:00:00,15,0,True,1.76,ANSWERED
CT-007853,C02364,WHATSAPP,2026-07-09 17:00:00,17,7,False,,IGNORED
CT-007854,C02364,WHATSAPP,2026-08-19 11:00:00,11,3,True,0.69,ANSWERED
CT-007855,C02365,APP_PUSH,2026-08-20 22:00:00,22,5,False,,BOUNCED
CT-007856,C02365,CALL,2026-07-20 22:00:00,22,7,False,,REJECTED
CT-007857,C02365,APP_PUSH,2026-08-13 17:00:00,17,6,True,1.74,ANSWERED
CT-007858,C02365,APP_PUSH,2026-08-09 14:00:00,14,2,False,,REJECTED
CT-007859,C02365,WHATSAPP,2026-08-14 16:00:00,16,5,True,6.09,ANSWERED
CT-007860,C02365,CALL,2026-07-19 17:00:00,17,7,False,,IGNORED
CT-007861,C02365,APP_PUSH,2026-09-10 22:00:00,22,5,True,3.27,ANSWERED
CT-007862,C02366,CALL,2026-08-22 20:00:00,20,6,False,,IGNORED
CT-007863,C02366,APP_PUSH,2026-08-20 23:00:00,23,6,True,3.59,ANSWERED
CT-007864,C02366,APP_PUSH,2026-07-14 15:00:00,15,4,False,,IGNORED
CT-007865,C02366,APP_PUSH,2026-07-28 16:00:00,16,0,False,,IGNORED
CT-007866,C02366,CALL,2026-07-12 23:00:00,23,-1,True,0.27,ANSWERED
CT-007867,C02367,SMS,2026-08-21 13:00:00,13,8,False,,IGNORED
CT-007868,C02367,SMS,2026-08-12 15:00:00,15,10,True,1.98,ANSWERED
CT-007869,C02367,SMS,2026-08-22 17:00:00,17,4,True,6.52,ANSWERED
CT-007870,C02367,WHATSAPP,2026-07-13 12:00:00,12,3,False,,IGNORED
CT-007871,C02367,SMS,2026-08-02 12:00:00,12,5,False,,IGNORED
CT-007872,C02367,SMS,2026-07-01 17:00:00,17,4,False,,IGNORED
CT-007873,C02367,WHATSAPP,2026-09-06 13:00:00,13,8,False,,IGNORED
CT-007874,C02367,WHATSAPP,2026-07-03 16:00:00,16,5,True,1.16,ANSWERED
CT-007875,C02368,SMS,2026-06-22 08:00:00,8,4,False,,IGNORED
CT-007876,C02368,WHATSAPP,2026-07-19 07:00:00,7,5,False,,REJECTED
CT-007877,C02368,SMS,2026-07-24 10:00:00,10,5,False,,IGNORED
CT-007878,C02369,APP_PUSH,2026-09-01 13:00:00,13,1,False,,BOUNCED
CT-007879,C02369,WHATSAPP,2026-07-24 14:00:00,14,1,False,,IGNORED
CT-007880,C02369,CALL,2026-07-06 13:00:00,13,4,True,2.91,ANSWERED
CT-007881,C02369,CALL,2026-07-23 13:00:00,13,3,False,,IGNORED
CT-007882,C02370,CALL,2026-06-15 09:00:00,9,8,True,1.51,ANSWERED
CT-007883,C02370,CALL,2026-08-31 01:00:00,1,8,True,1.03,ANSWERED
CT-007884,C02370,APP_PUSH,2026-07-30 11:00:00,11,6,False,,IGNORED
CT-007885,C02371,WHATSAPP,2026-09-12 07:00:00,7,11,False,,IGNORED
CT-007886,C02371,CALL,2026-06-30 07:00:00,7,6,False,,IGNORED
CT-007887,C02372,SMS,2026-07-12 18:00:00,18,6,False,,IGNORED
CT-007888,C02372,CALL,2026-08-12 16:00:00,16,5,True,3.86,ANSWERED
CT-007889,C02372,CALL,2026-07-28 18:00:00,18,9,False,,IGNORED
CT-007890,C02372,APP_PUSH,2026-07-14 22:00:00,22,11,False,,IGNORED
CT-007891,C02373,CALL,2026-08-26 15:00:00,15,4,True,1.24,ANSWERED
CT-007892,C02373,CALL,2026-07-01 15:00:00,15,9,True,0.58,ANSWERED
CT-007893,C02373,CALL,2026-07-28 13:00:00,13,4,False,,IGNORED
CT-007894,C02373,CALL,2026-06-20 16:00:00,16,9,True,0.68,ANSWERED
CT-007895,C02374,CALL,2026-09-02 07:00:00,7,3,True,7.11,ANSWERED
CT-007896,C02374,WHATSAPP,2026-06-15 14:00:00,14,5,True,1.18,ANSWERED
CT-007897,C02374,CALL,2026-07-22 08:00:00,8,5,False,,IGNORED
CT-007898,C02374,WHATSAPP,2026-08-11 07:00:00,7,5,False,,IGNORED
CT-007899,C02375,SMS,2026-06-16 12:00:00,12,6,True,1.14,ANSWERED
CT-007900,C02375,CALL,2026-09-02 11:00:00,11,-1,False,,IGNORED
CT-007901,C02376,WHATSAPP,2026-08-02 20:00:00,20,1,True,0.22,ANSWERED
CT-007902,C02376,SMS,2026-08-24 12:00:00,12,5,False,,IGNORED
CT-007903,C02376,WHATSAPP,2026-06-27 20:00:00,20,0,False,,REJECTED
CT-007904,C02376,APP_PUSH,2026-09-04 15:00:00,15,0,False,,IGNORED
CT-007905,C02377,SMS,2026-08-19 16:00:00,16,4,True,0.62,ANSWERED
CT-007906,C02377,SMS,2026-06-22 16:00:00,16,5,True,1.92,ANSWERED
CT-007907,C02378,CALL,2026-08-03 18:00:00,18,5,False,,IGNORED
CT-007908,C02378,CALL,2026-06-17 16:00:00,16,3,True,5.58,ANSWERED
CT-007909,C02378,WHATSAPP,2026-07-27 12:00:00,12,2,False,,IGNORED
CT-007910,C02378,WHATSAPP,2026-09-05 17:00:00,17,5,True,0.14,ANSWERED
CT-007911,C02379,APP_PUSH,2026-08-05 14:00:00,14,1,True,4.84,ANSWERED
CT-007912,C02379,CALL,2026-08-12 14:00:00,14,0,False,,REJECTED
CT-007913,C02379,APP_PUSH,2026-07-23 13:00:00,13,1,True,4.67,ANSWERED
CT-007914,C02379,APP_PUSH,2026-07-15 15:00:00,15,-1,False,,IGNORED
CT-007915,C02380,APP_PUSH,2026-09-03 13:00:00,13,5,False,,REJECTED
CT-007916,C02380,SMS,2026-09-10 21:00:00,21,10,False,,IGNORED
CT-007917,C02380,SMS,2026-08-10 19:00:00,19,9,False,,IGNORED
CT-007918,C02380,CALL,2026-06-16 20:00:00,20,4,False,,IGNORED
CT-007919,C02380,CALL,2026-06-20 18:00:00,18,4,True,4.18,ANSWERED
CT-007920,C02380,WHATSAPP,2026-06-30 18:00:00,18,4,True,8.02,ANSWERED
CT-007921,C02380,SMS,2026-06-29 13:00:00,13,6,False,,IGNORED
CT-007922,C02381,SMS,2026-09-02 13:00:00,13,1,False,,IGNORED
CT-007923,C02381,SMS,2026-06-16 14:00:00,14,0,True,0.65,ANSWERED
CT-007924,C02382,APP_PUSH,2026-09-12 13:00:00,13,4,False,,IGNORED
CT-007925,C02383,APP_PUSH,2026-06-24 11:00:00,11,6,True,4.66,ANSWERED
CT-007926,C02384,CALL,2026-08-20 07:00:00,7,-1,False,,IGNORED
CT-007927,C02384,SMS,2026-07-12 17:00:00,17,4,False,,IGNORED
CT-007928,C02384,CALL,2026-07-04 12:00:00,12,2,False,,IGNORED
CT-007929,C02385,WHATSAPP,2026-08-24 22:00:00,22,2,False,,REJECTED
CT-007930,C02385,CALL,2026-09-07 14:00:00,14,2,False,,IGNORED
CT-007931,C02385,SMS,2026-07-10 18:00:00,18,0,True,0.57,ANSWERED
CT-007932,C02385,CALL,2026-08-16 13:00:00,13,2,False,,IGNORED
CT-007933,C02386,APP_PUSH,2026-09-11 18:00:00,18,7,False,,IGNORED
CT-007934,C02386,SMS,2026-08-17 21:00:00,21,2,False,,IGNORED
CT-007935,C02386,SMS,2026-06-19 15:00:00,15,4,False,,IGNORED
CT-007936,C02387,CALL,2026-07-28 19:00:00,19,4,False,,IGNORED
CT-007937,C02387,APP_PUSH,2026-07-30 22:00:00,22,-1,False,,IGNORED
CT-007938,C02387,APP_PUSH,2026-07-15 20:00:00,20,7,False,,IGNORED
CT-007939,C02387,WHATSAPP,2026-07-10 17:00:00,17,3,False,,IGNORED
CT-007940,C02387,CALL,2026-08-10 23:00:00,23,3,True,6.07,ANSWERED
CT-007941,C02387,SMS,2026-08-14 23:00:00,23,4,False,,IGNORED
CT-007942,C02387,APP_PUSH,2026-08-26 21:00:00,21,3,False,,IGNORED
CT-007943,C02388,APP_PUSH,2026-06-23 07:00:00,7,5,False,,IGNORED
CT-007944,C02389,SMS,2026-07-22 12:00:00,12,4,False,,REJECTED
CT-007945,C02389,APP_PUSH,2026-06-28 07:00:00,7,1,True,0.43,ANSWERED
CT-007946,C02390,SMS,2026-08-26 04:00:00,4,3,False,,REJECTED
CT-007947,C02391,SMS,2026-09-04 15:00:00,15,4,False,,IGNORED
CT-007948,C02391,SMS,2026-09-05 17:00:00,17,1,True,1.97,ANSWERED
CT-007949,C02391,SMS,2026-07-31 19:00:00,19,-1,False,,IGNORED
CT-007950,C02391,CALL,2026-06-18 15:00:00,15,5,False,,IGNORED
CT-007951,C02391,SMS,2026-06-29 23:00:00,23,0,True,0.02,ANSWERED
CT-007952,C02392,CALL,2026-07-24 08:00:00,8,1,False,,IGNORED
CT-007953,C02392,APP_PUSH,2026-08-18 04:00:00,4,8,False,,IGNORED
CT-007954,C02392,APP_PUSH,2026-07-19 09:00:00,9,6,False,,IGNORED
CT-007955,C02393,SMS,2026-07-27 16:00:00,16,4,False,,REJECTED
CT-007956,C02393,CALL,2026-09-04 11:00:00,11,2,False,,IGNORED
CT-007957,C02393,CALL,2026-08-19 15:00:00,15,7,True,0.0,ANSWERED
CT-007958,C02393,CALL,2026-08-22 11:00:00,11,2,False,,BOUNCED
CT-007959,C02393,CALL,2026-07-14 09:00:00,9,2,False,,IGNORED
CT-007960,C02394,WHATSAPP,2026-07-14 21:00:00,21,9,True,1.17,ANSWERED
CT-007961,C02395,SMS,2026-08-29 12:00:00,12,4,True,2.8,ANSWERED
CT-007962,C02396,CALL,2026-06-23 08:00:00,8,3,False,,IGNORED
CT-007963,C02396,SMS,2026-09-09 17:00:00,17,5,False,,IGNORED
CT-007964,C02396,SMS,2026-06-24 12:00:00,12,2,True,5.78,ANSWERED
CT-007965,C02396,SMS,2026-07-11 14:00:00,14,5,True,1.2,ANSWERED
CT-007966,C02396,SMS,2026-08-09 12:00:00,12,4,False,,IGNORED
CT-007967,C02396,SMS,2026-07-11 16:00:00,16,2,False,,IGNORED
CT-007968,C02397,SMS,2026-08-05 18:00:00,18,-4,False,,IGNORED
CT-007969,C02397,WHATSAPP,2026-07-28 23:00:00,23,3,False,,IGNORED
CT-007970,C02397,SMS,2026-07-27 18:00:00,18,0,True,2.66,ANSWERED
CT-007971,C02397,SMS,2026-07-30 19:00:00,19,2,False,,IGNORED
CT-007972,C02399,WHATSAPP,2026-09-11 07:00:00,7,11,False,,IGNORED
CT-007973,C02399,CALL,2026-07-20 09:00:00,9,7,False,,IGNORED
CT-007974,C02399,APP_PUSH,2026-08-03 12:00:00,12,5,False,,IGNORED
CT-007975,C02399,WHATSAPP,2026-07-10 16:00:00,16,8,False,,IGNORED
CT-007976,C02399,APP_PUSH,2026-09-10 12:00:00,12,8,False,,IGNORED
CT-007977,C02400,SMS,2026-07-06 11:00:00,11,5,False,,IGNORED
CT-007978,C02400,APP_PUSH,2026-08-29 12:00:00,12,7,True,1.27,ANSWERED
CT-007979,C02400,APP_PUSH,2026-07-11 09:00:00,9,4,False,,IGNORED
CT-007980,C02401,SMS,2026-08-22 17:00:00,17,-1,False,,IGNORED
CT-007981,C02402,WHATSAPP,2026-07-29 13:00:00,13,3,False,,REJECTED
CT-007982,C02402,WHATSAPP,2026-07-24 13:00:00,13,6,True,0.0,ANSWERED
CT-007983,C02402,CALL,2026-07-05 13:00:00,13,2,False,,IGNORED
CT-007984,C02402,SMS,2026-08-14 11:00:00,11,1,False,,IGNORED
CT-007985,C02402,WHATSAPP,2026-08-30 10:00:00,10,0,False,,REJECTED
CT-007986,C02403,CALL,2026-07-10 12:00:00,12,2,False,,IGNORED
CT-007987,C02403,WHATSAPP,2026-07-04 11:00:00,11,3,False,,IGNORED
CT-007988,C02404,WHATSAPP,2026-07-05 13:00:00,13,6,True,1.95,ANSWERED
CT-007989,C02404,WHATSAPP,2026-07-07 14:00:00,14,4,False,,IGNORED
CT-007990,C02404,WHATSAPP,2026-08-02 22:00:00,22,6,False,,IGNORED
CT-007991,C02405,APP_PUSH,2026-08-05 09:00:00,9,1,False,,BOUNCED
CT-007992,C02405,APP_PUSH,2026-07-06 07:00:00,7,4,True,3.2,ANSWERED
CT-007993,C02405,CALL,2026-08-15 13:00:00,13,3,False,,IGNORED
CT-007994,C02406,APP_PUSH,2026-06-24 11:00:00,11,6,False,,IGNORED
CT-007995,C02406,APP_PUSH,2026-07-03 10:00:00,10,4,True,2.01,ANSWERED
CT-007996,C02406,APP_PUSH,2026-07-03 08:00:00,8,5,True,0.92,ANSWERED
CT-007997,C02407,CALL,2026-08-29 06:00:00,6,2,False,,IGNORED
CT-007998,C02407,APP_PUSH,2026-07-16 04:00:00,4,1,False,,IGNORED
CT-007999,C02407,WHATSAPP,2026-09-07 12:00:00,12,1,False,,IGNORED
CT-008000,C02408,CALL,2026-07-10 09:00:00,9,6,False,,IGNORED
CT-008001,C02408,CALL,2026-06-26 13:00:00,13,8,True,0.1,ANSWERED
CT-008002,C02408,CALL,2026-07-22 05:00:00,5,5,True,0.44,ANSWERED
CT-008003,C02409,CALL,2026-09-03 18:00:00,18,7,False,,IGNORED
CT-008004,C02409,WHATSAPP,2026-09-03 21:00:00,21,10,False,,IGNORED
CT-008005,C02410,SMS,2026-07-14 11:00:00,11,5,False,,IGNORED
CT-008006,C02410,SMS,2026-07-30 11:00:00,11,6,False,,IGNORED
CT-008007,C02410,SMS,2026-07-23 18:00:00,18,6,False,,REJECTED
CT-008008,C02410,WHATSAPP,2026-06-29 15:00:00,15,5,False,,IGNORED
CT-008009,C02410,SMS,2026-06-17 10:00:00,10,7,True,4.69,ANSWERED
CT-008010,C02410,SMS,2026-08-12 13:00:00,13,8,True,0.14,ANSWERED
CT-008011,C02410,WHATSAPP,2026-07-13 14:00:00,14,12,False,,REJECTED
CT-008012,C02410,CALL,2026-08-31 16:00:00,16,3,False,,IGNORED
CT-008013,C02411,SMS,2026-07-11 13:00:00,13,2,True,0.62,ANSWERED
CT-008014,C02411,SMS,2026-09-07 06:00:00,6,0,False,,IGNORED
CT-008015,C02411,SMS,2026-07-26 04:00:00,4,2,True,2.97,ANSWERED
CT-008016,C02411,SMS,2026-08-17 12:00:00,12,0,False,,REJECTED
CT-008017,C02411,SMS,2026-08-04 09:00:00,9,2,False,,IGNORED
CT-008018,C02412,SMS,2026-08-21 19:00:00,19,1,False,,IGNORED
CT-008019,C02412,CALL,2026-09-10 18:00:00,18,0,True,2.45,ANSWERED
CT-008020,C02412,APP_PUSH,2026-09-11 12:00:00,12,2,True,3.67,ANSWERED
CT-008021,C02412,APP_PUSH,2026-08-20 16:00:00,16,2,True,1.76,ANSWERED
CT-008022,C02412,APP_PUSH,2026-07-03 15:00:00,15,0,False,,IGNORED
CT-008023,C02413,WHATSAPP,2026-07-14 19:00:00,19,2,True,0.03,ANSWERED
CT-008024,C02414,CALL,2026-08-25 20:00:00,20,6,True,5.67,ANSWERED
CT-008025,C02414,WHATSAPP,2026-08-07 15:00:00,15,3,True,5.44,ANSWERED
CT-008026,C02414,WHATSAPP,2026-08-05 16:00:00,16,6,False,,IGNORED
CT-008027,C02414,APP_PUSH,2026-06-23 20:00:00,20,4,False,,IGNORED
CT-008028,C02414,CALL,2026-07-09 23:00:00,23,4,True,5.56,ANSWERED
CT-008029,C02415,SMS,2026-09-12 03:00:00,3,7,False,,IGNORED
CT-008030,C02415,CALL,2026-09-08 07:00:00,7,3,False,,BOUNCED
CT-008031,C02415,APP_PUSH,2026-07-13 13:00:00,13,1,True,0.31,ANSWERED
CT-008032,C02417,CALL,2026-07-21 05:00:00,5,2,False,,IGNORED
CT-008033,C02417,CALL,2026-07-21 02:00:00,2,4,False,,IGNORED
CT-008034,C02417,CALL,2026-07-30 09:00:00,9,6,False,,IGNORED
CT-008035,C02417,SMS,2026-09-11 07:00:00,7,2,False,,IGNORED
CT-008036,C02418,WHATSAPP,2026-07-20 00:00:00,0,2,False,,REJECTED
CT-008037,C02418,CALL,2026-08-27 11:00:00,11,3,False,,IGNORED
CT-008038,C02418,WHATSAPP,2026-08-08 12:00:00,12,2,False,,IGNORED
CT-008039,C02418,SMS,2026-09-11 13:00:00,13,0,True,2.1,ANSWERED
CT-008040,C02418,CALL,2026-06-27 09:00:00,9,3,True,0.82,ANSWERED
CT-008041,C02419,APP_PUSH,2026-09-10 17:00:00,17,0,True,0.52,ANSWERED
CT-008042,C02419,APP_PUSH,2026-08-20 15:00:00,15,1,False,,IGNORED
CT-008043,C02419,APP_PUSH,2026-08-10 11:00:00,11,0,True,2.05,ANSWERED
CT-008044,C02419,APP_PUSH,2026-08-28 11:00:00,11,0,True,0.05,ANSWERED
CT-008045,C02420,SMS,2026-07-05 18:00:00,18,7,True,0.67,ANSWERED
CT-008046,C02420,APP_PUSH,2026-08-24 08:00:00,8,5,False,,IGNORED
CT-008047,C02420,WHATSAPP,2026-08-02 15:00:00,15,1,True,0.09,ANSWERED
CT-008048,C02420,WHATSAPP,2026-07-25 18:00:00,18,6,False,,REJECTED
CT-008049,C02420,APP_PUSH,2026-09-05 15:00:00,15,5,True,1.96,ANSWERED
CT-008050,C02421,SMS,2026-07-24 15:00:00,15,4,False,,IGNORED
CT-008051,C02422,WHATSAPP,2026-07-25 21:00:00,21,6,False,,IGNORED
CT-008052,C02423,SMS,2026-07-26 12:00:00,12,1,True,3.07,ANSWERED
CT-008053,C02423,WHATSAPP,2026-09-08 07:00:00,7,3,True,0.7,ANSWERED
CT-008054,C02423,WHATSAPP,2026-07-15 13:00:00,13,4,False,,IGNORED
CT-008055,C02424,SMS,2026-06-25 18:00:00,18,1,False,,IGNORED
CT-008056,C02424,SMS,2026-08-04 19:00:00,19,3,False,,REJECTED
CT-008057,C02424,SMS,2026-08-03 17:00:00,17,5,False,,REJECTED
CT-008058,C02425,SMS,2026-06-29 22:00:00,22,7,False,,REJECTED
CT-008059,C02425,WHATSAPP,2026-07-15 18:00:00,18,9,False,,IGNORED
CT-008060,C02425,APP_PUSH,2026-08-07 23:00:00,23,8,True,1.12,ANSWERED
CT-008061,C02425,SMS,2026-06-25 17:00:00,17,5,False,,IGNORED
CT-008062,C02426,APP_PUSH,2026-07-06 18:00:00,18,3,False,,IGNORED
CT-008063,C02426,APP_PUSH,2026-07-02 20:00:00,20,2,False,,IGNORED
CT-008064,C02426,APP_PUSH,2026-09-12 23:00:00,23,3,False,,IGNORED
CT-008065,C02426,APP_PUSH,2026-08-07 21:00:00,21,1,False,,IGNORED
CT-008066,C02426,APP_PUSH,2026-06-29 16:00:00,16,3,False,,IGNORED
CT-008067,C02428,CALL,2026-09-07 08:00:00,8,3,False,,IGNORED
CT-008068,C02428,CALL,2026-08-21 07:00:00,7,0,False,,IGNORED
CT-008069,C02428,CALL,2026-07-14 04:00:00,4,6,False,,IGNORED
CT-008070,C02428,CALL,2026-06-28 10:00:00,10,5,False,,IGNORED
CT-008071,C02428,CALL,2026-07-05 08:00:00,8,3,False,,IGNORED
CT-008072,C02429,CALL,2026-08-23 18:00:00,18,-1,False,,IGNORED
CT-008073,C02429,CALL,2026-08-16 15:00:00,15,5,False,,IGNORED
CT-008074,C02430,WHATSAPP,2026-08-15 15:00:00,15,7,False,,REJECTED
CT-008075,C02431,SMS,2026-07-12 10:00:00,10,3,False,,IGNORED
CT-008076,C02432,WHATSAPP,2026-07-21 07:00:00,7,8,True,0.4,ANSWERED
CT-008077,C02432,APP_PUSH,2026-07-18 16:00:00,16,5,False,,IGNORED
CT-008078,C02433,APP_PUSH,2026-07-10 23:00:00,23,8,False,,IGNORED
CT-008079,C02433,SMS,2026-08-10 18:00:00,18,4,False,,IGNORED
CT-008080,C02433,CALL,2026-09-07 14:00:00,14,6,False,,IGNORED
CT-008081,C02433,SMS,2026-06-18 22:00:00,22,1,False,,IGNORED
CT-008082,C02434,APP_PUSH,2026-07-12 23:00:00,23,8,False,,IGNORED
CT-008083,C02434,WHATSAPP,2026-07-03 20:00:00,20,7,False,,REJECTED
CT-008084,C02434,SMS,2026-08-05 18:00:00,18,7,False,,BOUNCED
CT-008085,C02436,APP_PUSH,2026-07-16 13:00:00,13,4,False,,IGNORED
CT-008086,C02436,APP_PUSH,2026-08-13 14:00:00,14,5,False,,IGNORED
CT-008087,C02436,SMS,2026-08-01 10:00:00,10,0,False,,REJECTED
CT-008088,C02436,WHATSAPP,2026-09-12 09:00:00,9,3,False,,IGNORED
CT-008089,C02436,APP_PUSH,2026-07-05 20:00:00,20,2,False,,IGNORED
CT-008090,C02436,SMS,2026-06-28 12:00:00,12,4,True,0.97,ANSWERED
CT-008091,C02436,SMS,2026-09-01 10:00:00,10,5,False,,REJECTED
CT-008092,C02436,APP_PUSH,2026-08-13 10:00:00,10,6,False,,REJECTED
CT-008093,C02437,APP_PUSH,2026-07-10 13:00:00,13,2,False,,REJECTED
CT-008094,C02437,APP_PUSH,2026-09-03 10:00:00,10,7,False,,IGNORED
CT-008095,C02438,SMS,2026-08-19 10:00:00,10,5,True,0.3,ANSWERED
CT-008096,C02438,SMS,2026-09-01 03:00:00,3,6,True,1.34,ANSWERED
CT-008097,C02440,SMS,2026-07-31 08:00:00,8,10,True,0.07,ANSWERED
CT-008098,C02441,CALL,2026-07-19 20:00:00,20,0,True,0.66,ANSWERED
CT-008099,C02441,WHATSAPP,2026-08-22 22:00:00,22,5,False,,REJECTED
CT-008100,C02441,WHATSAPP,2026-07-27 19:00:00,19,4,False,,REJECTED
CT-008101,C02441,WHATSAPP,2026-07-15 21:00:00,21,5,True,0.99,ANSWERED
CT-008102,C02441,WHATSAPP,2026-08-29 15:00:00,15,6,False,,IGNORED
CT-008103,C02442,WHATSAPP,2026-07-07 09:00:00,9,8,True,10.33,ANSWERED
CT-008104,C02442,APP_PUSH,2026-08-17 11:00:00,11,5,False,,REJECTED
CT-008105,C02442,CALL,2026-08-14 07:00:00,7,6,False,,IGNORED
CT-008106,C02442,APP_PUSH,2026-08-29 13:00:00,13,5,False,,IGNORED
CT-008107,C02443,APP_PUSH,2026-06-30 19:00:00,19,3,False,,IGNORED
CT-008108,C02443,CALL,2026-07-02 18:00:00,18,2,False,,IGNORED
CT-008109,C02443,APP_PUSH,2026-07-18 20:00:00,20,6,False,,IGNORED
CT-008110,C02444,WHATSAPP,2026-06-26 21:00:00,21,10,True,0.01,ANSWERED
CT-008111,C02444,CALL,2026-08-24 17:00:00,17,7,True,2.73,ANSWERED
CT-008112,C02444,APP_PUSH,2026-07-06 21:00:00,21,6,True,6.94,ANSWERED
CT-008113,C02444,WHATSAPP,2026-09-07 19:00:00,19,7,False,,IGNORED
CT-008114,C02444,CALL,2026-08-18 16:00:00,16,7,False,,IGNORED
CT-008115,C02444,WHATSAPP,2026-07-29 19:00:00,19,9,False,,IGNORED
CT-008116,C02445,SMS,2026-08-25 23:00:00,23,3,True,0.75,ANSWERED
CT-008117,C02445,SMS,2026-06-17 19:00:00,19,3,False,,IGNORED
CT-008118,C02445,CALL,2026-07-01 19:00:00,19,4,True,3.78,ANSWERED
CT-008119,C02445,APP_PUSH,2026-08-31 17:00:00,17,6,False,,IGNORED
CT-008120,C02446,APP_PUSH,2026-08-30 08:00:00,8,10,False,,REJECTED
CT-008121,C02446,WHATSAPP,2026-06-24 06:00:00,6,11,False,,REJECTED
CT-008122,C02446,APP_PUSH,2026-09-09 02:00:00,2,9,False,,IGNORED
CT-008123,C02446,WHATSAPP,2026-09-05 12:00:00,12,9,False,,IGNORED
CT-008124,C02446,SMS,2026-07-08 08:00:00,8,5,True,1.98,ANSWERED
CT-008125,C02447,WHATSAPP,2026-08-07 18:00:00,18,3,False,,IGNORED
CT-008126,C02447,WHATSAPP,2026-06-25 15:00:00,15,2,False,,IGNORED
CT-008127,C02447,CALL,2026-07-28 09:00:00,9,1,True,0.85,ANSWERED
CT-008128,C02448,CALL,2026-09-02 22:00:00,22,2,False,,IGNORED
CT-008129,C02448,WHATSAPP,2026-06-28 13:00:00,13,0,False,,IGNORED
CT-008130,C02448,SMS,2026-08-07 21:00:00,21,3,True,0.3,ANSWERED
CT-008131,C02449,APP_PUSH,2026-09-12 12:00:00,12,9,False,,IGNORED
CT-008132,C02449,WHATSAPP,2026-07-03 06:00:00,6,11,False,,IGNORED
CT-008133,C02449,WHATSAPP,2026-07-11 10:00:00,10,6,True,2.12,ANSWERED
CT-008134,C02449,WHATSAPP,2026-06-29 09:00:00,9,6,True,0.99,ANSWERED
CT-008135,C02449,SMS,2026-06-30 07:00:00,7,10,False,,IGNORED
CT-008136,C02449,SMS,2026-06-19 12:00:00,12,6,True,0.68,ANSWERED
CT-008137,C02450,WHATSAPP,2026-06-16 14:00:00,14,7,True,0.0,ANSWERED
CT-008138,C02450,WHATSAPP,2026-07-18 13:00:00,13,5,True,0.16,ANSWERED
CT-008139,C02451,CALL,2026-08-20 08:00:00,8,7,False,,BOUNCED
CT-008140,C02451,WHATSAPP,2026-07-03 12:00:00,12,9,False,,IGNORED
CT-008141,C02452,WHATSAPP,2026-06-22 08:00:00,8,4,False,,IGNORED
CT-008142,C02452,APP_PUSH,2026-08-17 13:00:00,13,0,False,,IGNORED
CT-008143,C02453,WHATSAPP,2026-08-11 13:00:00,13,4,True,4.4,ANSWERED
CT-008144,C02453,WHATSAPP,2026-07-24 12:00:00,12,5,False,,IGNORED
CT-008145,C02453,CALL,2026-07-22 11:00:00,11,9,False,,IGNORED
CT-008146,C02454,SMS,2026-08-14 13:00:00,13,6,True,1.12,ANSWERED
CT-008147,C02454,WHATSAPP,2026-08-13 14:00:00,14,4,True,1.01,ANSWERED
CT-008148,C02454,WHATSAPP,2026-07-30 17:00:00,17,2,False,,IGNORED
CT-008149,C02454,WHATSAPP,2026-09-09 10:00:00,10,4,False,,REJECTED
CT-008150,C02455,SMS,2026-07-15 09:00:00,9,2,False,,REJECTED
CT-008151,C02455,WHATSAPP,2026-07-02 13:00:00,13,5,False,,IGNORED
CT-008152,C02456,WHATSAPP,2026-08-13 14:00:00,14,5,False,,IGNORED
CT-008153,C02456,SMS,2026-08-13 12:00:00,12,6,False,,IGNORED
CT-008154,C02456,SMS,2026-07-05 08:00:00,8,3,False,,IGNORED
CT-008155,C02457,APP_PUSH,2026-09-10 12:00:00,12,3,False,,IGNORED
CT-008156,C02457,SMS,2026-08-03 13:00:00,13,4,False,,REJECTED
CT-008157,C02457,CALL,2026-06-17 17:00:00,17,0,False,,IGNORED
CT-008158,C02457,CALL,2026-07-27 19:00:00,19,5,True,3.83,ANSWERED
CT-008159,C02458,SMS,2026-07-11 16:00:00,16,8,False,,IGNORED
CT-008160,C02458,WHATSAPP,2026-07-01 16:00:00,16,2,False,,BOUNCED
CT-008161,C02458,CALL,2026-06-25 15:00:00,15,3,False,,IGNORED
CT-008162,C02458,CALL,2026-07-13 10:00:00,10,4,False,,REJECTED
CT-008163,C02458,CALL,2026-07-12 12:00:00,12,5,True,0.69,ANSWERED
CT-008164,C02459,SMS,2026-08-22 09:00:00,9,5,False,,IGNORED
CT-008165,C02459,APP_PUSH,2026-07-20 05:00:00,5,5,False,,IGNORED
CT-008166,C02459,APP_PUSH,2026-06-23 06:00:00,6,5,False,,IGNORED
CT-008167,C02459,APP_PUSH,2026-08-11 10:00:00,10,5,False,,IGNORED
CT-008168,C02460,SMS,2026-06-19 16:00:00,16,8,True,1.53,ANSWERED
CT-008169,C02460,WHATSAPP,2026-07-07 19:00:00,19,4,False,,IGNORED
CT-008170,C02461,WHATSAPP,2026-08-26 15:00:00,15,5,True,5.45,ANSWERED
CT-008171,C02462,CALL,2026-07-24 03:00:00,3,5,False,,IGNORED
CT-008172,C02463,APP_PUSH,2026-06-23 10:00:00,10,3,False,,IGNORED
CT-008173,C02463,CALL,2026-08-15 12:00:00,12,8,False,,IGNORED
CT-008174,C02463,APP_PUSH,2026-08-09 10:00:00,10,2,False,,REJECTED
CT-008175,C02464,WHATSAPP,2026-09-08 21:00:00,21,6,False,,IGNORED
CT-008176,C02465,CALL,2026-07-26 08:00:00,8,1,False,,REJECTED
CT-008177,C02465,CALL,2026-07-28 09:00:00,9,2,True,0.51,ANSWERED
CT-008178,C02465,SMS,2026-06-24 12:00:00,12,-1,False,,REJECTED
CT-008179,C02465,APP_PUSH,2026-07-05 11:00:00,11,2,True,0.16,ANSWERED
CT-008180,C02466,APP_PUSH,2026-07-22 21:00:00,21,3,False,,IGNORED
CT-008181,C02466,SMS,2026-09-10 21:00:00,21,9,True,1.51,ANSWERED
CT-008182,C02467,SMS,2026-07-27 18:00:00,18,4,False,,IGNORED
CT-008183,C02467,CALL,2026-07-10 16:00:00,16,5,False,,IGNORED
CT-008184,C02467,SMS,2026-08-16 12:00:00,12,6,False,,BOUNCED
CT-008185,C02467,SMS,2026-06-27 10:00:00,10,10,False,,IGNORED
CT-008186,C02467,CALL,2026-07-15 11:00:00,11,8,False,,BOUNCED
CT-008187,C02468,APP_PUSH,2026-08-18 10:00:00,10,14,False,,IGNORED
CT-008188,C02468,APP_PUSH,2026-08-13 15:00:00,15,6,False,,REJECTED
CT-008189,C02469,SMS,2026-09-05 07:00:00,7,0,False,,IGNORED
CT-008190,C02469,APP_PUSH,2026-09-04 13:00:00,13,5,True,0.37,ANSWERED
CT-008191,C02469,SMS,2026-07-21 09:00:00,9,2,False,,IGNORED
CT-008192,C02469,SMS,2026-06-25 09:00:00,9,1,False,,IGNORED
CT-008193,C02469,WHATSAPP,2026-07-20 15:00:00,15,4,True,0.89,ANSWERED
CT-008194,C02469,CALL,2026-07-25 17:00:00,17,4,True,1.17,ANSWERED
CT-008195,C02469,SMS,2026-06-27 06:00:00,6,2,False,,IGNORED
CT-008196,C02470,CALL,2026-07-13 22:00:00,22,4,True,2.37,ANSWERED
CT-008197,C02471,WHATSAPP,2026-08-22 15:00:00,15,5,True,3.73,ANSWERED
CT-008198,C02471,WHATSAPP,2026-07-05 12:00:00,12,4,False,,IGNORED
CT-008199,C02471,WHATSAPP,2026-08-25 12:00:00,12,5,True,0.52,ANSWERED
CT-008200,C02472,WHATSAPP,2026-07-08 11:00:00,11,1,False,,IGNORED
CT-008201,C02472,APP_PUSH,2026-09-02 13:00:00,13,7,False,,IGNORED
CT-008202,C02472,WHATSAPP,2026-08-02 19:00:00,19,4,False,,IGNORED
CT-008203,C02472,CALL,2026-08-27 13:00:00,13,3,True,3.22,ANSWERED
CT-008204,C02474,SMS,2026-08-02 23:00:00,23,3,False,,IGNORED
CT-008205,C02474,SMS,2026-09-02 18:00:00,18,2,True,0.56,ANSWERED
CT-008206,C02474,SMS,2026-06-19 21:00:00,21,5,False,,IGNORED
CT-008207,C02474,SMS,2026-08-09 23:00:00,23,8,False,,REJECTED
CT-008208,C02474,SMS,2026-08-06 23:00:00,23,5,False,,REJECTED
CT-008209,C02474,SMS,2026-06-23 19:00:00,19,4,False,,IGNORED
CT-008210,C02474,SMS,2026-07-08 22:00:00,22,6,True,4.16,ANSWERED
CT-008211,C02474,APP_PUSH,2026-07-29 21:00:00,21,7,False,,IGNORED
CT-008212,C02474,APP_PUSH,2026-09-01 21:00:00,21,2,False,,IGNORED
CT-008213,C02474,SMS,2026-08-21 20:00:00,20,6,False,,IGNORED
CT-008214,C02475,WHATSAPP,2026-07-18 05:00:00,5,0,False,,IGNORED
CT-008215,C02475,SMS,2026-09-07 03:00:00,3,0,False,,IGNORED
CT-008216,C02476,APP_PUSH,2026-07-01 19:00:00,19,9,False,,IGNORED
CT-008217,C02476,APP_PUSH,2026-08-15 20:00:00,20,8,False,,IGNORED
CT-008218,C02476,WHATSAPP,2026-09-04 21:00:00,21,2,False,,IGNORED
CT-008219,C02476,SMS,2026-09-02 22:00:00,22,7,True,0.04,ANSWERED
CT-008220,C02477,SMS,2026-07-30 18:00:00,18,8,False,,IGNORED
CT-008221,C02477,SMS,2026-07-09 17:00:00,17,8,True,3.0,ANSWERED
CT-008222,C02478,CALL,2026-07-31 13:00:00,13,5,True,2.08,ANSWERED
CT-008223,C02478,APP_PUSH,2026-07-06 16:00:00,16,1,False,,IGNORED
CT-008224,C02478,CALL,2026-06-30 05:00:00,5,8,False,,IGNORED
CT-008225,C02479,WHATSAPP,2026-07-19 10:00:00,10,3,False,,IGNORED
CT-008226,C02479,WHATSAPP,2026-08-15 14:00:00,14,0,False,,IGNORED
CT-008227,C02479,CALL,2026-09-02 19:00:00,19,0,False,,IGNORED
CT-008228,C02480,CALL,2026-08-26 14:00:00,14,7,False,,IGNORED
CT-008229,C02480,CALL,2026-08-25 08:00:00,8,4,False,,IGNORED
CT-008230,C02480,CALL,2026-08-23 15:00:00,15,10,True,3.49,ANSWERED
CT-008231,C02480,CALL,2026-08-14 15:00:00,15,8,True,0.85,ANSWERED
CT-008232,C02481,SMS,2026-08-22 23:00:00,23,6,True,0.15,ANSWERED
CT-008233,C02482,WHATSAPP,2026-07-19 17:00:00,17,2,True,0.77,ANSWERED
CT-008234,C02482,WHATSAPP,2026-08-29 15:00:00,15,3,True,3.78,ANSWERED
CT-008235,C02482,WHATSAPP,2026-08-07 18:00:00,18,0,True,0.07,ANSWERED
CT-008236,C02483,APP_PUSH,2026-06-18 09:00:00,9,4,True,0.25,ANSWERED
CT-008237,C02484,CALL,2026-07-19 19:00:00,19,3,True,0.34,ANSWERED
CT-008238,C02484,APP_PUSH,2026-08-16 05:00:00,5,6,False,,IGNORED
CT-008239,C02484,APP_PUSH,2026-08-02 11:00:00,11,7,False,,IGNORED
CT-008240,C02484,SMS,2026-07-25 19:00:00,19,5,False,,IGNORED
CT-008241,C02484,CALL,2026-08-10 16:00:00,16,5,True,3.71,ANSWERED
CT-008242,C02485,SMS,2026-07-26 23:00:00,23,5,True,1.24,ANSWERED
CT-008243,C02485,SMS,2026-07-07 19:00:00,19,8,False,,IGNORED
CT-008244,C02485,SMS,2026-08-27 19:00:00,19,3,False,,IGNORED
CT-008245,C02485,WHATSAPP,2026-07-23 18:00:00,18,6,True,1.44,ANSWERED
CT-008246,C02485,SMS,2026-09-02 12:00:00,12,7,False,,IGNORED
CT-008247,C02486,SMS,2026-08-28 06:00:00,6,6,False,,IGNORED
CT-008248,C02486,CALL,2026-08-17 10:00:00,10,1,True,0.78,ANSWERED
CT-008249,C02487,WHATSAPP,2026-07-16 21:00:00,21,4,False,,IGNORED
CT-008250,C02487,SMS,2026-09-05 23:00:00,23,4,True,4.05,ANSWERED
CT-008251,C02487,APP_PUSH,2026-08-17 20:00:00,20,6,False,,BOUNCED
CT-008252,C02487,SMS,2026-06-25 18:00:00,18,7,True,1.31,ANSWERED
CT-008253,C02487,SMS,2026-07-04 19:00:00,19,2,False,,REJECTED
CT-008254,C02488,CALL,2026-06-18 22:00:00,22,4,False,,IGNORED
CT-008255,C02488,CALL,2026-07-05 14:00:00,14,2,False,,IGNORED
CT-008256,C02488,APP_PUSH,2026-06-20 20:00:00,20,6,False,,REJECTED
CT-008257,C02488,SMS,2026-06-30 21:00:00,21,5,True,0.83,ANSWERED
CT-008258,C02488,SMS,2026-08-16 20:00:00,20,7,False,,IGNORED
CT-008259,C02488,SMS,2026-08-06 23:00:00,23,5,False,,IGNORED
CT-008260,C02489,WHATSAPP,2026-07-29 08:00:00,8,6,False,,IGNORED
CT-008261,C02489,CALL,2026-07-29 07:00:00,7,9,False,,IGNORED
CT-008262,C02489,WHATSAPP,2026-09-08 16:00:00,16,11,False,,IGNORED
CT-008263,C02489,WHATSAPP,2026-08-25 11:00:00,11,8,False,,IGNORED
CT-008264,C02490,APP_PUSH,2026-09-03 14:00:00,14,4,False,,IGNORED
CT-008265,C02490,APP_PUSH,2026-08-26 13:00:00,13,2,False,,IGNORED
CT-008266,C02490,SMS,2026-08-15 08:00:00,8,7,False,,IGNORED
CT-008267,C02491,SMS,2026-07-06 16:00:00,16,3,True,2.35,ANSWERED
CT-008268,C02491,SMS,2026-07-04 19:00:00,19,1,True,2.58,ANSWERED
CT-008269,C02491,WHATSAPP,2026-08-20 14:00:00,14,1,True,0.42,ANSWERED
CT-008270,C02491,SMS,2026-08-11 20:00:00,20,7,False,,IGNORED
CT-008271,C02491,WHATSAPP,2026-07-28 12:00:00,12,2,False,,IGNORED
CT-008272,C02491,SMS,2026-07-03 16:00:00,16,4,False,,IGNORED
CT-008273,C02491,SMS,2026-08-23 18:00:00,18,0,False,,IGNORED
CT-008274,C02492,APP_PUSH,2026-08-31 18:00:00,18,2,False,,IGNORED
CT-008275,C02492,APP_PUSH,2026-06-27 18:00:00,18,7,True,1.45,ANSWERED
CT-008276,C02493,WHATSAPP,2026-07-09 20:00:00,20,8,False,,IGNORED
CT-008277,C02493,WHATSAPP,2026-07-09 22:00:00,22,4,False,,REJECTED
CT-008278,C02494,WHATSAPP,2026-07-23 19:00:00,19,0,False,,IGNORED
CT-008279,C02494,SMS,2026-08-17 16:00:00,16,2,True,0.55,ANSWERED
CT-008280,C02494,WHATSAPP,2026-08-08 20:00:00,20,-2,False,,IGNORED
CT-008281,C02495,WHATSAPP,2026-08-01 11:00:00,11,1,True,2.08,ANSWERED
CT-008282,C02495,WHATSAPP,2026-08-26 13:00:00,13,0,True,0.26,ANSWERED
CT-008283,C02496,WHATSAPP,2026-08-06 08:00:00,8,5,True,0.37,ANSWERED
CT-008284,C02496,WHATSAPP,2026-08-31 09:00:00,9,6,False,,REJECTED
CT-008285,C02496,SMS,2026-06-16 07:00:00,7,8,False,,IGNORED
CT-008286,C02496,SMS,2026-07-30 06:00:00,6,3,False,,IGNORED
CT-008287,C02496,APP_PUSH,2026-06-26 07:00:00,7,5,False,,IGNORED
CT-008288,C02498,CALL,2026-08-26 11:00:00,11,5,False,,IGNORED
CT-008289,C02498,CALL,2026-07-21 11:00:00,11,2,False,,BOUNCED
CT-008290,C02499,WHATSAPP,2026-07-29 18:00:00,18,3,True,2.52,ANSWERED
CT-008291,C02500,SMS,2026-06-28 16:00:00,16,6,True,1.79,ANSWERED
CT-008292,C02500,WHATSAPP,2026-08-06 18:00:00,18,2,False,,REJECTED
CT-008293,C02500,SMS,2026-07-14 17:00:00,17,1,False,,IGNORED
CT-008294,C02501,SMS,2026-07-15 03:00:00,3,3,False,,IGNORED
CT-008295,C02502,SMS,2026-07-17 17:00:00,17,7,False,,IGNORED
CT-008296,C02502,SMS,2026-08-26 09:00:00,9,6,True,2.61,ANSWERED
CT-008297,C02502,SMS,2026-08-11 07:00:00,7,10,True,0.88,ANSWERED
CT-008298,C02502,SMS,2026-07-19 11:00:00,11,7,False,,IGNORED
CT-008299,C02503,SMS,2026-08-11 10:00:00,10,7,False,,IGNORED
CT-008300,C02503,SMS,2026-07-03 10:00:00,10,1,False,,BOUNCED
CT-008301,C02503,SMS,2026-08-21 07:00:00,7,4,True,1.63,ANSWERED
CT-008302,C02503,SMS,2026-07-13 09:00:00,9,5,True,3.51,ANSWERED
CT-008303,C02503,WHATSAPP,2026-08-25 12:00:00,12,9,True,1.06,ANSWERED
CT-008304,C02503,CALL,2026-06-22 10:00:00,10,4,True,0.58,ANSWERED
CT-008305,C02503,SMS,2026-07-25 05:00:00,5,7,True,0.4,ANSWERED
CT-008306,C02503,SMS,2026-07-05 12:00:00,12,2,False,,IGNORED
CT-008307,C02503,SMS,2026-06-18 08:00:00,8,3,False,,IGNORED
CT-008308,C02504,CALL,2026-08-27 12:00:00,12,5,True,0.21,ANSWERED
CT-008309,C02504,CALL,2026-08-04 14:00:00,14,6,True,4.4,ANSWERED
CT-008310,C02505,APP_PUSH,2026-06-28 08:00:00,8,3,False,,IGNORED
CT-008311,C02505,WHATSAPP,2026-08-04 12:00:00,12,6,False,,IGNORED
CT-008312,C02506,SMS,2026-08-12 23:00:00,23,4,False,,IGNORED
CT-008313,C02506,CALL,2026-06-26 17:00:00,17,0,False,,IGNORED
CT-008314,C02506,APP_PUSH,2026-06-21 23:00:00,23,1,True,1.29,ANSWERED
CT-008315,C02506,CALL,2026-08-04 16:00:00,16,0,False,,REJECTED
CT-008316,C02506,SMS,2026-08-11 15:00:00,15,4,False,,IGNORED
CT-008317,C02507,SMS,2026-08-20 17:00:00,17,8,True,2.7,ANSWERED
CT-008318,C02507,SMS,2026-07-24 21:00:00,21,8,True,6.23,ANSWERED
CT-008319,C02507,CALL,2026-06-21 18:00:00,18,10,True,6.72,ANSWERED
CT-008320,C02507,SMS,2026-06-26 18:00:00,18,5,False,,IGNORED
CT-008321,C02507,APP_PUSH,2026-07-15 16:00:00,16,7,False,,IGNORED
CT-008322,C02508,APP_PUSH,2026-08-08 12:00:00,12,3,False,,REJECTED
CT-008323,C02508,CALL,2026-08-09 10:00:00,10,3,False,,IGNORED
CT-008324,C02508,WHATSAPP,2026-08-04 08:00:00,8,4,False,,IGNORED
CT-008325,C02508,SMS,2026-06-18 15:00:00,15,4,True,0.35,ANSWERED
CT-008326,C02508,CALL,2026-06-21 16:00:00,16,7,True,4.71,ANSWERED
CT-008327,C02509,CALL,2026-08-17 10:00:00,10,4,True,3.63,ANSWERED
CT-008328,C02509,CALL,2026-08-29 02:00:00,2,5,True,0.72,ANSWERED
CT-008329,C02509,CALL,2026-07-22 04:00:00,4,4,False,,IGNORED
CT-008330,C02509,CALL,2026-07-07 11:00:00,11,2,False,,IGNORED
CT-008331,C02509,CALL,2026-08-10 07:00:00,7,4,False,,IGNORED
CT-008332,C02511,WHATSAPP,2026-07-15 11:00:00,11,8,False,,REJECTED
CT-008333,C02511,WHATSAPP,2026-07-06 04:00:00,4,7,False,,BOUNCED
CT-008334,C02511,CALL,2026-06-27 10:00:00,10,8,False,,REJECTED
CT-008335,C02511,CALL,2026-07-16 03:00:00,3,8,False,,IGNORED
CT-008336,C02511,WHATSAPP,2026-06-23 04:00:00,4,6,True,0.49,ANSWERED
CT-008337,C02512,APP_PUSH,2026-06-28 17:00:00,17,6,False,,IGNORED
CT-008338,C02513,WHATSAPP,2026-06-19 12:00:00,12,9,False,,IGNORED
CT-008339,C02514,WHATSAPP,2026-07-24 14:00:00,14,2,False,,REJECTED
CT-008340,C02514,SMS,2026-09-03 19:00:00,19,2,False,,IGNORED
CT-008341,C02515,APP_PUSH,2026-09-09 20:00:00,20,1,True,0.77,ANSWERED
CT-008342,C02515,APP_PUSH,2026-07-28 22:00:00,22,2,True,2.51,ANSWERED
CT-008343,C02515,SMS,2026-07-20 20:00:00,20,4,False,,IGNORED
CT-008344,C02516,WHATSAPP,2026-08-12 07:00:00,7,3,False,,REJECTED
CT-008345,C02517,APP_PUSH,2026-07-16 17:00:00,17,8,True,3.74,ANSWERED
CT-008346,C02517,APP_PUSH,2026-07-05 16:00:00,16,4,False,,IGNORED
CT-008347,C02517,APP_PUSH,2026-06-18 18:00:00,18,7,True,1.18,ANSWERED
CT-008348,C02518,APP_PUSH,2026-08-06 21:00:00,21,2,False,,IGNORED
CT-008349,C02518,SMS,2026-07-25 21:00:00,21,4,False,,IGNORED
CT-008350,C02518,APP_PUSH,2026-08-14 17:00:00,17,2,True,1.48,ANSWERED
CT-008351,C02519,WHATSAPP,2026-08-07 13:00:00,13,7,False,,IGNORED
CT-008352,C02519,WHATSAPP,2026-06-23 07:00:00,7,9,True,10.06,ANSWERED
CT-008353,C02519,WHATSAPP,2026-06-24 09:00:00,9,4,False,,IGNORED
CT-008354,C02520,APP_PUSH,2026-06-26 18:00:00,18,5,False,,IGNORED
CT-008355,C02520,APP_PUSH,2026-07-01 15:00:00,15,4,False,,IGNORED
CT-008356,C02520,WHATSAPP,2026-06-25 17:00:00,17,6,False,,IGNORED
CT-008357,C02520,APP_PUSH,2026-08-24 11:00:00,11,8,False,,IGNORED
CT-008358,C02520,WHATSAPP,2026-08-04 17:00:00,17,2,False,,IGNORED
CT-008359,C02520,APP_PUSH,2026-08-30 19:00:00,19,5,False,,IGNORED
CT-008360,C02521,SMS,2026-08-19 06:00:00,6,7,True,0.77,ANSWERED
CT-008361,C02521,SMS,2026-09-04 07:00:00,7,4,False,,IGNORED
CT-008362,C02522,APP_PUSH,2026-07-16 17:00:00,17,8,True,2.75,ANSWERED
CT-008363,C02522,SMS,2026-08-03 13:00:00,13,4,False,,BOUNCED
CT-008364,C02522,WHATSAPP,2026-08-12 13:00:00,13,5,False,,IGNORED
CT-008365,C02522,WHATSAPP,2026-09-03 13:00:00,13,6,False,,REJECTED
CT-008366,C02522,SMS,2026-06-17 16:00:00,16,6,False,,IGNORED
CT-008367,C02522,WHATSAPP,2026-07-11 12:00:00,12,7,False,,REJECTED
CT-008368,C02522,SMS,2026-08-04 15:00:00,15,8,False,,IGNORED
CT-008369,C02523,CALL,2026-07-19 11:00:00,11,7,True,2.5,ANSWERED
CT-008370,C02523,APP_PUSH,2026-08-09 04:00:00,4,5,False,,REJECTED
CT-008371,C02524,APP_PUSH,2026-08-17 22:00:00,22,2,False,,IGNORED
CT-008372,C02524,APP_PUSH,2026-08-11 13:00:00,13,6,False,,REJECTED
CT-008373,C02525,SMS,2026-08-08 20:00:00,20,3,True,3.01,ANSWERED
CT-008374,C02525,APP_PUSH,2026-07-26 16:00:00,16,2,False,,IGNORED
CT-008375,C02525,CALL,2026-07-30 15:00:00,15,4,False,,IGNORED
CT-008376,C02526,SMS,2026-07-21 06:00:00,6,4,False,,REJECTED
CT-008377,C02526,APP_PUSH,2026-08-30 14:00:00,14,5,False,,IGNORED
CT-008378,C02526,SMS,2026-07-26 11:00:00,11,4,False,,REJECTED
CT-008379,C02526,SMS,2026-07-27 17:00:00,17,3,True,0.16,ANSWERED
CT-008380,C02528,APP_PUSH,2026-06-17 09:00:00,9,7,False,,IGNORED
CT-008381,C02528,APP_PUSH,2026-08-16 12:00:00,12,4,True,0.03,ANSWERED
CT-008382,C02528,APP_PUSH,2026-09-09 09:00:00,9,2,False,,IGNORED
CT-008383,C02528,SMS,2026-08-31 09:00:00,9,1,False,,IGNORED
CT-008384,C02528,SMS,2026-09-11 14:00:00,14,3,False,,IGNORED
CT-008385,C02528,SMS,2026-06-26 10:00:00,10,4,False,,IGNORED
CT-008386,C02528,SMS,2026-07-04 06:00:00,6,5,False,,IGNORED
CT-008387,C02528,SMS,2026-07-18 14:00:00,14,2,False,,REJECTED
CT-008388,C02528,SMS,2026-09-05 16:00:00,16,7,False,,REJECTED
CT-008389,C02529,APP_PUSH,2026-07-04 11:00:00,11,4,False,,IGNORED
CT-008390,C02529,SMS,2026-07-25 12:00:00,12,7,True,2.81,ANSWERED
CT-008391,C02529,WHATSAPP,2026-07-17 10:00:00,10,5,False,,IGNORED
CT-008392,C02530,SMS,2026-07-25 06:00:00,6,3,True,1.17,ANSWERED
CT-008393,C02531,SMS,2026-06-26 15:00:00,15,1,False,,IGNORED
CT-008394,C02532,SMS,2026-07-29 11:00:00,11,4,False,,IGNORED
CT-008395,C02532,SMS,2026-07-17 16:00:00,16,1,False,,IGNORED
CT-008396,C02533,SMS,2026-09-06 06:00:00,6,2,False,,IGNORED
CT-008397,C02533,SMS,2026-07-01 12:00:00,12,9,True,2.22,ANSWERED
CT-008398,C02533,CALL,2026-06-19 11:00:00,11,7,False,,IGNORED
CT-008399,C02533,APP_PUSH,2026-08-10 05:00:00,5,10,False,,REJECTED
CT-008400,C02534,CALL,2026-06-20 14:00:00,14,5,False,,IGNORED
CT-008401,C02534,WHATSAPP,2026-08-09 15:00:00,15,7,False,,IGNORED
CT-008402,C02534,CALL,2026-08-13 11:00:00,11,5,True,2.44,ANSWERED
CT-008403,C02535,CALL,2026-07-10 15:00:00,15,6,True,0.22,ANSWERED
CT-008404,C02535,CALL,2026-07-10 14:00:00,14,4,False,,IGNORED
CT-008405,C02535,CALL,2026-08-29 19:00:00,19,6,True,0.6,ANSWERED
CT-008406,C02535,SMS,2026-06-17 23:00:00,23,3,False,,IGNORED
CT-008407,C02535,APP_PUSH,2026-08-21 16:00:00,16,3,False,,IGNORED
CT-008408,C02535,SMS,2026-08-01 23:00:00,23,3,False,,IGNORED
CT-008409,C02536,CALL,2026-06-18 13:00:00,13,6,False,,BOUNCED
CT-008410,C02536,APP_PUSH,2026-08-27 15:00:00,15,5,False,,IGNORED
CT-008411,C02536,CALL,2026-09-11 16:00:00,16,4,True,0.43,ANSWERED
CT-008412,C02536,SMS,2026-09-09 14:00:00,14,7,False,,IGNORED
CT-008413,C02536,CALL,2026-08-02 13:00:00,13,3,True,0.68,ANSWERED
CT-008414,C02537,APP_PUSH,2026-06-19 19:00:00,19,3,True,1.1,ANSWERED
CT-008415,C02537,APP_PUSH,2026-07-14 09:00:00,9,6,False,,IGNORED
CT-008416,C02537,APP_PUSH,2026-08-29 19:00:00,19,2,False,,IGNORED
CT-008417,C02537,SMS,2026-08-20 12:00:00,12,1,False,,REJECTED
CT-008418,C02538,WHATSAPP,2026-07-20 06:00:00,6,4,False,,IGNORED
CT-008419,C02538,CALL,2026-08-18 09:00:00,9,7,True,1.52,ANSWERED
CT-008420,C02538,WHATSAPP,2026-07-07 03:00:00,3,3,False,,REJECTED
CT-008421,C02539,SMS,2026-08-04 12:00:00,12,4,True,0.1,ANSWERED
CT-008422,C02539,SMS,2026-09-08 13:00:00,13,4,True,0.14,ANSWERED
CT-008423,C02540,APP_PUSH,2026-06-27 09:00:00,9,4,False,,IGNORED
CT-008424,C02540,CALL,2026-07-06 05:00:00,5,8,False,,IGNORED
CT-008425,C02540,APP_PUSH,2026-08-22 04:00:00,4,8,False,,IGNORED
CT-008426,C02540,SMS,2026-06-26 02:00:00,2,9,True,0.14,ANSWERED
CT-008427,C02540,CALL,2026-07-18 07:00:00,7,5,True,0.3,ANSWERED
CT-008428,C02541,CALL,2026-07-25 11:00:00,11,0,False,,IGNORED
CT-008429,C02542,APP_PUSH,2026-07-13 21:00:00,21,7,True,1.46,ANSWERED
CT-008430,C02543,SMS,2026-07-06 14:00:00,14,8,False,,IGNORED
CT-008431,C02543,SMS,2026-09-05 21:00:00,21,7,True,1.44,ANSWERED
CT-008432,C02544,CALL,2026-08-15 13:00:00,13,6,False,,IGNORED
CT-008433,C02544,CALL,2026-07-27 18:00:00,18,4,False,,REJECTED
CT-008434,C02545,CALL,2026-07-09 06:00:00,6,6,True,9.05,ANSWERED
CT-008435,C02545,SMS,2026-06-21 12:00:00,12,5,True,0.19,ANSWERED
CT-008436,C02546,SMS,2026-08-22 19:00:00,19,4,True,0.9,ANSWERED
CT-008437,C02546,SMS,2026-08-11 18:00:00,18,6,True,1.14,ANSWERED
CT-008438,C02547,WHATSAPP,2026-06-17 12:00:00,12,6,False,,REJECTED
CT-008439,C02547,APP_PUSH,2026-08-17 08:00:00,8,7,True,2.11,ANSWERED
CT-008440,C02547,SMS,2026-07-29 16:00:00,16,7,False,,REJECTED
CT-008441,C02547,APP_PUSH,2026-09-03 05:00:00,5,4,True,1.65,ANSWERED
CT-008442,C02547,SMS,2026-06-18 10:00:00,10,6,True,3.82,ANSWERED
CT-008443,C02548,CALL,2026-08-19 11:00:00,11,1,False,,IGNORED
CT-008444,C02549,CALL,2026-08-05 11:00:00,11,0,False,,IGNORED
CT-008445,C02549,CALL,2026-07-09 13:00:00,13,2,False,,IGNORED
CT-008446,C02549,APP_PUSH,2026-09-02 19:00:00,19,3,True,1.95,ANSWERED
CT-008447,C02550,CALL,2026-09-09 19:00:00,19,5,True,0.81,ANSWERED
CT-008448,C02551,CALL,2026-08-16 14:00:00,14,0,True,1.23,ANSWERED
CT-008449,C02551,CALL,2026-07-29 18:00:00,18,1,False,,IGNORED
CT-008450,C02551,CALL,2026-06-29 18:00:00,18,0,False,,BOUNCED
CT-008451,C02553,WHATSAPP,2026-06-20 16:00:00,16,1,False,,IGNORED
CT-008452,C02553,APP_PUSH,2026-06-26 11:00:00,11,2,False,,IGNORED
CT-008453,C02553,CALL,2026-07-26 10:00:00,10,4,False,,IGNORED
CT-008454,C02553,WHATSAPP,2026-06-19 08:00:00,8,3,True,0.31,ANSWERED
CT-008455,C02553,WHATSAPP,2026-08-03 13:00:00,13,7,False,,BOUNCED
CT-008456,C02554,CALL,2026-07-04 23:00:00,23,2,False,,BOUNCED
CT-008457,C02554,CALL,2026-07-15 15:00:00,15,2,True,3.48,ANSWERED
CT-008458,C02554,APP_PUSH,2026-08-19 21:00:00,21,7,True,3.21,ANSWERED
CT-008459,C02554,CALL,2026-09-11 21:00:00,21,2,False,,IGNORED
CT-008460,C02555,CALL,2026-07-25 14:00:00,14,3,False,,REJECTED
CT-008461,C02555,CALL,2026-09-10 12:00:00,12,3,True,0.58,ANSWERED
CT-008462,C02555,CALL,2026-08-27 16:00:00,16,5,False,,IGNORED
CT-008463,C02556,APP_PUSH,2026-06-17 11:00:00,11,9,True,0.37,ANSWERED
CT-008464,C02556,APP_PUSH,2026-06-20 09:00:00,9,7,True,0.05,ANSWERED
CT-008465,C02556,CALL,2026-09-07 09:00:00,9,2,False,,IGNORED
CT-008466,C02557,WHATSAPP,2026-06-23 13:00:00,13,6,False,,IGNORED
CT-008467,C02557,APP_PUSH,2026-08-29 10:00:00,10,3,False,,IGNORED
CT-008468,C02558,APP_PUSH,2026-08-07 19:00:00,19,2,True,4.52,ANSWERED
CT-008469,C02558,WHATSAPP,2026-08-24 18:00:00,18,4,False,,IGNORED
CT-008470,C02558,SMS,2026-09-09 19:00:00,19,6,False,,IGNORED
CT-008471,C02558,APP_PUSH,2026-08-24 14:00:00,14,1,False,,IGNORED
CT-008472,C02559,CALL,2026-07-23 14:00:00,14,7,True,0.62,ANSWERED
CT-008473,C02559,WHATSAPP,2026-07-03 12:00:00,12,7,False,,REJECTED
CT-008474,C02559,WHATSAPP,2026-09-05 14:00:00,14,6,False,,IGNORED
CT-008475,C02561,SMS,2026-08-07 19:00:00,19,6,True,3.4,ANSWERED
CT-008476,C02561,SMS,2026-08-31 13:00:00,13,5,False,,IGNORED
CT-008477,C02561,SMS,2026-08-27 17:00:00,17,6,True,0.95,ANSWERED
CT-008478,C02561,WHATSAPP,2026-07-08 16:00:00,16,5,True,0.82,ANSWERED
CT-008479,C02561,CALL,2026-07-21 13:00:00,13,1,False,,IGNORED
CT-008480,C02562,WHATSAPP,2026-09-03 11:00:00,11,3,False,,IGNORED
CT-008481,C02562,APP_PUSH,2026-07-29 22:00:00,22,5,False,,IGNORED
CT-008482,C02562,WHATSAPP,2026-08-30 16:00:00,16,6,False,,IGNORED
CT-008483,C02562,SMS,2026-08-10 17:00:00,17,0,False,,IGNORED
CT-008484,C02563,WHATSAPP,2026-07-05 07:00:00,7,5,False,,IGNORED
CT-008485,C02563,SMS,2026-08-29 11:00:00,11,0,False,,REJECTED
CT-008486,C02563,WHATSAPP,2026-07-06 09:00:00,9,6,False,,IGNORED
CT-008487,C02563,WHATSAPP,2026-07-08 05:00:00,5,1,False,,IGNORED
CT-008488,C02564,SMS,2026-09-06 07:00:00,7,2,False,,IGNORED
CT-008489,C02564,SMS,2026-07-07 05:00:00,5,4,False,,IGNORED
CT-008490,C02564,SMS,2026-08-24 07:00:00,7,5,True,0.83,ANSWERED
CT-008491,C02564,SMS,2026-08-28 10:00:00,10,6,False,,IGNORED
CT-008492,C02565,SMS,2026-09-10 14:00:00,14,8,False,,IGNORED
CT-008493,C02565,SMS,2026-06-18 17:00:00,17,5,False,,REJECTED
CT-008494,C02566,WHATSAPP,2026-08-11 16:00:00,16,10,False,,REJECTED
CT-008495,C02566,WHATSAPP,2026-08-31 11:00:00,11,7,True,3.83,ANSWERED
CT-008496,C02566,CALL,2026-06-28 16:00:00,16,6,False,,IGNORED
CT-008497,C02567,CALL,2026-09-05 16:00:00,16,4,False,,IGNORED
CT-008498,C02568,APP_PUSH,2026-08-07 03:00:00,3,0,True,1.12,ANSWERED
CT-008499,C02568,WHATSAPP,2026-08-21 12:00:00,12,1,True,0.07,ANSWERED
CT-008500,C02569,SMS,2026-08-02 09:00:00,9,2,False,,REJECTED
CT-008501,C02570,WHATSAPP,2026-06-16 13:00:00,13,5,False,,IGNORED
CT-008502,C02570,SMS,2026-08-06 15:00:00,15,8,False,,REJECTED
CT-008503,C02570,SMS,2026-08-11 17:00:00,17,3,False,,IGNORED
CT-008504,C02571,WHATSAPP,2026-08-04 18:00:00,18,3,False,,IGNORED
CT-008505,C02571,APP_PUSH,2026-07-07 10:00:00,10,7,False,,IGNORED
CT-008506,C02571,WHATSAPP,2026-08-11 09:00:00,9,4,False,,IGNORED
CT-008507,C02571,APP_PUSH,2026-07-22 11:00:00,11,4,False,,IGNORED
CT-008508,C02571,WHATSAPP,2026-09-12 08:00:00,8,5,True,0.85,ANSWERED
CT-008509,C02572,SMS,2026-08-21 05:00:00,5,4,False,,IGNORED
CT-008510,C02572,SMS,2026-08-30 03:00:00,3,5,False,,IGNORED
CT-008511,C02572,APP_PUSH,2026-09-04 07:00:00,7,5,True,1.66,ANSWERED
CT-008512,C02574,WHATSAPP,2026-09-12 22:00:00,22,9,False,,IGNORED
CT-008513,C02574,WHATSAPP,2026-07-05 15:00:00,15,5,False,,IGNORED
CT-008514,C02574,CALL,2026-08-18 22:00:00,22,4,False,,IGNORED
CT-008515,C02575,SMS,2026-09-10 18:00:00,18,3,False,,IGNORED
CT-008516,C02575,WHATSAPP,2026-07-29 10:00:00,10,6,False,,IGNORED
CT-008517,C02575,APP_PUSH,2026-07-08 15:00:00,15,6,True,5.29,ANSWERED
CT-008518,C02575,WHATSAPP,2026-08-18 15:00:00,15,2,False,,IGNORED
CT-008519,C02576,CALL,2026-07-04 21:00:00,21,5,False,,IGNORED
CT-008520,C02576,WHATSAPP,2026-06-28 21:00:00,21,4,False,,IGNORED
CT-008521,C02576,APP_PUSH,2026-08-25 21:00:00,21,3,False,,IGNORED
CT-008522,C02576,CALL,2026-09-06 17:00:00,17,7,True,1.23,ANSWERED
CT-008523,C02577,APP_PUSH,2026-06-23 09:00:00,9,2,True,0.43,ANSWERED
CT-008524,C02577,CALL,2026-07-15 08:00:00,8,2,True,0.55,ANSWERED
CT-008525,C02577,APP_PUSH,2026-07-20 11:00:00,11,4,False,,IGNORED
CT-008526,C02577,APP_PUSH,2026-07-30 09:00:00,9,0,False,,IGNORED
CT-008527,C02578,SMS,2026-06-20 08:00:00,8,4,True,7.63,ANSWERED
CT-008528,C02578,CALL,2026-09-06 10:00:00,10,4,True,2.23,ANSWERED
CT-008529,C02578,CALL,2026-06-17 10:00:00,10,0,False,,IGNORED
CT-008530,C02578,CALL,2026-07-27 16:00:00,16,3,True,8.99,ANSWERED
CT-008531,C02578,CALL,2026-07-10 07:00:00,7,3,True,0.21,ANSWERED
CT-008532,C02578,CALL,2026-08-28 03:00:00,3,1,True,8.39,ANSWERED
CT-008533,C02578,WHATSAPP,2026-08-01 09:00:00,9,0,False,,IGNORED
CT-008534,C02579,CALL,2026-08-11 15:00:00,15,6,False,,REJECTED
CT-008535,C02579,CALL,2026-09-02 15:00:00,15,2,True,0.03,ANSWERED
CT-008536,C02580,CALL,2026-08-30 13:00:00,13,3,True,1.28,ANSWERED
CT-008537,C02580,WHATSAPP,2026-07-22 11:00:00,11,2,False,,IGNORED
CT-008538,C02580,SMS,2026-07-16 14:00:00,14,5,False,,IGNORED
CT-008539,C02580,APP_PUSH,2026-07-29 18:00:00,18,7,False,,IGNORED
CT-008540,C02580,SMS,2026-07-11 15:00:00,15,5,False,,IGNORED
CT-008541,C02580,CALL,2026-09-04 16:00:00,16,6,False,,IGNORED
CT-008542,C02580,CALL,2026-08-31 16:00:00,16,-1,False,,IGNORED
CT-008543,C02581,CALL,2026-07-25 07:00:00,7,3,True,0.31,ANSWERED
CT-008544,C02581,CALL,2026-08-17 13:00:00,13,2,False,,IGNORED
CT-008545,C02581,SMS,2026-09-05 08:00:00,8,3,False,,IGNORED
CT-008546,C02581,APP_PUSH,2026-08-27 09:00:00,9,6,False,,IGNORED
CT-008547,C02582,CALL,2026-07-15 11:00:00,11,2,False,,IGNORED
CT-008548,C02582,APP_PUSH,2026-07-13 09:00:00,9,2,False,,REJECTED
CT-008549,C02583,CALL,2026-09-12 11:00:00,11,4,False,,REJECTED
CT-008550,C02583,CALL,2026-08-17 10:00:00,10,2,False,,IGNORED
CT-008551,C02583,CALL,2026-07-11 09:00:00,9,7,False,,IGNORED
CT-008552,C02583,CALL,2026-07-18 10:00:00,10,4,True,3.66,ANSWERED
CT-008553,C02583,CALL,2026-07-29 11:00:00,11,3,True,0.21,ANSWERED
CT-008554,C02583,CALL,2026-07-27 14:00:00,14,4,False,,IGNORED
CT-008555,C02585,APP_PUSH,2026-06-18 20:00:00,20,5,True,3.41,ANSWERED
CT-008556,C02586,SMS,2026-09-04 21:00:00,21,0,False,,REJECTED
CT-008557,C02586,WHATSAPP,2026-08-03 16:00:00,16,0,False,,IGNORED
CT-008558,C02586,WHATSAPP,2026-08-14 20:00:00,20,6,True,4.52,ANSWERED
CT-008559,C02587,APP_PUSH,2026-06-29 10:00:00,10,7,False,,IGNORED
CT-008560,C02587,WHATSAPP,2026-06-30 09:00:00,9,4,False,,IGNORED
CT-008561,C02587,SMS,2026-07-21 09:00:00,9,3,False,,IGNORED
CT-008562,C02587,APP_PUSH,2026-08-14 17:00:00,17,6,False,,REJECTED
CT-008563,C02587,APP_PUSH,2026-09-04 11:00:00,11,3,True,1.24,ANSWERED
CT-008564,C02588,CALL,2026-07-13 21:00:00,21,9,False,,IGNORED
CT-008565,C02589,SMS,2026-08-18 19:00:00,19,1,True,0.43,ANSWERED
CT-008566,C02590,WHATSAPP,2026-06-25 13:00:00,13,6,True,1.4,ANSWERED
CT-008567,C02590,WHATSAPP,2026-06-28 06:00:00,6,6,True,1.78,ANSWERED
CT-008568,C02590,SMS,2026-06-28 10:00:00,10,3,True,0.08,ANSWERED
CT-008569,C02590,WHATSAPP,2026-08-29 07:00:00,7,6,False,,BOUNCED
CT-008570,C02590,WHATSAPP,2026-06-20 11:00:00,11,8,False,,REJECTED
CT-008571,C02591,SMS,2026-08-13 21:00:00,21,2,True,2.13,ANSWERED
CT-008572,C02591,SMS,2026-08-01 18:00:00,18,2,False,,IGNORED
CT-008573,C02592,SMS,2026-06-16 10:00:00,10,6,False,,IGNORED
CT-008574,C02592,SMS,2026-07-15 07:00:00,7,4,False,,IGNORED
CT-008575,C02592,SMS,2026-08-11 12:00:00,12,4,False,,IGNORED
CT-008576,C02592,WHATSAPP,2026-09-01 14:00:00,14,-1,False,,IGNORED
CT-008577,C02593,SMS,2026-08-16 15:00:00,15,3,False,,IGNORED
CT-008578,C02594,CALL,2026-07-18 14:00:00,14,0,False,,IGNORED
CT-008579,C02594,CALL,2026-08-26 20:00:00,20,4,True,6.5,ANSWERED
CT-008580,C02594,CALL,2026-08-01 14:00:00,14,6,True,2.43,ANSWERED
CT-008581,C02594,CALL,2026-08-15 14:00:00,14,1,True,6.33,ANSWERED
CT-008582,C02595,WHATSAPP,2026-08-25 00:00:00,0,1,False,,IGNORED
CT-008583,C02596,CALL,2026-08-16 14:00:00,14,0,False,,REJECTED
CT-008584,C02596,WHATSAPP,2026-06-25 12:00:00,12,5,False,,IGNORED
CT-008585,C02596,SMS,2026-08-18 09:00:00,9,4,False,,IGNORED
CT-008586,C02597,APP_PUSH,2026-07-06 23:00:00,23,3,False,,IGNORED
CT-008587,C02598,WHATSAPP,2026-07-22 23:00:00,23,-1,False,,REJECTED
CT-008588,C02598,SMS,2026-07-23 18:00:00,18,3,False,,IGNORED
CT-008589,C02598,CALL,2026-06-28 22:00:00,22,0,False,,IGNORED
CT-008590,C02598,WHATSAPP,2026-07-31 23:00:00,23,4,True,0.48,ANSWERED
CT-008591,C02598,SMS,2026-06-25 20:00:00,20,4,False,,IGNORED
CT-008592,C02598,WHATSAPP,2026-08-07 21:00:00,21,4,True,1.11,ANSWERED
CT-008593,C02599,APP_PUSH,2026-09-04 13:00:00,13,7,True,0.11,ANSWERED
CT-008594,C02599,CALL,2026-06-16 12:00:00,12,9,True,0.76,ANSWERED
CT-008595,C02599,APP_PUSH,2026-08-15 15:00:00,15,5,True,1.03,ANSWERED
CT-008596,C02599,APP_PUSH,2026-09-11 15:00:00,15,5,False,,IGNORED
CT-008597,C02599,APP_PUSH,2026-07-11 12:00:00,12,5,True,1.06,ANSWERED
CT-008598,C02600,CALL,2026-07-10 11:00:00,11,1,False,,IGNORED
CT-008599,C02600,CALL,2026-07-14 23:00:00,23,3,True,1.62,ANSWERED
CT-008600,C02600,CALL,2026-08-05 15:00:00,15,5,True,4.7,ANSWERED
CT-008601,C02600,WHATSAPP,2026-08-19 18:00:00,18,3,False,,IGNORED
CT-008602,C02600,CALL,2026-08-08 12:00:00,12,0,True,2.59,ANSWERED
CT-008603,C02601,APP_PUSH,2026-07-29 11:00:00,11,10,True,1.14,ANSWERED
CT-008604,C02601,APP_PUSH,2026-09-02 08:00:00,8,10,True,0.29,ANSWERED
CT-008605,C02601,APP_PUSH,2026-08-31 11:00:00,11,12,False,,IGNORED
CT-008606,C02601,APP_PUSH,2026-08-06 07:00:00,7,9,False,,IGNORED
CT-008607,C02602,SMS,2026-06-21 08:00:00,8,8,False,,REJECTED
CT-008608,C02602,WHATSAPP,2026-09-11 10:00:00,10,4,False,,IGNORED
CT-008609,C02603,WHATSAPP,2026-08-14 15:00:00,15,2,False,,REJECTED
CT-008610,C02603,CALL,2026-06-21 17:00:00,17,1,False,,IGNORED
CT-008611,C02603,CALL,2026-09-02 20:00:00,20,3,True,3.6,ANSWERED
CT-008612,C02603,WHATSAPP,2026-06-22 18:00:00,18,0,False,,IGNORED
CT-008613,C02604,CALL,2026-08-03 10:00:00,10,6,False,,IGNORED
CT-008614,C02604,WHATSAPP,2026-07-29 10:00:00,10,5,False,,IGNORED
CT-008615,C02604,WHATSAPP,2026-06-21 07:00:00,7,7,False,,IGNORED
CT-008616,C02604,CALL,2026-08-29 02:00:00,2,3,False,,IGNORED
CT-008617,C02605,SMS,2026-07-03 06:00:00,6,5,True,0.28,ANSWERED
CT-008618,C02605,SMS,2026-08-10 06:00:00,6,3,False,,IGNORED
CT-008619,C02605,SMS,2026-09-03 04:00:00,4,4,True,1.24,ANSWERED
CT-008620,C02606,CALL,2026-07-01 10:00:00,10,2,True,5.81,ANSWERED
CT-008621,C02606,SMS,2026-08-15 13:00:00,13,0,False,,IGNORED
CT-008622,C02606,WHATSAPP,2026-07-25 14:00:00,14,5,False,,IGNORED
CT-008623,C02607,WHATSAPP,2026-06-27 09:00:00,9,4,False,,IGNORED
CT-008624,C02607,WHATSAPP,2026-07-03 10:00:00,10,5,False,,IGNORED
CT-008625,C02607,WHATSAPP,2026-08-26 09:00:00,9,7,False,,IGNORED
CT-008626,C02607,CALL,2026-07-09 07:00:00,7,6,False,,IGNORED
CT-008627,C02607,WHATSAPP,2026-08-31 09:00:00,9,3,False,,REJECTED
CT-008628,C02607,WHATSAPP,2026-08-21 11:00:00,11,1,False,,REJECTED
CT-008629,C02607,WHATSAPP,2026-08-06 08:00:00,8,3,True,0.87,ANSWERED
CT-008630,C02608,CALL,2026-07-11 12:00:00,12,5,True,4.04,ANSWERED
CT-008631,C02608,CALL,2026-08-06 20:00:00,20,7,False,,IGNORED
CT-008632,C02608,CALL,2026-08-26 12:00:00,12,4,False,,IGNORED
CT-008633,C02608,CALL,2026-08-11 16:00:00,16,5,True,0.36,ANSWERED
CT-008634,C02609,CALL,2026-07-04 11:00:00,11,4,False,,IGNORED
CT-008635,C02609,CALL,2026-07-12 05:00:00,5,3,False,,IGNORED
CT-008636,C02609,CALL,2026-08-28 08:00:00,8,2,False,,REJECTED
CT-008637,C02610,CALL,2026-07-06 05:00:00,5,9,True,2.04,ANSWERED
CT-008638,C02610,CALL,2026-08-14 03:00:00,3,5,True,1.04,ANSWERED
CT-008639,C02610,WHATSAPP,2026-07-17 06:00:00,6,7,False,,IGNORED
CT-008640,C02610,CALL,2026-08-18 10:00:00,10,9,False,,IGNORED
CT-008641,C02610,APP_PUSH,2026-08-28 05:00:00,5,7,False,,IGNORED
CT-008642,C02610,CALL,2026-07-02 11:00:00,11,8,True,4.65,ANSWERED
CT-008643,C02610,CALL,2026-07-07 10:00:00,10,8,False,,REJECTED
CT-008644,C02610,CALL,2026-07-09 05:00:00,5,12,True,0.44,ANSWERED
CT-008645,C02611,APP_PUSH,2026-07-15 10:00:00,10,4,False,,IGNORED
CT-008646,C02611,WHATSAPP,2026-08-29 14:00:00,14,1,False,,REJECTED
CT-008647,C02611,SMS,2026-08-27 15:00:00,15,2,True,2.89,ANSWERED
CT-008648,C02612,WHATSAPP,2026-07-15 16:00:00,16,5,False,,IGNORED
CT-008649,C02612,CALL,2026-07-01 20:00:00,20,6,False,,IGNORED
CT-008650,C02612,APP_PUSH,2026-08-02 15:00:00,15,7,True,3.94,ANSWERED
CT-008651,C02612,APP_PUSH,2026-07-01 21:00:00,21,11,False,,IGNORED
CT-008652,C02613,APP_PUSH,2026-07-03 23:00:00,23,6,False,,IGNORED
CT-008653,C02613,APP_PUSH,2026-09-10 20:00:00,20,4,False,,IGNORED
CT-008654,C02613,APP_PUSH,2026-07-28 17:00:00,17,2,True,1.16,ANSWERED
CT-008655,C02613,CALL,2026-07-09 18:00:00,18,8,False,,IGNORED
CT-008656,C02614,WHATSAPP,2026-06-18 10:00:00,10,3,True,2.93,ANSWERED
CT-008657,C02614,WHATSAPP,2026-08-31 17:00:00,17,6,True,2.53,ANSWERED
CT-008658,C02614,WHATSAPP,2026-06-18 19:00:00,19,5,False,,IGNORED
CT-008659,C02614,APP_PUSH,2026-08-29 14:00:00,14,1,False,,IGNORED
CT-008660,C02615,SMS,2026-07-30 10:00:00,10,4,True,2.26,ANSWERED
CT-008661,C02615,SMS,2026-06-28 07:00:00,7,2,True,2.68,ANSWERED
CT-008662,C02615,SMS,2026-09-08 15:00:00,15,2,False,,REJECTED
CT-008663,C02615,SMS,2026-08-22 14:00:00,14,2,False,,IGNORED
CT-008664,C02615,SMS,2026-08-06 11:00:00,11,3,True,4.5,ANSWERED
CT-008665,C02616,CALL,2026-07-16 05:00:00,5,7,True,0.79,ANSWERED
CT-008666,C02617,SMS,2026-07-15 03:00:00,3,6,False,,IGNORED
CT-008667,C02618,SMS,2026-08-03 18:00:00,18,8,False,,IGNORED
CT-008668,C02618,WHATSAPP,2026-08-07 14:00:00,14,9,True,2.7,ANSWERED
CT-008669,C02618,CALL,2026-06-21 18:00:00,18,7,False,,IGNORED
CT-008670,C02619,CALL,2026-09-03 12:00:00,12,6,False,,IGNORED
CT-008671,C02619,APP_PUSH,2026-08-11 04:00:00,4,4,False,,IGNORED
CT-008672,C02619,APP_PUSH,2026-08-05 10:00:00,10,3,False,,IGNORED
CT-008673,C02620,APP_PUSH,2026-07-27 13:00:00,13,10,False,,IGNORED
CT-008674,C02620,CALL,2026-09-12 09:00:00,9,5,False,,IGNORED
CT-008675,C02620,SMS,2026-08-20 03:00:00,3,7,False,,REJECTED
CT-008676,C02620,SMS,2026-07-17 09:00:00,9,9,True,8.62,ANSWERED
CT-008677,C02620,SMS,2026-07-10 13:00:00,13,6,False,,IGNORED
CT-008678,C02620,WHATSAPP,2026-09-05 12:00:00,12,4,False,,IGNORED
CT-008679,C02620,APP_PUSH,2026-07-18 09:00:00,9,5,False,,IGNORED
CT-008680,C02621,CALL,2026-08-27 21:00:00,21,5,False,,REJECTED
CT-008681,C02621,CALL,2026-09-10 20:00:00,20,4,True,3.98,ANSWERED
CT-008682,C02621,CALL,2026-08-13 17:00:00,17,9,False,,IGNORED
CT-008683,C02622,CALL,2026-06-23 13:00:00,13,6,True,0.49,ANSWERED
CT-008684,C02622,WHATSAPP,2026-08-18 10:00:00,10,4,False,,IGNORED
CT-008685,C02622,APP_PUSH,2026-06-27 10:00:00,10,6,True,5.57,ANSWERED
CT-008686,C02622,WHATSAPP,2026-08-22 16:00:00,16,7,False,,IGNORED
CT-008687,C02622,APP_PUSH,2026-09-06 13:00:00,13,9,False,,IGNORED
CT-008688,C02622,APP_PUSH,2026-07-05 11:00:00,11,6,False,,IGNORED
CT-008689,C02622,APP_PUSH,2026-09-06 09:00:00,9,9,False,,IGNORED
CT-008690,C02622,CALL,2026-08-08 09:00:00,9,7,False,,IGNORED
CT-008691,C02623,SMS,2026-06-28 17:00:00,17,7,False,,REJECTED
CT-008692,C02624,SMS,2026-08-31 19:00:00,19,6,False,,IGNORED
CT-008693,C02624,SMS,2026-08-16 20:00:00,20,9,True,0.43,ANSWERED
CT-008694,C02624,CALL,2026-07-01 18:00:00,18,9,True,0.4,ANSWERED
CT-008695,C02624,WHATSAPP,2026-07-19 22:00:00,22,7,True,0.36,ANSWERED
CT-008696,C02624,CALL,2026-07-07 20:00:00,20,4,True,0.18,ANSWERED
CT-008697,C02624,APP_PUSH,2026-08-31 22:00:00,22,6,True,1.65,ANSWERED
CT-008698,C02625,SMS,2026-08-17 08:00:00,8,7,False,,IGNORED
CT-008699,C02626,CALL,2026-07-07 11:00:00,11,6,False,,IGNORED
CT-008700,C02626,CALL,2026-06-15 15:00:00,15,6,False,,IGNORED
CT-008701,C02626,WHATSAPP,2026-08-30 07:00:00,7,8,False,,IGNORED
CT-008702,C02628,CALL,2026-08-03 09:00:00,9,3,True,2.17,ANSWERED
CT-008703,C02628,CALL,2026-08-14 15:00:00,15,2,True,1.42,ANSWERED
CT-008704,C02629,APP_PUSH,2026-07-03 19:00:00,19,5,True,1.53,ANSWERED
CT-008705,C02629,APP_PUSH,2026-07-29 16:00:00,16,9,True,0.85,ANSWERED
CT-008706,C02630,APP_PUSH,2026-08-13 08:00:00,8,2,True,0.54,ANSWERED
CT-008707,C02630,SMS,2026-08-28 10:00:00,10,4,False,,IGNORED
CT-008708,C02630,CALL,2026-07-02 06:00:00,6,2,False,,IGNORED
CT-008709,C02631,WHATSAPP,2026-08-13 14:00:00,14,1,False,,IGNORED
CT-008710,C02631,SMS,2026-07-14 07:00:00,7,0,False,,IGNORED
CT-008711,C02631,WHATSAPP,2026-07-15 09:00:00,9,3,False,,IGNORED
CT-008712,C02632,APP_PUSH,2026-08-11 13:00:00,13,9,False,,BOUNCED
CT-008713,C02632,SMS,2026-07-18 11:00:00,11,9,False,,REJECTED
CT-008714,C02632,CALL,2026-06-20 08:00:00,8,10,False,,IGNORED
CT-008715,C02633,APP_PUSH,2026-06-18 14:00:00,14,7,False,,IGNORED
CT-008716,C02634,CALL,2026-07-06 06:00:00,6,6,False,,IGNORED
CT-008717,C02634,WHATSAPP,2026-07-04 04:00:00,4,4,False,,IGNORED
CT-008718,C02634,WHATSAPP,2026-09-04 06:00:00,6,3,False,,IGNORED
CT-008719,C02634,WHATSAPP,2026-08-20 03:00:00,3,4,True,1.66,ANSWERED
CT-008720,C02634,WHATSAPP,2026-08-10 06:00:00,6,7,False,,IGNORED
CT-008721,C02635,WHATSAPP,2026-08-17 12:00:00,12,5,False,,IGNORED
CT-008722,C02635,APP_PUSH,2026-06-19 06:00:00,6,2,False,,IGNORED
CT-008723,C02635,CALL,2026-07-31 09:00:00,9,4,False,,IGNORED
CT-008724,C02635,CALL,2026-08-11 10:00:00,10,5,True,3.07,ANSWERED
CT-008725,C02635,CALL,2026-08-27 07:00:00,7,4,False,,IGNORED
CT-008726,C02635,WHATSAPP,2026-07-22 02:00:00,2,6,False,,IGNORED
CT-008727,C02636,CALL,2026-06-22 06:00:00,6,2,True,4.96,ANSWERED
CT-008728,C02636,CALL,2026-09-12 14:00:00,14,-1,True,1.0,ANSWERED
CT-008729,C02636,CALL,2026-06-25 07:00:00,7,0,True,0.6,ANSWERED
CT-008730,C02636,CALL,2026-07-20 14:00:00,14,3,True,1.2,ANSWERED
CT-008731,C02636,APP_PUSH,2026-07-23 15:00:00,15,2,False,,IGNORED
CT-008732,C02637,APP_PUSH,2026-08-24 14:00:00,14,6,True,2.27,ANSWERED
CT-008733,C02637,APP_PUSH,2026-07-25 10:00:00,10,4,True,1.57,ANSWERED
CT-008734,C02637,APP_PUSH,2026-08-30 13:00:00,13,6,True,1.56,ANSWERED
CT-008735,C02637,SMS,2026-08-15 11:00:00,11,5,False,,IGNORED
CT-008736,C02639,SMS,2026-07-15 15:00:00,15,9,True,0.1,ANSWERED
CT-008737,C02640,CALL,2026-09-05 14:00:00,14,6,False,,REJECTED
CT-008738,C02641,APP_PUSH,2026-07-29 12:00:00,12,3,False,,REJECTED
CT-008739,C02641,WHATSAPP,2026-07-22 21:00:00,21,6,False,,IGNORED
CT-008740,C02642,SMS,2026-08-07 16:00:00,16,0,False,,IGNORED
CT-008741,C02642,CALL,2026-07-09 17:00:00,17,1,False,,IGNORED
CT-008742,C02643,APP_PUSH,2026-09-10 23:00:00,23,7,False,,IGNORED
CT-008743,C02643,CALL,2026-07-30 22:00:00,22,6,True,2.04,ANSWERED
CT-008744,C02643,CALL,2026-08-19 14:00:00,14,4,False,,IGNORED
CT-008745,C02643,CALL,2026-08-07 23:00:00,23,4,True,1.04,ANSWERED
CT-008746,C02644,SMS,2026-08-21 15:00:00,15,5,True,0.13,ANSWERED
CT-008747,C02644,WHATSAPP,2026-07-08 14:00:00,14,7,False,,IGNORED
CT-008748,C02644,WHATSAPP,2026-06-26 19:00:00,19,3,True,1.8,ANSWERED
CT-008749,C02644,SMS,2026-09-02 17:00:00,17,0,False,,IGNORED
CT-008750,C02645,SMS,2026-08-14 23:00:00,23,9,False,,IGNORED
CT-008751,C02645,SMS,2026-08-15 15:00:00,15,5,True,1.01,ANSWERED
CT-008752,C02645,CALL,2026-08-17 16:00:00,16,3,False,,REJECTED
CT-008753,C02645,WHATSAPP,2026-08-10 15:00:00,15,6,False,,IGNORED
CT-008754,C02646,CALL,2026-08-12 14:00:00,14,7,False,,REJECTED
CT-008755,C02646,SMS,2026-07-23 03:00:00,3,7,False,,IGNORED
CT-008756,C02647,SMS,2026-07-10 03:00:00,3,4,False,,IGNORED
CT-008757,C02647,WHATSAPP,2026-07-20 09:00:00,9,9,True,0.87,ANSWERED
CT-008758,C02647,SMS,2026-07-09 06:00:00,6,8,False,,IGNORED
CT-008759,C02648,SMS,2026-06-18 17:00:00,17,5,True,0.33,ANSWERED
CT-008760,C02648,SMS,2026-06-22 19:00:00,19,2,True,0.25,ANSWERED
CT-008761,C02649,SMS,2026-07-10 16:00:00,16,0,True,1.21,ANSWERED
CT-008762,C02649,CALL,2026-08-30 21:00:00,21,3,False,,REJECTED
CT-008763,C02649,CALL,2026-06-30 14:00:00,14,1,False,,IGNORED
CT-008764,C02649,CALL,2026-07-27 17:00:00,17,0,True,3.66,ANSWERED
CT-008765,C02649,SMS,2026-07-09 20:00:00,20,4,False,,IGNORED
CT-008766,C02649,CALL,2026-07-02 12:00:00,12,-1,False,,REJECTED
CT-008767,C02649,CALL,2026-08-27 19:00:00,19,5,False,,IGNORED
CT-008768,C02650,CALL,2026-07-21 18:00:00,18,5,False,,IGNORED
CT-008769,C02650,APP_PUSH,2026-07-23 18:00:00,18,8,False,,BOUNCED
CT-008770,C02650,APP_PUSH,2026-08-18 14:00:00,14,3,False,,IGNORED
CT-008771,C02651,WHATSAPP,2026-08-24 12:00:00,12,4,False,,REJECTED
CT-008772,C02651,WHATSAPP,2026-07-03 18:00:00,18,3,False,,REJECTED
CT-008773,C02651,APP_PUSH,2026-08-08 19:00:00,19,2,True,0.11,ANSWERED
CT-008774,C02651,APP_PUSH,2026-08-12 17:00:00,17,4,True,0.88,ANSWERED
CT-008775,C02651,SMS,2026-08-11 15:00:00,15,0,False,,BOUNCED
CT-008776,C02651,APP_PUSH,2026-07-01 18:00:00,18,2,True,1.21,ANSWERED
CT-008777,C02652,CALL,2026-07-02 14:00:00,14,5,False,,IGNORED
CT-008778,C02652,APP_PUSH,2026-09-08 13:00:00,13,6,False,,IGNORED
CT-008779,C02653,APP_PUSH,2026-08-29 08:00:00,8,0,False,,REJECTED
CT-008780,C02653,WHATSAPP,2026-09-06 05:00:00,5,4,True,1.4,ANSWERED
CT-008781,C02654,WHATSAPP,2026-06-27 07:00:00,7,2,False,,IGNORED
CT-008782,C02655,CALL,2026-09-06 20:00:00,20,4,True,0.62,ANSWERED
CT-008783,C02655,APP_PUSH,2026-08-25 15:00:00,15,7,True,0.72,ANSWERED
CT-008784,C02655,WHATSAPP,2026-07-05 19:00:00,19,5,True,1.28,ANSWERED
CT-008785,C02656,WHATSAPP,2026-08-12 16:00:00,16,5,True,1.58,ANSWERED
CT-008786,C02656,APP_PUSH,2026-08-01 16:00:00,16,9,True,3.38,ANSWERED
CT-008787,C02656,CALL,2026-06-26 20:00:00,20,6,False,,IGNORED
CT-008788,C02656,SMS,2026-07-06 17:00:00,17,8,False,,IGNORED
CT-008789,C02656,CALL,2026-07-14 17:00:00,17,10,False,,IGNORED
CT-008790,C02656,SMS,2026-09-02 22:00:00,22,6,True,5.67,ANSWERED
CT-008791,C02656,APP_PUSH,2026-06-15 16:00:00,16,6,False,,IGNORED
CT-008792,C02657,APP_PUSH,2026-07-03 19:00:00,19,4,False,,IGNORED
CT-008793,C02657,CALL,2026-08-11 17:00:00,17,3,False,,IGNORED
CT-008794,C02658,WHATSAPP,2026-08-05 23:00:00,23,4,True,0.79,ANSWERED
CT-008795,C02658,APP_PUSH,2026-07-31 12:00:00,12,0,False,,IGNORED
CT-008796,C02658,WHATSAPP,2026-08-20 22:00:00,22,3,True,1.02,ANSWERED
CT-008797,C02659,APP_PUSH,2026-07-07 11:00:00,11,7,True,2.69,ANSWERED
CT-008798,C02659,APP_PUSH,2026-07-11 11:00:00,11,7,False,,IGNORED
CT-008799,C02659,APP_PUSH,2026-07-16 09:00:00,9,8,False,,REJECTED
CT-008800,C02659,APP_PUSH,2026-07-10 08:00:00,8,7,False,,IGNORED
CT-008801,C02660,CALL,2026-09-05 17:00:00,17,6,False,,IGNORED
CT-008802,C02660,WHATSAPP,2026-08-02 17:00:00,17,5,False,,REJECTED
CT-008803,C02660,APP_PUSH,2026-07-07 18:00:00,18,2,False,,REJECTED
CT-008804,C02660,WHATSAPP,2026-08-21 16:00:00,16,5,False,,IGNORED
CT-008805,C02661,APP_PUSH,2026-07-19 13:00:00,13,4,True,0.63,ANSWERED
CT-008806,C02661,WHATSAPP,2026-07-20 15:00:00,15,4,False,,IGNORED
CT-008807,C02661,APP_PUSH,2026-06-26 15:00:00,15,9,False,,REJECTED
CT-008808,C02661,APP_PUSH,2026-09-07 14:00:00,14,6,False,,REJECTED
CT-008809,C02661,APP_PUSH,2026-06-21 12:00:00,12,4,True,1.69,ANSWERED
CT-008810,C02662,APP_PUSH,2026-07-07 14:00:00,14,1,False,,IGNORED
CT-008811,C02662,APP_PUSH,2026-08-08 14:00:00,14,6,False,,REJECTED
CT-008812,C02662,APP_PUSH,2026-09-01 14:00:00,14,2,False,,REJECTED
CT-008813,C02663,WHATSAPP,2026-09-03 13:00:00,13,4,False,,IGNORED
CT-008814,C02663,WHATSAPP,2026-06-21 20:00:00,20,6,False,,BOUNCED
CT-008815,C02664,WHATSAPP,2026-07-31 12:00:00,12,6,False,,IGNORED
CT-008816,C02665,SMS,2026-09-05 15:00:00,15,1,True,0.68,ANSWERED
CT-008817,C02666,SMS,2026-06-28 23:00:00,23,0,True,0.73,ANSWERED
CT-008818,C02667,APP_PUSH,2026-07-12 14:00:00,14,5,False,,IGNORED
CT-008819,C02667,APP_PUSH,2026-07-26 17:00:00,17,0,False,,REJECTED
CT-008820,C02667,WHATSAPP,2026-08-19 11:00:00,11,4,True,0.05,ANSWERED
CT-008821,C02668,SMS,2026-09-02 16:00:00,16,2,False,,IGNORED
CT-008822,C02668,SMS,2026-08-10 17:00:00,17,6,False,,REJECTED
CT-008823,C02668,SMS,2026-07-27 14:00:00,14,8,False,,IGNORED
CT-008824,C02668,APP_PUSH,2026-07-06 19:00:00,19,5,True,7.53,ANSWERED
CT-008825,C02669,CALL,2026-06-29 21:00:00,21,2,False,,IGNORED
CT-008826,C02669,SMS,2026-09-10 18:00:00,18,3,True,3.35,ANSWERED
CT-008827,C02670,WHATSAPP,2026-09-10 20:00:00,20,6,True,2.83,ANSWERED
CT-008828,C02670,WHATSAPP,2026-09-12 14:00:00,14,6,False,,IGNORED
CT-008829,C02671,APP_PUSH,2026-08-18 19:00:00,19,1,False,,BOUNCED
CT-008830,C02672,CALL,2026-07-18 18:00:00,18,6,False,,IGNORED
CT-008831,C02672,SMS,2026-07-05 14:00:00,14,6,False,,IGNORED
CT-008832,C02672,SMS,2026-09-05 11:00:00,11,6,False,,IGNORED
CT-008833,C02672,SMS,2026-08-18 15:00:00,15,6,True,4.44,ANSWERED
CT-008834,C02673,CALL,2026-09-10 09:00:00,9,1,True,1.14,ANSWERED
CT-008835,C02673,APP_PUSH,2026-07-26 12:00:00,12,3,True,4.88,ANSWERED
CT-008836,C02673,APP_PUSH,2026-09-04 08:00:00,8,3,False,,IGNORED
CT-008837,C02674,APP_PUSH,2026-07-02 10:00:00,10,8,True,2.27,ANSWERED
CT-008838,C02674,APP_PUSH,2026-08-24 03:00:00,3,8,False,,IGNORED
CT-008839,C02675,CALL,2026-06-29 14:00:00,14,7,False,,IGNORED
CT-008840,C02675,CALL,2026-08-07 18:00:00,18,6,False,,IGNORED
CT-008841,C02675,CALL,2026-08-22 11:00:00,11,4,True,2.23,ANSWERED
CT-008842,C02676,CALL,2026-07-13 13:00:00,13,4,False,,IGNORED
CT-008843,C02676,WHATSAPP,2026-06-28 12:00:00,12,6,False,,IGNORED
CT-008844,C02677,WHATSAPP,2026-07-07 09:00:00,9,5,True,2.6,ANSWERED
CT-008845,C02677,WHATSAPP,2026-08-02 10:00:00,10,6,True,1.8,ANSWERED
CT-008846,C02677,WHATSAPP,2026-09-12 05:00:00,5,4,False,,IGNORED
CT-008847,C02679,WHATSAPP,2026-07-14 08:00:00,8,8,True,0.88,ANSWERED
CT-008848,C02680,CALL,2026-07-08 10:00:00,10,3,True,1.55,ANSWERED
CT-008849,C02680,CALL,2026-08-27 10:00:00,10,5,False,,IGNORED
CT-008850,C02681,WHATSAPP,2026-08-27 05:00:00,5,6,False,,IGNORED
CT-008851,C02681,APP_PUSH,2026-07-13 15:00:00,15,8,False,,IGNORED
CT-008852,C02681,WHATSAPP,2026-09-03 09:00:00,9,8,False,,IGNORED
CT-008853,C02682,CALL,2026-07-29 06:00:00,6,3,False,,IGNORED
CT-008854,C02683,CALL,2026-07-28 07:00:00,7,2,False,,BOUNCED
CT-008855,C02684,CALL,2026-08-20 13:00:00,13,4,False,,IGNORED
CT-008856,C02684,SMS,2026-07-26 07:00:00,7,0,False,,IGNORED
CT-008857,C02685,CALL,2026-08-30 16:00:00,16,2,True,2.68,ANSWERED
CT-008858,C02685,APP_PUSH,2026-08-29 16:00:00,16,0,False,,IGNORED
CT-008859,C02686,APP_PUSH,2026-08-02 05:00:00,5,1,False,,IGNORED
CT-008860,C02686,APP_PUSH,2026-08-29 09:00:00,9,5,True,1.2,ANSWERED
CT-008861,C02686,CALL,2026-08-10 10:00:00,10,6,True,7.12,ANSWERED
CT-008862,C02687,SMS,2026-08-07 12:00:00,12,1,False,,IGNORED
CT-008863,C02688,WHATSAPP,2026-06-20 14:00:00,14,8,False,,IGNORED
CT-008864,C02688,APP_PUSH,2026-07-31 13:00:00,13,6,False,,IGNORED
CT-008865,C02689,SMS,2026-06-26 18:00:00,18,6,False,,IGNORED
CT-008866,C02689,WHATSAPP,2026-07-05 18:00:00,18,5,False,,REJECTED
CT-008867,C02689,SMS,2026-07-12 20:00:00,20,5,False,,IGNORED
CT-008868,C02690,APP_PUSH,2026-08-16 08:00:00,8,3,False,,IGNORED
CT-008869,C02690,WHATSAPP,2026-08-26 10:00:00,10,7,True,2.21,ANSWERED
CT-008870,C02690,CALL,2026-08-16 07:00:00,7,7,False,,IGNORED
CT-008871,C02690,CALL,2026-08-02 05:00:00,5,6,False,,IGNORED
CT-008872,C02690,CALL,2026-06-18 08:00:00,8,3,False,,REJECTED
CT-008873,C02691,CALL,2026-06-20 16:00:00,16,6,False,,IGNORED
CT-008874,C02691,WHATSAPP,2026-08-16 21:00:00,21,8,True,11.13,ANSWERED
CT-008875,C02691,SMS,2026-07-20 23:00:00,23,8,False,,IGNORED
CT-008876,C02691,CALL,2026-08-24 22:00:00,22,8,False,,IGNORED
CT-008877,C02692,APP_PUSH,2026-09-01 07:00:00,7,7,False,,BOUNCED
CT-008878,C02692,APP_PUSH,2026-06-17 05:00:00,5,8,False,,IGNORED
CT-008879,C02693,APP_PUSH,2026-07-14 07:00:00,7,6,False,,IGNORED
CT-008880,C02694,WHATSAPP,2026-06-29 15:00:00,15,6,False,,REJECTED
CT-008881,C02694,CALL,2026-06-18 08:00:00,8,4,False,,BOUNCED
CT-008882,C02694,APP_PUSH,2026-09-03 06:00:00,6,3,False,,IGNORED
CT-008883,C02694,APP_PUSH,2026-07-22 11:00:00,11,2,True,5.96,ANSWERED
CT-008884,C02694,APP_PUSH,2026-08-28 10:00:00,10,3,True,1.58,ANSWERED
CT-008885,C02695,SMS,2026-06-20 06:00:00,6,7,False,,IGNORED
CT-008886,C02695,APP_PUSH,2026-08-20 09:00:00,9,3,False,,IGNORED
CT-008887,C02695,SMS,2026-09-02 07:00:00,7,6,False,,IGNORED
CT-008888,C02695,WHATSAPP,2026-06-20 09:00:00,9,3,False,,IGNORED
CT-008889,C02696,SMS,2026-07-08 09:00:00,9,8,False,,BOUNCED
CT-008890,C02696,CALL,2026-07-08 04:00:00,4,5,False,,REJECTED
CT-008891,C02696,WHATSAPP,2026-08-04 16:00:00,16,5,False,,IGNORED
CT-008892,C02696,SMS,2026-08-15 12:00:00,12,7,True,1.41,ANSWERED
CT-008893,C02698,CALL,2026-06-23 02:00:00,2,6,False,,IGNORED
CT-008894,C02699,APP_PUSH,2026-07-30 20:00:00,20,4,False,,IGNORED
CT-008895,C02699,APP_PUSH,2026-06-19 21:00:00,21,4,True,0.89,ANSWERED
CT-008896,C02700,APP_PUSH,2026-08-10 19:00:00,19,4,False,,REJECTED
CT-008897,C02701,CALL,2026-08-12 11:00:00,11,6,True,1.57,ANSWERED
CT-008898,C02701,CALL,2026-09-02 11:00:00,11,6,True,1.17,ANSWERED
CT-008899,C02701,CALL,2026-07-20 12:00:00,12,7,True,2.21,ANSWERED
CT-008900,C02701,CALL,2026-06-25 06:00:00,6,6,False,,IGNORED
CT-008901,C02701,CALL,2026-08-06 09:00:00,9,7,True,7.72,ANSWERED
CT-008902,C02702,APP_PUSH,2026-08-15 07:00:00,7,0,True,3.89,ANSWERED
CT-008903,C02702,APP_PUSH,2026-06-21 03:00:00,3,2,True,2.63,ANSWERED
CT-008904,C02703,APP_PUSH,2026-08-23 14:00:00,14,0,False,,IGNORED
CT-008905,C02703,WHATSAPP,2026-08-17 09:00:00,9,6,True,0.56,ANSWERED
CT-008906,C02703,APP_PUSH,2026-09-08 14:00:00,14,6,False,,IGNORED
CT-008907,C02704,SMS,2026-08-10 17:00:00,17,4,True,4.44,ANSWERED
CT-008908,C02704,APP_PUSH,2026-07-12 22:00:00,22,8,False,,REJECTED
CT-008909,C02704,APP_PUSH,2026-08-19 19:00:00,19,5,True,2.72,ANSWERED
CT-008910,C02704,CALL,2026-07-17 19:00:00,19,6,True,0.99,ANSWERED
CT-008911,C02705,APP_PUSH,2026-06-25 19:00:00,19,4,False,,IGNORED
CT-008912,C02705,WHATSAPP,2026-07-29 20:00:00,20,3,True,8.72,ANSWERED
CT-008913,C02705,APP_PUSH,2026-06-28 22:00:00,22,4,False,,IGNORED
CT-008914,C02705,WHATSAPP,2026-06-22 19:00:00,19,4,True,3.7,ANSWERED
CT-008915,C02706,CALL,2026-08-04 15:00:00,15,0,False,,IGNORED
CT-008916,C02706,CALL,2026-07-15 22:00:00,22,3,True,0.79,ANSWERED
CT-008917,C02706,SMS,2026-07-30 20:00:00,20,0,False,,IGNORED
CT-008918,C02707,WHATSAPP,2026-08-24 14:00:00,14,6,True,0.1,ANSWERED
CT-008919,C02707,SMS,2026-08-12 21:00:00,21,2,False,,IGNORED
CT-008920,C02707,WHATSAPP,2026-08-09 20:00:00,20,6,False,,IGNORED
CT-008921,C02707,WHATSAPP,2026-09-04 17:00:00,17,3,False,,IGNORED
CT-008922,C02707,WHATSAPP,2026-08-24 17:00:00,17,5,True,0.03,ANSWERED
CT-008923,C02708,SMS,2026-06-15 17:00:00,17,5,True,2.01,ANSWERED
CT-008924,C02709,CALL,2026-07-19 16:00:00,16,6,True,0.53,ANSWERED
CT-008925,C02709,CALL,2026-07-30 16:00:00,16,5,False,,REJECTED
CT-008926,C02709,WHATSAPP,2026-06-18 14:00:00,14,7,True,2.79,ANSWERED
CT-008927,C02709,WHATSAPP,2026-08-19 14:00:00,14,7,True,1.65,ANSWERED
CT-008928,C02709,APP_PUSH,2026-07-30 11:00:00,11,10,False,,IGNORED
CT-008929,C02710,WHATSAPP,2026-09-06 10:00:00,10,5,True,2.11,ANSWERED
CT-008930,C02710,SMS,2026-08-08 13:00:00,13,7,False,,IGNORED
CT-008931,C02710,SMS,2026-08-16 13:00:00,13,5,False,,REJECTED
CT-008932,C02711,SMS,2026-07-12 16:00:00,16,4,False,,IGNORED
CT-008933,C02711,APP_PUSH,2026-06-23 17:00:00,17,4,True,2.13,ANSWERED
CT-008934,C02711,CALL,2026-09-11 16:00:00,16,6,False,,IGNORED
CT-008935,C02711,WHATSAPP,2026-07-07 17:00:00,17,3,False,,REJECTED
CT-008936,C02711,CALL,2026-08-27 16:00:00,16,5,False,,IGNORED
CT-008937,C02711,CALL,2026-07-10 18:00:00,18,6,False,,IGNORED
CT-008938,C02712,CALL,2026-08-31 10:00:00,10,1,False,,BOUNCED
CT-008939,C02712,CALL,2026-07-30 11:00:00,11,1,False,,IGNORED
CT-008940,C02713,CALL,2026-08-13 12:00:00,12,2,False,,BOUNCED
CT-008941,C02713,CALL,2026-08-05 07:00:00,7,0,False,,IGNORED
CT-008942,C02713,CALL,2026-08-22 09:00:00,9,5,False,,IGNORED
CT-008943,C02713,WHATSAPP,2026-08-07 09:00:00,9,4,False,,IGNORED
CT-008944,C02714,CALL,2026-09-10 13:00:00,13,4,True,4.72,ANSWERED
CT-008945,C02714,CALL,2026-07-27 17:00:00,17,7,False,,IGNORED
CT-008946,C02714,APP_PUSH,2026-07-19 11:00:00,11,2,True,5.74,ANSWERED
CT-008947,C02714,CALL,2026-07-02 16:00:00,16,4,True,0.56,ANSWERED
CT-008948,C02714,APP_PUSH,2026-08-11 10:00:00,10,7,False,,REJECTED
CT-008949,C02715,WHATSAPP,2026-07-25 06:00:00,6,7,False,,IGNORED
CT-008950,C02715,CALL,2026-09-06 07:00:00,7,7,False,,IGNORED
CT-008951,C02715,CALL,2026-07-12 05:00:00,5,11,False,,REJECTED
CT-008952,C02716,WHATSAPP,2026-06-15 17:00:00,17,5,False,,IGNORED
CT-008953,C02716,CALL,2026-07-02 17:00:00,17,5,False,,IGNORED
CT-008954,C02716,CALL,2026-07-02 19:00:00,19,1,False,,IGNORED
CT-008955,C02717,WHATSAPP,2026-07-18 16:00:00,16,3,True,2.71,ANSWERED
CT-008956,C02717,WHATSAPP,2026-07-03 17:00:00,17,5,False,,IGNORED
CT-008957,C02717,WHATSAPP,2026-09-01 20:00:00,20,2,False,,BOUNCED
CT-008958,C02717,WHATSAPP,2026-07-06 13:00:00,13,2,False,,REJECTED
CT-008959,C02718,WHATSAPP,2026-08-23 12:00:00,12,0,False,,IGNORED
CT-008960,C02718,APP_PUSH,2026-07-16 18:00:00,18,3,True,1.59,ANSWERED
CT-008961,C02718,APP_PUSH,2026-07-05 13:00:00,13,2,True,0.38,ANSWERED
CT-008962,C02718,APP_PUSH,2026-08-16 18:00:00,18,2,False,,IGNORED
CT-008963,C02718,WHATSAPP,2026-07-03 19:00:00,19,1,False,,IGNORED
CT-008964,C02718,APP_PUSH,2026-07-28 19:00:00,19,2,False,,IGNORED
CT-008965,C02719,CALL,2026-07-19 19:00:00,19,6,True,0.72,ANSWERED
CT-008966,C02719,WHATSAPP,2026-08-21 22:00:00,22,8,False,,IGNORED
CT-008967,C02719,CALL,2026-07-09 22:00:00,22,7,False,,IGNORED
CT-008968,C02720,CALL,2026-07-24 14:00:00,14,5,False,,IGNORED
CT-008969,C02720,APP_PUSH,2026-07-20 08:00:00,8,1,False,,IGNORED
CT-008970,C02720,APP_PUSH,2026-06-21 14:00:00,14,6,False,,IGNORED
CT-008971,C02721,SMS,2026-08-05 07:00:00,7,7,True,0.08,ANSWERED
CT-008972,C02721,WHATSAPP,2026-07-31 11:00:00,11,4,True,2.81,ANSWERED
CT-008973,C02721,SMS,2026-06-30 11:00:00,11,9,False,,REJECTED
CT-008974,C02721,WHATSAPP,2026-09-01 11:00:00,11,3,False,,IGNORED
CT-008975,C02721,SMS,2026-08-04 09:00:00,9,7,False,,REJECTED
CT-008976,C02723,SMS,2026-08-27 17:00:00,17,6,True,1.53,ANSWERED
CT-008977,C02723,SMS,2026-08-27 23:00:00,23,6,True,0.67,ANSWERED
CT-008978,C02723,SMS,2026-09-11 21:00:00,21,6,True,2.21,ANSWERED
CT-008979,C02723,APP_PUSH,2026-08-25 18:00:00,18,7,False,,IGNORED
CT-008980,C02724,APP_PUSH,2026-06-16 21:00:00,21,4,False,,IGNORED
CT-008981,C02724,APP_PUSH,2026-07-28 19:00:00,19,6,False,,BOUNCED
CT-008982,C02725,APP_PUSH,2026-08-29 18:00:00,18,4,True,0.6,ANSWERED
CT-008983,C02725,APP_PUSH,2026-06-29 21:00:00,21,6,True,1.82,ANSWERED
CT-008984,C02725,WHATSAPP,2026-07-07 21:00:00,21,3,False,,IGNORED
CT-008985,C02725,APP_PUSH,2026-08-11 20:00:00,20,6,False,,BOUNCED
CT-008986,C02725,WHATSAPP,2026-08-28 19:00:00,19,6,False,,IGNORED
CT-008987,C02726,WHATSAPP,2026-09-08 08:00:00,8,2,True,0.21,ANSWERED
CT-008988,C02726,APP_PUSH,2026-06-22 09:00:00,9,2,False,,BOUNCED
CT-008989,C02726,WHATSAPP,2026-07-05 08:00:00,8,4,False,,IGNORED
CT-008990,C02727,WHATSAPP,2026-06-16 16:00:00,16,2,True,3.4,ANSWERED
CT-008991,C02727,CALL,2026-06-20 18:00:00,18,5,True,13.59,ANSWERED
CT-008992,C02727,WHATSAPP,2026-07-24 17:00:00,17,3,False,,REJECTED
CT-008993,C02728,CALL,2026-08-26 23:00:00,23,5,False,,REJECTED
CT-008994,C02728,WHATSAPP,2026-09-03 21:00:00,21,2,True,3.36,ANSWERED
CT-008995,C02729,SMS,2026-09-03 18:00:00,18,2,False,,IGNORED
CT-008996,C02729,WHATSAPP,2026-08-28 20:00:00,20,2,False,,REJECTED
CT-008997,C02729,WHATSAPP,2026-07-09 15:00:00,15,3,False,,IGNORED
CT-008998,C02729,WHATSAPP,2026-07-17 13:00:00,13,1,True,6.6,ANSWERED
CT-008999,C02729,WHATSAPP,2026-07-28 16:00:00,16,4,True,1.12,ANSWERED
CT-009000,C02729,WHATSAPP,2026-08-08 11:00:00,11,0,False,,BOUNCED
CT-009001,C02730,CALL,2026-07-23 23:00:00,23,5,True,0.15,ANSWERED
CT-009002,C02730,CALL,2026-08-06 22:00:00,22,10,False,,IGNORED
CT-009003,C02730,SMS,2026-08-27 19:00:00,19,9,False,,REJECTED
CT-009004,C02730,CALL,2026-08-02 23:00:00,23,2,False,,IGNORED
CT-009005,C02730,SMS,2026-08-03 22:00:00,22,5,False,,IGNORED
CT-009006,C02730,SMS,2026-08-06 16:00:00,16,4,False,,REJECTED
CT-009007,C02731,CALL,2026-07-21 07:00:00,7,6,False,,IGNORED
CT-009008,C02731,CALL,2026-06-20 08:00:00,8,3,True,1.85,ANSWERED
CT-009009,C02731,CALL,2026-09-08 08:00:00,8,6,True,0.73,ANSWERED
CT-009010,C02731,SMS,2026-09-09 09:00:00,9,10,False,,IGNORED
CT-009011,C02732,SMS,2026-08-01 09:00:00,9,5,True,4.19,ANSWERED
CT-009012,C02733,CALL,2026-08-13 11:00:00,11,9,False,,IGNORED
CT-009013,C02733,CALL,2026-07-29 08:00:00,8,6,True,3.86,ANSWERED
CT-009014,C02734,WHATSAPP,2026-07-13 12:00:00,12,-2,False,,IGNORED
CT-009015,C02734,WHATSAPP,2026-06-15 12:00:00,12,0,False,,REJECTED
CT-009016,C02734,SMS,2026-06-28 07:00:00,7,3,True,1.73,ANSWERED
CT-009017,C02734,SMS,2026-07-20 14:00:00,14,1,True,1.92,ANSWERED
CT-009018,C02736,CALL,2026-08-23 11:00:00,11,4,False,,IGNORED
CT-009019,C02736,CALL,2026-07-30 08:00:00,8,2,False,,IGNORED
CT-009020,C02736,WHATSAPP,2026-08-19 10:00:00,10,2,True,2.92,ANSWERED
CT-009021,C02737,APP_PUSH,2026-07-20 09:00:00,9,0,False,,IGNORED
CT-009022,C02737,SMS,2026-08-22 06:00:00,6,2,False,,IGNORED
CT-009023,C02738,SMS,2026-07-27 20:00:00,20,9,False,,IGNORED
CT-009024,C02738,SMS,2026-07-14 15:00:00,15,7,False,,IGNORED
CT-009025,C02738,APP_PUSH,2026-07-02 18:00:00,18,7,True,2.99,ANSWERED
CT-009026,C02739,APP_PUSH,2026-08-01 03:00:00,3,6,False,,REJECTED
CT-009027,C02739,APP_PUSH,2026-07-10 08:00:00,8,4,False,,IGNORED
CT-009028,C02739,CALL,2026-07-04 09:00:00,9,5,True,2.78,ANSWERED
CT-009029,C02739,APP_PUSH,2026-07-03 11:00:00,11,4,True,0.38,ANSWERED
CT-009030,C02739,APP_PUSH,2026-08-06 06:00:00,6,5,True,0.46,ANSWERED
CT-009031,C02740,APP_PUSH,2026-08-09 15:00:00,15,4,True,0.41,ANSWERED
CT-009032,C02740,WHATSAPP,2026-09-11 14:00:00,14,3,False,,IGNORED
CT-009033,C02740,SMS,2026-07-01 11:00:00,11,3,False,,IGNORED
CT-009034,C02740,WHATSAPP,2026-08-13 12:00:00,12,5,False,,REJECTED
CT-009035,C02740,WHATSAPP,2026-06-19 20:00:00,20,3,False,,IGNORED
CT-009036,C02740,CALL,2026-06-27 06:00:00,6,-3,False,,IGNORED
CT-009037,C02741,SMS,2026-08-12 13:00:00,13,6,False,,IGNORED
CT-009038,C02741,SMS,2026-07-23 12:00:00,12,6,True,0.26,ANSWERED
CT-009039,C02742,WHATSAPP,2026-08-13 14:00:00,14,1,False,,IGNORED
CT-009040,C02742,WHATSAPP,2026-07-27 17:00:00,17,6,False,,IGNORED
CT-009041,C02742,APP_PUSH,2026-08-15 17:00:00,17,0,True,1.66,ANSWERED
CT-009042,C02742,CALL,2026-08-13 14:00:00,14,4,False,,IGNORED
CT-009043,C02744,WHATSAPP,2026-08-06 11:00:00,11,2,True,1.76,ANSWERED
CT-009044,C02744,WHATSAPP,2026-08-19 15:00:00,15,5,False,,BOUNCED
CT-009045,C02744,APP_PUSH,2026-08-12 09:00:00,9,4,False,,IGNORED
CT-009046,C02744,APP_PUSH,2026-08-24 06:00:00,6,7,False,,IGNORED
CT-009047,C02745,SMS,2026-07-23 16:00:00,16,3,True,3.86,ANSWERED
CT-009048,C02745,SMS,2026-08-29 14:00:00,14,6,False,,IGNORED
CT-009049,C02745,SMS,2026-06-25 14:00:00,14,4,False,,IGNORED
CT-009050,C02746,CALL,2026-07-05 20:00:00,20,8,False,,IGNORED
CT-009051,C02746,WHATSAPP,2026-07-28 19:00:00,19,1,True,1.29,ANSWERED
CT-009052,C02746,WHATSAPP,2026-07-15 17:00:00,17,3,False,,IGNORED
CT-009053,C02746,CALL,2026-06-25 14:00:00,14,4,False,,BOUNCED
CT-009054,C02747,WHATSAPP,2026-09-10 20:00:00,20,6,True,0.31,ANSWERED
CT-009055,C02747,WHATSAPP,2026-07-25 17:00:00,17,2,True,0.89,ANSWERED
CT-009056,C02747,WHATSAPP,2026-06-19 18:00:00,18,1,True,1.69,ANSWERED
CT-009057,C02747,WHATSAPP,2026-08-27 18:00:00,18,4,True,4.12,ANSWERED
CT-009058,C02748,CALL,2026-08-15 19:00:00,19,4,True,0.49,ANSWERED
CT-009059,C02748,CALL,2026-08-06 21:00:00,21,5,True,1.89,ANSWERED
CT-009060,C02749,APP_PUSH,2026-07-03 15:00:00,15,5,True,0.03,ANSWERED
CT-009061,C02749,CALL,2026-06-15 12:00:00,12,7,False,,BOUNCED
CT-009062,C02750,APP_PUSH,2026-07-05 18:00:00,18,8,False,,IGNORED
CT-009063,C02751,WHATSAPP,2026-08-14 18:00:00,18,1,False,,IGNORED
CT-009064,C02751,WHATSAPP,2026-06-16 13:00:00,13,3,False,,IGNORED
CT-009065,C02751,CALL,2026-06-23 11:00:00,11,4,False,,REJECTED
CT-009066,C02751,WHATSAPP,2026-09-03 05:00:00,5,0,False,,REJECTED
CT-009067,C02751,CALL,2026-08-18 09:00:00,9,4,False,,IGNORED
CT-009068,C02752,APP_PUSH,2026-08-25 04:00:00,4,3,False,,IGNORED
CT-009069,C02752,CALL,2026-06-15 11:00:00,11,4,False,,IGNORED
CT-009070,C02753,APP_PUSH,2026-08-06 10:00:00,10,3,False,,IGNORED
CT-009071,C02753,WHATSAPP,2026-08-12 12:00:00,12,3,False,,REJECTED
CT-009072,C02754,SMS,2026-09-01 11:00:00,11,7,True,0.98,ANSWERED
CT-009073,C02754,APP_PUSH,2026-09-09 10:00:00,10,5,False,,IGNORED
CT-009074,C02754,WHATSAPP,2026-06-17 12:00:00,12,4,False,,IGNORED
CT-009075,C02754,SMS,2026-07-01 10:00:00,10,4,False,,IGNORED
CT-009076,C02754,WHATSAPP,2026-06-22 14:00:00,14,4,False,,IGNORED
CT-009077,C02754,SMS,2026-08-24 04:00:00,4,3,False,,IGNORED
CT-009078,C02755,WHATSAPP,2026-06-21 18:00:00,18,5,False,,IGNORED
CT-009079,C02755,WHATSAPP,2026-08-25 16:00:00,16,5,False,,IGNORED
CT-009080,C02755,SMS,2026-07-20 18:00:00,18,3,True,2.07,ANSWERED
CT-009081,C02755,WHATSAPP,2026-06-29 12:00:00,12,2,False,,IGNORED
CT-009082,C02755,SMS,2026-09-05 13:00:00,13,3,False,,IGNORED
CT-009083,C02756,CALL,2026-07-14 07:00:00,7,1,False,,IGNORED
CT-009084,C02756,SMS,2026-08-26 08:00:00,8,8,False,,IGNORED
CT-009085,C02756,SMS,2026-08-09 07:00:00,7,8,False,,IGNORED
CT-009086,C02756,APP_PUSH,2026-09-09 15:00:00,15,5,False,,IGNORED
CT-009087,C02756,APP_PUSH,2026-08-10 13:00:00,13,4,False,,IGNORED
CT-009088,C02757,WHATSAPP,2026-08-05 08:00:00,8,3,True,5.94,ANSWERED
CT-009089,C02757,APP_PUSH,2026-06-21 06:00:00,6,3,False,,IGNORED
CT-009090,C02757,APP_PUSH,2026-09-11 05:00:00,5,4,False,,BOUNCED
CT-009091,C02758,CALL,2026-08-09 12:00:00,12,1,True,0.21,ANSWERED
CT-009092,C02758,WHATSAPP,2026-06-16 09:00:00,9,5,False,,IGNORED
CT-009093,C02758,APP_PUSH,2026-07-28 16:00:00,16,5,False,,IGNORED
CT-009094,C02759,APP_PUSH,2026-06-28 23:00:00,23,1,False,,IGNORED
CT-009095,C02759,WHATSAPP,2026-06-15 20:00:00,20,6,False,,IGNORED
CT-009096,C02759,SMS,2026-06-24 19:00:00,19,4,True,0.62,ANSWERED
CT-009097,C02759,WHATSAPP,2026-09-01 21:00:00,21,3,True,4.54,ANSWERED
CT-009098,C02760,WHATSAPP,2026-08-24 09:00:00,9,3,False,,IGNORED
CT-009099,C02760,SMS,2026-08-22 15:00:00,15,2,True,3.51,ANSWERED
CT-009100,C02760,APP_PUSH,2026-08-10 08:00:00,8,4,False,,IGNORED
CT-009101,C02761,SMS,2026-06-24 11:00:00,11,6,True,0.95,ANSWERED
CT-009102,C02761,SMS,2026-07-25 14:00:00,14,2,False,,IGNORED
CT-009103,C02761,WHATSAPP,2026-06-30 11:00:00,11,4,False,,IGNORED
CT-009104,C02761,APP_PUSH,2026-08-01 14:00:00,14,5,False,,IGNORED
CT-009105,C02761,CALL,2026-07-29 09:00:00,9,10,False,,IGNORED
CT-009106,C02761,SMS,2026-09-12 13:00:00,13,5,True,0.76,ANSWERED
CT-009107,C02762,CALL,2026-07-18 15:00:00,15,1,False,,IGNORED
CT-009108,C02762,WHATSAPP,2026-09-12 12:00:00,12,0,False,,REJECTED
CT-009109,C02762,SMS,2026-08-19 11:00:00,11,2,False,,IGNORED
CT-009110,C02762,WHATSAPP,2026-06-29 12:00:00,12,3,True,3.22,ANSWERED
CT-009111,C02762,CALL,2026-06-29 12:00:00,12,1,False,,IGNORED
CT-009112,C02762,CALL,2026-07-19 19:00:00,19,3,True,1.2,ANSWERED
CT-009113,C02762,SMS,2026-06-19 17:00:00,17,0,False,,IGNORED
CT-009114,C02762,SMS,2026-06-17 12:00:00,12,6,False,,IGNORED
CT-009115,C02763,SMS,2026-06-28 05:00:00,5,2,False,,IGNORED
CT-009116,C02763,SMS,2026-07-29 01:00:00,1,2,False,,REJECTED
CT-009117,C02764,CALL,2026-08-30 16:00:00,16,3,False,,IGNORED
CT-009118,C02764,SMS,2026-09-12 20:00:00,20,3,False,,IGNORED
CT-009119,C02764,CALL,2026-07-23 11:00:00,11,6,False,,IGNORED
CT-009120,C02764,APP_PUSH,2026-07-18 23:00:00,23,2,False,,IGNORED
CT-009121,C02764,APP_PUSH,2026-07-06 12:00:00,12,0,False,,IGNORED
CT-009122,C02765,SMS,2026-08-24 10:00:00,10,3,False,,IGNORED
CT-009123,C02765,WHATSAPP,2026-08-31 12:00:00,12,9,False,,IGNORED
CT-009124,C02765,SMS,2026-07-18 09:00:00,9,7,True,2.71,ANSWERED
CT-009125,C02765,SMS,2026-07-12 17:00:00,17,7,False,,IGNORED
CT-009126,C02766,CALL,2026-09-05 11:00:00,11,3,True,0.16,ANSWERED
CT-009127,C02766,WHATSAPP,2026-08-08 08:00:00,8,7,True,0.74,ANSWERED
CT-009128,C02766,CALL,2026-09-12 15:00:00,15,5,True,1.38,ANSWERED
CT-009129,C02766,WHATSAPP,2026-08-09 11:00:00,11,8,True,2.22,ANSWERED
CT-009130,C02766,SMS,2026-08-04 13:00:00,13,4,False,,IGNORED
CT-009131,C02766,CALL,2026-08-12 04:00:00,4,5,False,,IGNORED
CT-009132,C02767,APP_PUSH,2026-07-06 18:00:00,18,2,False,,REJECTED
CT-009133,C02768,CALL,2026-07-22 11:00:00,11,6,True,1.6,ANSWERED
CT-009134,C02769,CALL,2026-07-08 08:00:00,8,4,False,,IGNORED
CT-009135,C02769,WHATSAPP,2026-08-02 10:00:00,10,1,False,,REJECTED
CT-009136,C02769,APP_PUSH,2026-07-15 06:00:00,6,6,True,2.08,ANSWERED
CT-009137,C02769,SMS,2026-06-28 09:00:00,9,2,False,,IGNORED
CT-009138,C02769,SMS,2026-06-24 01:00:00,1,8,False,,IGNORED
CT-009139,C02770,APP_PUSH,2026-06-22 10:00:00,10,6,True,2.28,ANSWERED
CT-009140,C02770,APP_PUSH,2026-07-28 04:00:00,4,6,False,,IGNORED
CT-009141,C02770,APP_PUSH,2026-09-11 08:00:00,8,6,True,0.24,ANSWERED
CT-009142,C02770,WHATSAPP,2026-07-18 02:00:00,2,3,False,,IGNORED
CT-009143,C02770,APP_PUSH,2026-09-12 01:00:00,1,4,False,,IGNORED
CT-009144,C02770,APP_PUSH,2026-06-16 08:00:00,8,7,False,,BOUNCED
CT-009145,C02771,CALL,2026-08-15 14:00:00,14,5,True,2.26,ANSWERED
CT-009146,C02771,CALL,2026-06-25 13:00:00,13,4,False,,IGNORED
CT-009147,C02771,CALL,2026-06-25 16:00:00,16,4,True,0.18,ANSWERED
CT-009148,C02771,SMS,2026-08-26 14:00:00,14,1,False,,IGNORED
CT-009149,C02771,CALL,2026-07-26 08:00:00,8,4,False,,IGNORED
CT-009150,C02771,CALL,2026-06-27 16:00:00,16,0,True,0.23,ANSWERED
CT-009151,C02771,CALL,2026-08-01 08:00:00,8,0,False,,IGNORED
CT-009152,C02771,CALL,2026-07-01 14:00:00,14,3,False,,IGNORED
CT-009153,C02771,APP_PUSH,2026-07-19 07:00:00,7,6,False,,IGNORED
CT-009154,C02772,SMS,2026-07-27 14:00:00,14,3,False,,IGNORED
CT-009155,C02772,SMS,2026-08-09 08:00:00,8,2,False,,REJECTED
CT-009156,C02772,SMS,2026-07-08 10:00:00,10,4,False,,IGNORED
CT-009157,C02772,CALL,2026-09-09 13:00:00,13,2,True,3.11,ANSWERED
CT-009158,C02772,SMS,2026-09-06 09:00:00,9,4,True,11.27,ANSWERED
CT-009159,C02772,WHATSAPP,2026-09-11 13:00:00,13,3,False,,IGNORED
CT-009160,C02772,WHATSAPP,2026-07-19 13:00:00,13,2,False,,IGNORED
CT-009161,C02773,WHATSAPP,2026-07-04 18:00:00,18,6,False,,IGNORED
CT-009162,C02773,APP_PUSH,2026-08-29 15:00:00,15,3,False,,IGNORED
CT-009163,C02774,WHATSAPP,2026-07-21 05:00:00,5,2,False,,IGNORED
CT-009164,C02774,WHATSAPP,2026-08-31 05:00:00,5,5,True,2.19,ANSWERED
CT-009165,C02774,SMS,2026-08-21 10:00:00,10,3,True,3.5,ANSWERED
CT-009166,C02775,APP_PUSH,2026-08-16 13:00:00,13,5,False,,IGNORED
CT-009167,C02775,CALL,2026-09-08 07:00:00,7,10,False,,REJECTED
CT-009168,C02776,SMS,2026-08-12 08:00:00,8,6,False,,IGNORED
CT-009169,C02776,SMS,2026-07-13 13:00:00,13,6,True,0.79,ANSWERED
CT-009170,C02776,SMS,2026-07-02 08:00:00,8,8,False,,IGNORED
CT-009171,C02776,SMS,2026-08-02 14:00:00,14,6,False,,REJECTED
CT-009172,C02777,SMS,2026-08-10 19:00:00,19,6,False,,IGNORED
CT-009173,C02777,CALL,2026-07-26 22:00:00,22,5,False,,IGNORED
CT-009174,C02777,CALL,2026-08-21 20:00:00,20,4,False,,IGNORED
CT-009175,C02778,SMS,2026-06-20 21:00:00,21,0,False,,IGNORED
CT-009176,C02779,APP_PUSH,2026-06-29 09:00:00,9,5,False,,IGNORED
CT-009177,C02779,CALL,2026-06-22 02:00:00,2,3,False,,IGNORED
CT-009178,C02780,WHATSAPP,2026-06-24 08:00:00,8,6,True,0.89,ANSWERED
CT-009179,C02780,WHATSAPP,2026-07-29 12:00:00,12,4,True,2.37,ANSWERED
CT-009180,C02781,SMS,2026-08-19 18:00:00,18,7,False,,REJECTED
CT-009181,C02781,SMS,2026-07-22 15:00:00,15,9,True,2.37,ANSWERED
CT-009182,C02782,CALL,2026-06-21 15:00:00,15,3,False,,IGNORED
CT-009183,C02782,CALL,2026-06-27 18:00:00,18,10,False,,IGNORED
CT-009184,C02783,WHATSAPP,2026-08-10 10:00:00,10,5,False,,IGNORED
CT-009185,C02783,SMS,2026-08-21 05:00:00,5,1,False,,IGNORED
CT-009186,C02783,WHATSAPP,2026-08-15 06:00:00,6,1,False,,IGNORED
CT-009187,C02783,WHATSAPP,2026-06-30 08:00:00,8,6,False,,REJECTED
CT-009188,C02783,WHATSAPP,2026-07-06 15:00:00,15,2,False,,IGNORED
CT-009189,C02784,APP_PUSH,2026-08-15 09:00:00,9,5,False,,REJECTED
CT-009190,C02784,APP_PUSH,2026-08-07 09:00:00,9,6,True,4.35,ANSWERED
CT-009191,C02785,APP_PUSH,2026-08-09 18:00:00,18,7,False,,BOUNCED
CT-009192,C02785,CALL,2026-07-26 18:00:00,18,4,False,,IGNORED
CT-009193,C02786,SMS,2026-06-17 18:00:00,18,5,True,0.87,ANSWERED
CT-009194,C02787,APP_PUSH,2026-06-18 17:00:00,17,3,False,,IGNORED
CT-009195,C02787,APP_PUSH,2026-07-21 19:00:00,19,5,False,,REJECTED
CT-009196,C02787,SMS,2026-06-24 17:00:00,17,8,False,,REJECTED
CT-009197,C02788,APP_PUSH,2026-07-16 13:00:00,13,7,True,3.32,ANSWERED
CT-009198,C02788,WHATSAPP,2026-06-16 14:00:00,14,5,False,,IGNORED
CT-009199,C02788,APP_PUSH,2026-08-01 14:00:00,14,6,True,4.13,ANSWERED
CT-009200,C02788,CALL,2026-06-26 18:00:00,18,11,True,2.79,ANSWERED
CT-009201,C02788,SMS,2026-07-31 13:00:00,13,7,False,,IGNORED
CT-009202,C02788,APP_PUSH,2026-06-20 12:00:00,12,7,False,,IGNORED
CT-009203,C02788,APP_PUSH,2026-08-20 17:00:00,17,7,True,1.21,ANSWERED
CT-009204,C02789,APP_PUSH,2026-07-17 21:00:00,21,6,False,,IGNORED
CT-009205,C02789,APP_PUSH,2026-07-11 13:00:00,13,6,False,,IGNORED
CT-009206,C02789,WHATSAPP,2026-07-30 12:00:00,12,2,False,,IGNORED
CT-009207,C02789,APP_PUSH,2026-08-14 14:00:00,14,3,True,2.38,ANSWERED
CT-009208,C02790,CALL,2026-09-08 03:00:00,3,2,False,,REJECTED
CT-009209,C02790,APP_PUSH,2026-07-04 09:00:00,9,0,False,,REJECTED
CT-009210,C02791,APP_PUSH,2026-07-25 13:00:00,13,2,False,,IGNORED
CT-009211,C02791,WHATSAPP,2026-08-16 15:00:00,15,2,True,1.15,ANSWERED
CT-009212,C02792,WHATSAPP,2026-08-29 07:00:00,7,4,True,0.48,ANSWERED
CT-009213,C02792,WHATSAPP,2026-08-11 09:00:00,9,4,True,1.83,ANSWERED
CT-009214,C02792,WHATSAPP,2026-07-06 08:00:00,8,2,True,0.85,ANSWERED
CT-009215,C02792,WHATSAPP,2026-08-27 11:00:00,11,6,False,,REJECTED
CT-009216,C02793,SMS,2026-06-15 14:00:00,14,3,False,,IGNORED
CT-009217,C02793,SMS,2026-09-12 10:00:00,10,2,False,,REJECTED
CT-009218,C02793,CALL,2026-06-18 04:00:00,4,2,False,,IGNORED
CT-009219,C02793,CALL,2026-08-23 05:00:00,5,0,True,5.23,ANSWERED
CT-009220,C02793,WHATSAPP,2026-07-22 11:00:00,11,4,False,,IGNORED
CT-009221,C02794,WHATSAPP,2026-07-16 22:00:00,22,4,True,2.75,ANSWERED
CT-009222,C02794,WHATSAPP,2026-07-01 20:00:00,20,7,True,0.58,ANSWERED
CT-009223,C02794,WHATSAPP,2026-07-02 20:00:00,20,8,False,,IGNORED
CT-009224,C02794,WHATSAPP,2026-07-07 15:00:00,15,11,False,,IGNORED
CT-009225,C02794,WHATSAPP,2026-08-30 16:00:00,16,7,True,3.94,ANSWERED
CT-009226,C02794,WHATSAPP,2026-08-28 23:00:00,23,7,False,,BOUNCED
CT-009227,C02794,WHATSAPP,2026-08-16 15:00:00,15,8,True,2.26,ANSWERED
CT-009228,C02795,WHATSAPP,2026-08-23 08:00:00,8,5,False,,IGNORED
CT-009229,C02795,WHATSAPP,2026-08-29 11:00:00,11,6,False,,IGNORED
CT-009230,C02795,WHATSAPP,2026-08-29 12:00:00,12,7,False,,IGNORED
CT-009231,C02795,WHATSAPP,2026-08-13 15:00:00,15,6,True,5.96,ANSWERED
CT-009232,C02795,WHATSAPP,2026-07-01 13:00:00,13,6,True,4.24,ANSWERED
CT-009233,C02796,SMS,2026-07-24 15:00:00,15,9,True,2.79,ANSWERED
CT-009234,C02796,CALL,2026-07-18 13:00:00,13,6,False,,IGNORED
CT-009235,C02796,WHATSAPP,2026-06-16 14:00:00,14,9,False,,IGNORED
CT-009236,C02797,CALL,2026-08-13 14:00:00,14,4,False,,IGNORED
CT-009237,C02797,SMS,2026-08-21 11:00:00,11,5,False,,IGNORED
CT-009238,C02797,APP_PUSH,2026-09-12 13:00:00,13,6,True,0.04,ANSWERED
CT-009239,C02797,CALL,2026-07-28 14:00:00,14,6,False,,IGNORED
CT-009240,C02797,CALL,2026-08-01 10:00:00,10,5,True,0.15,ANSWERED
CT-009241,C02798,CALL,2026-09-06 10:00:00,10,1,False,,IGNORED
CT-009242,C02799,WHATSAPP,2026-07-19 19:00:00,19,2,False,,IGNORED
CT-009243,C02799,CALL,2026-06-22 17:00:00,17,3,True,6.88,ANSWERED
CT-009244,C02799,CALL,2026-08-28 14:00:00,14,4,True,0.18,ANSWERED
CT-009245,C02800,SMS,2026-08-26 16:00:00,16,6,False,,IGNORED
CT-009246,C02800,SMS,2026-06-26 20:00:00,20,6,True,2.55,ANSWERED
CT-009247,C02800,SMS,2026-07-15 16:00:00,16,5,False,,IGNORED
CT-009248,C02800,CALL,2026-07-24 20:00:00,20,2,False,,REJECTED
CT-009249,C02800,APP_PUSH,2026-07-30 21:00:00,21,6,False,,BOUNCED
CT-009250,C02801,CALL,2026-08-01 21:00:00,21,7,True,2.36,ANSWERED
CT-009251,C02801,WHATSAPP,2026-09-05 17:00:00,17,4,False,,IGNORED
CT-009252,C02801,SMS,2026-06-27 17:00:00,17,8,False,,IGNORED
CT-009253,C02802,APP_PUSH,2026-08-30 08:00:00,8,8,False,,IGNORED
CT-009254,C02802,CALL,2026-08-27 03:00:00,3,8,True,0.32,ANSWERED
CT-009255,C02802,CALL,2026-08-04 12:00:00,12,9,False,,REJECTED
CT-009256,C02802,CALL,2026-06-17 11:00:00,11,7,False,,IGNORED
CT-009257,C02802,APP_PUSH,2026-08-14 06:00:00,6,5,False,,IGNORED
CT-009258,C02803,APP_PUSH,2026-07-23 10:00:00,10,9,True,5.68,ANSWERED
CT-009259,C02803,APP_PUSH,2026-09-07 12:00:00,12,5,True,2.23,ANSWERED
CT-009260,C02803,APP_PUSH,2026-08-04 08:00:00,8,9,False,,IGNORED
CT-009261,C02803,APP_PUSH,2026-06-26 05:00:00,5,10,True,0.48,ANSWERED
CT-009262,C02804,WHATSAPP,2026-07-14 09:00:00,9,1,False,,IGNORED
CT-009263,C02804,APP_PUSH,2026-07-05 15:00:00,15,0,True,4.05,ANSWERED
CT-009264,C02805,SMS,2026-08-18 04:00:00,4,6,True,0.35,ANSWERED
CT-009265,C02806,WHATSAPP,2026-08-18 22:00:00,22,2,False,,REJECTED
CT-009266,C02807,CALL,2026-08-13 10:00:00,10,7,False,,IGNORED
CT-009267,C02807,WHATSAPP,2026-06-22 13:00:00,13,5,True,1.71,ANSWERED
CT-009268,C02807,WHATSAPP,2026-08-12 11:00:00,11,9,True,1.47,ANSWERED
CT-009269,C02807,SMS,2026-08-13 08:00:00,8,7,False,,IGNORED
CT-009270,C02807,WHATSAPP,2026-07-26 10:00:00,10,5,False,,IGNORED
CT-009271,C02808,WHATSAPP,2026-06-20 17:00:00,17,5,False,,IGNORED
CT-009272,C02809,CALL,2026-08-14 13:00:00,13,5,False,,IGNORED
CT-009273,C02809,CALL,2026-07-25 12:00:00,12,2,False,,IGNORED
CT-009274,C02810,WHATSAPP,2026-08-16 12:00:00,12,2,False,,IGNORED
CT-009275,C02811,APP_PUSH,2026-08-03 23:00:00,23,7,False,,IGNORED
CT-009276,C02811,SMS,2026-08-08 15:00:00,15,6,False,,IGNORED
CT-009277,C02811,SMS,2026-07-26 15:00:00,15,8,False,,IGNORED
CT-009278,C02811,SMS,2026-07-02 16:00:00,16,4,True,0.31,ANSWERED
CT-009279,C02812,APP_PUSH,2026-09-03 18:00:00,18,7,True,1.49,ANSWERED
CT-009280,C02812,APP_PUSH,2026-06-18 13:00:00,13,5,False,,IGNORED
CT-009281,C02812,SMS,2026-07-12 17:00:00,17,7,False,,REJECTED
CT-009282,C02813,WHATSAPP,2026-07-03 18:00:00,18,2,False,,IGNORED
CT-009283,C02813,APP_PUSH,2026-08-15 21:00:00,21,2,True,0.53,ANSWERED
CT-009284,C02813,WHATSAPP,2026-07-09 17:00:00,17,3,True,0.22,ANSWERED
CT-009285,C02814,WHATSAPP,2026-07-06 06:00:00,6,7,True,2.25,ANSWERED
CT-009286,C02814,WHATSAPP,2026-07-15 09:00:00,9,6,False,,IGNORED
CT-009287,C02814,APP_PUSH,2026-08-04 08:00:00,8,-2,False,,IGNORED
CT-009288,C02814,WHATSAPP,2026-08-10 11:00:00,11,6,True,1.82,ANSWERED
CT-009289,C02815,SMS,2026-08-19 16:00:00,16,6,True,2.25,ANSWERED
CT-009290,C02815,SMS,2026-08-02 15:00:00,15,3,True,1.06,ANSWERED
CT-009291,C02815,SMS,2026-07-27 19:00:00,19,6,False,,IGNORED
CT-009292,C02816,APP_PUSH,2026-08-16 13:00:00,13,3,False,,IGNORED
CT-009293,C02816,WHATSAPP,2026-06-16 13:00:00,13,3,False,,IGNORED
CT-009294,C02817,WHATSAPP,2026-06-18 14:00:00,14,4,False,,IGNORED
CT-009295,C02817,CALL,2026-08-13 16:00:00,16,6,True,0.68,ANSWERED
CT-009296,C02817,WHATSAPP,2026-08-19 15:00:00,15,5,False,,IGNORED
CT-009297,C02817,CALL,2026-08-14 17:00:00,17,5,False,,IGNORED
CT-009298,C02818,SMS,2026-08-13 11:00:00,11,10,False,,IGNORED
CT-009299,C02818,CALL,2026-06-25 20:00:00,20,5,False,,IGNORED
CT-009300,C02818,CALL,2026-07-30 18:00:00,18,5,False,,IGNORED
CT-009301,C02819,CALL,2026-08-08 06:00:00,6,3,False,,REJECTED
CT-009302,C02820,CALL,2026-07-04 21:00:00,21,6,False,,IGNORED
CT-009303,C02820,SMS,2026-09-07 08:00:00,8,7,False,,IGNORED
CT-009304,C02820,CALL,2026-09-08 17:00:00,17,4,False,,BOUNCED
CT-009305,C02820,CALL,2026-09-09 16:00:00,16,5,False,,IGNORED
CT-009306,C02820,SMS,2026-08-31 14:00:00,14,8,False,,IGNORED
CT-009307,C02821,SMS,2026-07-13 04:00:00,4,4,False,,IGNORED
CT-009308,C02821,APP_PUSH,2026-07-27 06:00:00,6,3,False,,IGNORED
CT-009309,C02821,SMS,2026-08-20 05:00:00,5,3,False,,IGNORED
CT-009310,C02822,WHATSAPP,2026-07-28 16:00:00,16,4,False,,IGNORED
CT-009311,C02822,WHATSAPP,2026-07-19 12:00:00,12,3,False,,IGNORED
CT-009312,C02822,SMS,2026-07-31 14:00:00,14,-2,False,,REJECTED
CT-009313,C02823,APP_PUSH,2026-06-18 15:00:00,15,7,True,0.09,ANSWERED
CT-009314,C02823,APP_PUSH,2026-08-16 13:00:00,13,6,True,0.06,ANSWERED
CT-009315,C02823,CALL,2026-08-17 14:00:00,14,7,True,0.6,ANSWERED
CT-009316,C02823,APP_PUSH,2026-08-27 16:00:00,16,8,True,2.58,ANSWERED
CT-009317,C02824,APP_PUSH,2026-09-09 11:00:00,11,2,True,0.29,ANSWERED
CT-009318,C02824,APP_PUSH,2026-08-17 18:00:00,18,3,False,,IGNORED
CT-009319,C02824,CALL,2026-09-03 09:00:00,9,5,False,,IGNORED
CT-009320,C02824,APP_PUSH,2026-06-19 07:00:00,7,6,False,,IGNORED
CT-009321,C02824,APP_PUSH,2026-08-18 11:00:00,11,7,True,0.36,ANSWERED
CT-009322,C02824,APP_PUSH,2026-08-23 13:00:00,13,5,False,,IGNORED
CT-009323,C02824,APP_PUSH,2026-07-29 16:00:00,16,5,False,,IGNORED
CT-009324,C02824,APP_PUSH,2026-08-16 15:00:00,15,3,True,1.07,ANSWERED
CT-009325,C02825,SMS,2026-07-06 16:00:00,16,2,False,,IGNORED
CT-009326,C02825,SMS,2026-07-09 16:00:00,16,2,False,,IGNORED
CT-009327,C02825,SMS,2026-07-30 13:00:00,13,5,True,0.81,ANSWERED
CT-009328,C02825,SMS,2026-07-27 17:00:00,17,1,False,,IGNORED
CT-009329,C02825,SMS,2026-08-25 18:00:00,18,3,False,,IGNORED
CT-009330,C02825,SMS,2026-09-04 21:00:00,21,0,True,5.77,ANSWERED
CT-009331,C02826,APP_PUSH,2026-06-18 08:00:00,8,4,False,,IGNORED
CT-009332,C02826,APP_PUSH,2026-08-22 08:00:00,8,6,False,,IGNORED
CT-009333,C02826,CALL,2026-07-12 11:00:00,11,8,False,,BOUNCED
CT-009334,C02826,APP_PUSH,2026-08-01 11:00:00,11,9,False,,IGNORED
CT-009335,C02827,WHATSAPP,2026-09-01 08:00:00,8,3,True,0.6,ANSWERED
CT-009336,C02827,SMS,2026-08-11 17:00:00,17,4,False,,REJECTED
CT-009337,C02827,SMS,2026-07-20 14:00:00,14,5,False,,IGNORED
CT-009338,C02827,CALL,2026-07-15 13:00:00,13,2,True,1.25,ANSWERED
CT-009339,C02827,SMS,2026-07-30 05:00:00,5,7,False,,IGNORED
CT-009340,C02828,CALL,2026-08-13 10:00:00,10,10,True,0.17,ANSWERED
CT-009341,C02828,APP_PUSH,2026-08-12 10:00:00,10,7,True,0.8,ANSWERED
CT-009342,C02828,APP_PUSH,2026-06-15 16:00:00,16,5,False,,IGNORED
CT-009343,C02829,WHATSAPP,2026-07-18 14:00:00,14,8,False,,REJECTED
CT-009344,C02829,WHATSAPP,2026-07-21 14:00:00,14,6,False,,IGNORED
CT-009345,C02830,SMS,2026-07-22 11:00:00,11,12,False,,IGNORED
CT-009346,C02830,SMS,2026-08-07 12:00:00,12,9,True,7.62,ANSWERED
CT-009347,C02830,WHATSAPP,2026-07-23 09:00:00,9,7,False,,REJECTED
CT-009348,C02830,WHATSAPP,2026-06-26 12:00:00,12,5,False,,REJECTED
CT-009349,C02830,WHATSAPP,2026-06-23 13:00:00,13,10,False,,IGNORED
CT-009350,C02831,CALL,2026-08-19 17:00:00,17,9,False,,REJECTED
CT-009351,C02831,WHATSAPP,2026-08-19 18:00:00,18,10,False,,IGNORED
CT-009352,C02831,APP_PUSH,2026-08-25 11:00:00,11,9,False,,IGNORED
CT-009353,C02832,WHATSAPP,2026-07-22 12:00:00,12,3,False,,IGNORED
CT-009354,C02832,CALL,2026-07-09 16:00:00,16,3,False,,IGNORED
CT-009355,C02832,WHATSAPP,2026-06-22 17:00:00,17,0,True,3.1,ANSWERED
CT-009356,C02832,APP_PUSH,2026-07-19 17:00:00,17,4,False,,IGNORED
CT-009357,C02832,APP_PUSH,2026-06-24 18:00:00,18,4,True,0.88,ANSWERED
CT-009358,C02833,WHATSAPP,2026-06-17 11:00:00,11,11,False,,IGNORED
CT-009359,C02833,WHATSAPP,2026-07-31 18:00:00,18,7,True,0.49,ANSWERED
CT-009360,C02833,APP_PUSH,2026-08-03 18:00:00,18,6,True,2.88,ANSWERED
CT-009361,C02834,APP_PUSH,2026-07-15 12:00:00,12,6,False,,IGNORED
CT-009362,C02834,APP_PUSH,2026-07-16 16:00:00,16,7,False,,IGNORED
CT-009363,C02834,APP_PUSH,2026-08-12 15:00:00,15,6,True,0.99,ANSWERED
CT-009364,C02834,APP_PUSH,2026-08-24 12:00:00,12,8,True,0.34,ANSWERED
CT-009365,C02835,CALL,2026-08-08 11:00:00,11,5,False,,REJECTED
CT-009366,C02835,CALL,2026-08-29 13:00:00,13,5,True,0.43,ANSWERED
CT-009367,C02835,CALL,2026-07-25 09:00:00,9,6,True,0.27,ANSWERED
CT-009368,C02835,APP_PUSH,2026-07-29 11:00:00,11,3,False,,IGNORED
CT-009369,C02836,SMS,2026-08-02 20:00:00,20,7,False,,IGNORED
CT-009370,C02836,CALL,2026-07-13 19:00:00,19,5,False,,IGNORED
CT-009371,C02836,SMS,2026-08-15 15:00:00,15,5,True,0.07,ANSWERED
CT-009372,C02836,WHATSAPP,2026-07-14 15:00:00,15,9,True,0.19,ANSWERED
CT-009373,C02837,WHATSAPP,2026-08-01 08:00:00,8,7,True,0.77,ANSWERED
CT-009374,C02837,SMS,2026-08-21 13:00:00,13,12,False,,IGNORED
CT-009375,C02838,CALL,2026-08-16 11:00:00,11,3,True,0.07,ANSWERED
CT-009376,C02838,SMS,2026-08-06 06:00:00,6,1,True,0.51,ANSWERED
CT-009377,C02839,CALL,2026-08-09 05:00:00,5,0,True,2.61,ANSWERED
CT-009378,C02840,WHATSAPP,2026-07-17 12:00:00,12,1,True,2.67,ANSWERED
CT-009379,C02840,WHATSAPP,2026-07-08 14:00:00,14,0,False,,REJECTED
CT-009380,C02840,SMS,2026-06-15 09:00:00,9,4,False,,IGNORED
CT-009381,C02840,CALL,2026-06-27 12:00:00,12,-1,False,,IGNORED
CT-009382,C02841,WHATSAPP,2026-06-22 14:00:00,14,6,False,,IGNORED
CT-009383,C02841,APP_PUSH,2026-06-21 20:00:00,20,8,False,,REJECTED
CT-009384,C02841,CALL,2026-07-09 17:00:00,17,8,True,5.59,ANSWERED
CT-009385,C02841,CALL,2026-07-05 14:00:00,14,8,True,1.11,ANSWERED
CT-009386,C02842,CALL,2026-07-12 10:00:00,10,5,False,,BOUNCED
CT-009387,C02842,CALL,2026-07-31 14:00:00,14,5,True,2.62,ANSWERED
CT-009388,C02842,SMS,2026-09-08 10:00:00,10,4,False,,IGNORED
CT-009389,C02842,WHATSAPP,2026-08-22 16:00:00,16,9,True,1.32,ANSWERED
CT-009390,C02842,APP_PUSH,2026-08-07 12:00:00,12,5,False,,IGNORED
CT-009391,C02843,APP_PUSH,2026-09-01 17:00:00,17,4,True,6.15,ANSWERED
CT-009392,C02844,APP_PUSH,2026-07-24 07:00:00,7,0,False,,REJECTED
CT-009393,C02844,CALL,2026-07-03 16:00:00,16,6,False,,IGNORED
CT-009394,C02845,CALL,2026-07-20 18:00:00,18,3,False,,IGNORED
CT-009395,C02845,WHATSAPP,2026-09-03 23:00:00,23,2,True,4.12,ANSWERED
CT-009396,C02845,CALL,2026-07-24 22:00:00,22,4,False,,REJECTED
CT-009397,C02846,APP_PUSH,2026-06-23 15:00:00,15,9,False,,IGNORED
CT-009398,C02846,APP_PUSH,2026-06-23 12:00:00,12,6,True,4.59,ANSWERED
CT-009399,C02846,SMS,2026-09-06 08:00:00,8,8,False,,REJECTED
CT-009400,C02846,CALL,2026-07-30 13:00:00,13,7,False,,REJECTED
CT-009401,C02847,SMS,2026-08-12 16:00:00,16,8,False,,IGNORED
CT-009402,C02847,WHATSAPP,2026-08-15 10:00:00,10,10,False,,REJECTED
CT-009403,C02848,WHATSAPP,2026-07-24 16:00:00,16,7,True,0.06,ANSWERED
CT-009404,C02848,WHATSAPP,2026-07-17 13:00:00,13,7,False,,IGNORED
CT-009405,C02848,WHATSAPP,2026-07-30 16:00:00,16,8,True,3.99,ANSWERED
CT-009406,C02849,WHATSAPP,2026-07-22 08:00:00,8,0,False,,REJECTED
CT-009407,C02849,WHATSAPP,2026-06-15 10:00:00,10,0,False,,IGNORED
CT-009408,C02849,SMS,2026-07-18 10:00:00,10,1,False,,IGNORED
CT-009409,C02849,APP_PUSH,2026-06-16 13:00:00,13,0,False,,IGNORED
CT-009410,C02849,APP_PUSH,2026-08-10 06:00:00,6,1,True,2.19,ANSWERED
CT-009411,C02850,CALL,2026-07-09 12:00:00,12,2,False,,IGNORED
CT-009412,C02850,CALL,2026-07-30 10:00:00,10,4,False,,IGNORED
CT-009413,C02850,WHATSAPP,2026-06-26 02:00:00,2,1,False,,IGNORED
CT-009414,C02851,CALL,2026-06-23 23:00:00,23,0,False,,IGNORED
CT-009415,C02852,WHATSAPP,2026-06-27 05:00:00,5,7,False,,IGNORED
CT-009416,C02853,SMS,2026-06-16 15:00:00,15,9,False,,IGNORED
CT-009417,C02853,SMS,2026-07-20 20:00:00,20,5,False,,IGNORED
CT-009418,C02854,APP_PUSH,2026-08-21 16:00:00,16,3,False,,IGNORED
CT-009419,C02854,APP_PUSH,2026-08-05 14:00:00,14,6,True,2.3,ANSWERED
CT-009420,C02854,SMS,2026-07-24 14:00:00,14,4,True,1.26,ANSWERED
CT-009421,C02855,WHATSAPP,2026-09-11 09:00:00,9,6,True,1.27,ANSWERED
CT-009422,C02855,WHATSAPP,2026-07-20 12:00:00,12,5,True,1.53,ANSWERED
CT-009423,C02855,WHATSAPP,2026-07-15 14:00:00,14,7,False,,IGNORED
CT-009424,C02855,WHATSAPP,2026-06-17 07:00:00,7,4,False,,IGNORED
CT-009425,C02855,WHATSAPP,2026-08-11 14:00:00,14,8,True,0.46,ANSWERED
CT-009426,C02855,WHATSAPP,2026-07-17 04:00:00,4,9,False,,REJECTED
CT-009427,C02855,WHATSAPP,2026-08-02 12:00:00,12,7,False,,IGNORED
CT-009428,C02856,WHATSAPP,2026-06-25 12:00:00,12,9,False,,IGNORED
CT-009429,C02856,WHATSAPP,2026-08-23 11:00:00,11,1,False,,IGNORED
CT-009430,C02856,WHATSAPP,2026-07-17 20:00:00,20,7,False,,IGNORED
CT-009431,C02856,APP_PUSH,2026-09-08 13:00:00,13,8,False,,IGNORED
CT-009432,C02856,CALL,2026-07-20 14:00:00,14,5,False,,REJECTED
CT-009433,C02856,APP_PUSH,2026-07-31 15:00:00,15,3,False,,REJECTED
CT-009434,C02857,SMS,2026-07-15 05:00:00,5,0,True,1.5,ANSWERED
CT-009435,C02858,APP_PUSH,2026-08-28 17:00:00,17,0,False,,IGNORED
CT-009436,C02859,APP_PUSH,2026-07-17 15:00:00,15,4,True,4.02,ANSWERED
CT-009437,C02859,SMS,2026-08-29 18:00:00,18,4,False,,BOUNCED
CT-009438,C02859,SMS,2026-07-08 23:00:00,23,1,False,,BOUNCED
CT-009439,C02860,CALL,2026-08-31 19:00:00,19,6,False,,IGNORED
CT-009440,C02860,SMS,2026-07-13 14:00:00,14,4,False,,IGNORED
CT-009441,C02860,CALL,2026-06-20 09:00:00,9,8,False,,IGNORED
CT-009442,C02860,CALL,2026-06-20 21:00:00,21,6,False,,IGNORED
CT-009443,C02861,SMS,2026-08-29 13:00:00,13,9,False,,IGNORED
CT-009444,C02861,CALL,2026-07-31 18:00:00,18,7,False,,IGNORED
CT-009445,C02862,CALL,2026-08-07 22:00:00,22,6,True,0.74,ANSWERED
CT-009446,C02862,APP_PUSH,2026-08-14 17:00:00,17,9,True,4.36,ANSWERED
CT-009447,C02862,APP_PUSH,2026-09-04 15:00:00,15,7,True,7.18,ANSWERED
CT-009448,C02862,APP_PUSH,2026-08-08 17:00:00,17,2,False,,REJECTED
CT-009449,C02863,APP_PUSH,2026-07-10 12:00:00,12,9,True,3.69,ANSWERED
CT-009450,C02863,APP_PUSH,2026-07-21 08:00:00,8,9,False,,IGNORED
CT-009451,C02863,CALL,2026-07-21 16:00:00,16,8,True,6.23,ANSWERED
CT-009452,C02864,APP_PUSH,2026-08-30 05:00:00,5,3,False,,BOUNCED
CT-009453,C02865,CALL,2026-06-18 15:00:00,15,9,True,0.35,ANSWERED
CT-009454,C02865,CALL,2026-09-05 09:00:00,9,11,False,,BOUNCED
CT-009455,C02866,CALL,2026-08-13 10:00:00,10,4,True,0.73,ANSWERED
CT-009456,C02866,CALL,2026-06-21 07:00:00,7,8,False,,IGNORED
CT-009457,C02867,WHATSAPP,2026-09-05 15:00:00,15,5,False,,IGNORED
CT-009458,C02867,WHATSAPP,2026-08-25 13:00:00,13,5,False,,IGNORED
CT-009459,C02868,APP_PUSH,2026-06-30 15:00:00,15,5,False,,IGNORED
CT-009460,C02868,CALL,2026-08-06 15:00:00,15,5,False,,IGNORED
CT-009461,C02868,CALL,2026-06-29 18:00:00,18,8,False,,IGNORED
CT-009462,C02868,CALL,2026-06-29 15:00:00,15,7,False,,IGNORED
CT-009463,C02868,CALL,2026-08-27 15:00:00,15,4,False,,IGNORED
CT-009464,C02869,CALL,2026-07-21 18:00:00,18,9,False,,IGNORED
CT-009465,C02869,CALL,2026-09-09 15:00:00,15,6,False,,IGNORED
CT-009466,C02869,WHATSAPP,2026-09-06 16:00:00,16,6,False,,BOUNCED
CT-009467,C02869,APP_PUSH,2026-08-19 19:00:00,19,7,False,,IGNORED
CT-009468,C02869,CALL,2026-07-14 19:00:00,19,6,True,2.42,ANSWERED
CT-009469,C02869,CALL,2026-08-10 19:00:00,19,6,False,,IGNORED
CT-009470,C02869,CALL,2026-08-13 15:00:00,15,8,False,,IGNORED
CT-009471,C02870,CALL,2026-06-21 11:00:00,11,3,True,0.09,ANSWERED
CT-009472,C02870,APP_PUSH,2026-06-18 10:00:00,10,4,True,0.49,ANSWERED
CT-009473,C02870,APP_PUSH,2026-07-12 05:00:00,5,7,False,,REJECTED
CT-009474,C02871,APP_PUSH,2026-07-07 10:00:00,10,7,True,0.25,ANSWERED
CT-009475,C02871,SMS,2026-08-14 06:00:00,6,8,False,,IGNORED
CT-009476,C02871,APP_PUSH,2026-06-30 03:00:00,3,6,False,,IGNORED
CT-009477,C02871,APP_PUSH,2026-08-29 05:00:00,5,6,False,,IGNORED
CT-009478,C02871,WHATSAPP,2026-07-27 04:00:00,4,8,False,,IGNORED
CT-009479,C02871,SMS,2026-07-11 04:00:00,4,5,False,,REJECTED
CT-009480,C02872,WHATSAPP,2026-06-25 13:00:00,13,1,False,,IGNORED
CT-009481,C02872,WHATSAPP,2026-09-09 13:00:00,13,1,False,,IGNORED
CT-009482,C02873,SMS,2026-08-03 17:00:00,17,-1,False,,IGNORED
CT-009483,C02873,CALL,2026-07-01 20:00:00,20,0,True,5.09,ANSWERED
CT-009484,C02873,WHATSAPP,2026-08-29 18:00:00,18,2,False,,IGNORED
CT-009485,C02874,WHATSAPP,2026-07-14 15:00:00,15,0,False,,IGNORED
CT-009486,C02875,APP_PUSH,2026-08-12 17:00:00,17,6,False,,REJECTED
CT-009487,C02875,SMS,2026-08-31 15:00:00,15,5,False,,IGNORED
CT-009488,C02875,SMS,2026-08-21 19:00:00,19,7,False,,IGNORED
CT-009489,C02875,SMS,2026-06-20 17:00:00,17,7,True,0.74,ANSWERED
CT-009490,C02876,WHATSAPP,2026-07-12 07:00:00,7,6,True,0.56,ANSWERED
CT-009491,C02876,WHATSAPP,2026-09-03 07:00:00,7,2,True,1.0,ANSWERED
CT-009492,C02876,WHATSAPP,2026-08-27 03:00:00,3,4,False,,IGNORED
CT-009493,C02877,APP_PUSH,2026-06-17 20:00:00,20,9,False,,IGNORED
CT-009494,C02877,WHATSAPP,2026-07-31 20:00:00,20,5,False,,IGNORED
CT-009495,C02877,APP_PUSH,2026-09-11 19:00:00,19,8,False,,IGNORED
CT-009496,C02877,CALL,2026-08-27 18:00:00,18,4,True,2.95,ANSWERED
CT-009497,C02877,APP_PUSH,2026-07-10 22:00:00,22,4,True,1.77,ANSWERED
CT-009498,C02877,SMS,2026-08-23 17:00:00,17,8,False,,REJECTED
CT-009499,C02877,SMS,2026-08-19 14:00:00,14,7,False,,IGNORED
CT-009500,C02878,CALL,2026-07-30 09:00:00,9,3,False,,IGNORED
CT-009501,C02878,APP_PUSH,2026-07-06 10:00:00,10,1,False,,IGNORED
CT-009502,C02878,WHATSAPP,2026-09-03 14:00:00,14,0,False,,IGNORED
CT-009503,C02878,SMS,2026-09-09 16:00:00,16,0,False,,BOUNCED
CT-009504,C02878,WHATSAPP,2026-07-02 11:00:00,11,2,True,0.73,ANSWERED
CT-009505,C02879,APP_PUSH,2026-07-27 19:00:00,19,0,False,,IGNORED
CT-009506,C02879,SMS,2026-06-21 13:00:00,13,3,False,,IGNORED
CT-009507,C02880,WHATSAPP,2026-07-26 04:00:00,4,4,False,,IGNORED
CT-009508,C02880,WHATSAPP,2026-07-09 06:00:00,6,-1,False,,IGNORED
CT-009509,C02880,WHATSAPP,2026-07-02 05:00:00,5,0,False,,IGNORED
CT-009510,C02881,APP_PUSH,2026-08-25 04:00:00,4,11,False,,IGNORED
CT-009511,C02881,CALL,2026-07-04 07:00:00,7,4,False,,IGNORED
CT-009512,C02882,CALL,2026-08-15 09:00:00,9,4,False,,IGNORED
CT-009513,C02882,CALL,2026-06-15 14:00:00,14,3,True,1.21,ANSWERED
CT-009514,C02883,WHATSAPP,2026-07-29 20:00:00,20,6,True,2.24,ANSWERED
CT-009515,C02883,WHATSAPP,2026-06-27 14:00:00,14,2,True,5.25,ANSWERED
CT-009516,C02883,CALL,2026-06-22 14:00:00,14,5,False,,IGNORED
CT-009517,C02884,SMS,2026-09-06 08:00:00,8,4,False,,IGNORED
CT-009518,C02885,SMS,2026-09-08 18:00:00,18,5,False,,IGNORED
CT-009519,C02885,APP_PUSH,2026-07-12 16:00:00,16,1,False,,IGNORED
CT-009520,C02885,CALL,2026-07-12 08:00:00,8,3,False,,IGNORED
CT-009521,C02886,SMS,2026-07-13 14:00:00,14,8,False,,IGNORED
CT-009522,C02886,SMS,2026-07-30 14:00:00,14,11,True,4.3,ANSWERED
CT-009523,C02887,WHATSAPP,2026-06-26 12:00:00,12,5,True,0.96,ANSWERED
CT-009524,C02887,CALL,2026-07-26 16:00:00,16,3,False,,IGNORED
CT-009525,C02887,SMS,2026-08-30 15:00:00,15,2,False,,IGNORED
CT-009526,C02888,CALL,2026-07-18 09:00:00,9,2,False,,IGNORED
CT-009527,C02888,SMS,2026-06-21 09:00:00,9,5,False,,IGNORED
CT-009528,C02888,CALL,2026-09-05 05:00:00,5,5,False,,IGNORED
CT-009529,C02888,SMS,2026-08-14 04:00:00,4,2,True,2.77,ANSWERED
CT-009530,C02888,APP_PUSH,2026-06-15 10:00:00,10,1,False,,REJECTED
CT-009531,C02888,WHATSAPP,2026-08-12 09:00:00,9,3,True,4.94,ANSWERED
CT-009532,C02888,WHATSAPP,2026-09-09 04:00:00,4,5,False,,IGNORED
CT-009533,C02888,WHATSAPP,2026-09-12 06:00:00,6,7,False,,IGNORED
CT-009534,C02888,SMS,2026-06-28 03:00:00,3,4,True,1.41,ANSWERED
CT-009535,C02888,SMS,2026-07-31 12:00:00,12,3,False,,REJECTED
CT-009536,C02889,CALL,2026-08-09 06:00:00,6,9,True,6.0,ANSWERED
CT-009537,C02889,CALL,2026-08-12 04:00:00,4,7,False,,IGNORED
CT-009538,C02889,APP_PUSH,2026-08-11 05:00:00,5,2,False,,IGNORED
CT-009539,C02890,CALL,2026-07-29 15:00:00,15,4,False,,IGNORED
CT-009540,C02890,WHATSAPP,2026-07-21 14:00:00,14,7,False,,IGNORED
CT-009541,C02891,WHATSAPP,2026-08-08 19:00:00,19,0,False,,IGNORED
CT-009542,C02891,APP_PUSH,2026-07-15 20:00:00,20,2,False,,IGNORED
CT-009543,C02891,WHATSAPP,2026-09-03 18:00:00,18,7,False,,IGNORED
CT-009544,C02892,WHATSAPP,2026-09-02 15:00:00,15,3,False,,REJECTED
CT-009545,C02892,APP_PUSH,2026-06-27 16:00:00,16,4,False,,IGNORED
CT-009546,C02892,APP_PUSH,2026-07-30 09:00:00,9,5,True,3.02,ANSWERED
CT-009547,C02892,APP_PUSH,2026-08-01 12:00:00,12,0,True,0.4,ANSWERED
CT-009548,C02892,APP_PUSH,2026-07-21 09:00:00,9,3,False,,IGNORED
CT-009549,C02892,APP_PUSH,2026-08-02 12:00:00,12,3,True,0.02,ANSWERED
CT-009550,C02892,SMS,2026-07-09 15:00:00,15,8,False,,BOUNCED
CT-009551,C02892,APP_PUSH,2026-08-27 12:00:00,12,1,False,,IGNORED
CT-009552,C02892,WHATSAPP,2026-08-13 14:00:00,14,6,False,,IGNORED
CT-009553,C02892,APP_PUSH,2026-09-01 15:00:00,15,9,True,2.94,ANSWERED
CT-009554,C02893,APP_PUSH,2026-06-18 18:00:00,18,4,False,,IGNORED
CT-009555,C02894,APP_PUSH,2026-09-06 15:00:00,15,9,False,,IGNORED
CT-009556,C02894,APP_PUSH,2026-08-11 16:00:00,16,7,False,,REJECTED
CT-009557,C02895,SMS,2026-07-25 08:00:00,8,3,True,0.85,ANSWERED
CT-009558,C02895,CALL,2026-07-18 11:00:00,11,2,False,,IGNORED
CT-009559,C02895,SMS,2026-08-11 09:00:00,9,1,True,0.35,ANSWERED
CT-009560,C02895,SMS,2026-06-20 07:00:00,7,7,True,0.6,ANSWERED
CT-009561,C02895,SMS,2026-08-15 09:00:00,9,0,False,,IGNORED
CT-009562,C02895,APP_PUSH,2026-06-21 06:00:00,6,1,False,,IGNORED
CT-009563,C02895,APP_PUSH,2026-06-22 09:00:00,9,4,False,,REJECTED
CT-009564,C02895,APP_PUSH,2026-08-16 05:00:00,5,6,True,0.48,ANSWERED
CT-009565,C02896,APP_PUSH,2026-06-21 09:00:00,9,5,False,,IGNORED
CT-009566,C02896,SMS,2026-08-26 11:00:00,11,2,False,,IGNORED
CT-009567,C02897,SMS,2026-09-03 09:00:00,9,9,False,,IGNORED
CT-009568,C02897,SMS,2026-08-17 08:00:00,8,6,True,0.86,ANSWERED
CT-009569,C02897,SMS,2026-07-08 15:00:00,15,6,True,0.49,ANSWERED
CT-009570,C02897,CALL,2026-08-23 08:00:00,8,6,False,,IGNORED
CT-009571,C02897,SMS,2026-09-03 09:00:00,9,6,True,0.45,ANSWERED
CT-009572,C02897,SMS,2026-08-16 04:00:00,4,6,False,,IGNORED
CT-009573,C02897,SMS,2026-08-06 05:00:00,5,9,True,0.82,ANSWERED
CT-009574,C02898,SMS,2026-06-15 15:00:00,15,4,False,,IGNORED
CT-009575,C02898,SMS,2026-08-25 13:00:00,13,-1,True,3.58,ANSWERED
CT-009576,C02898,APP_PUSH,2026-08-11 12:00:00,12,3,False,,IGNORED
CT-009577,C02899,APP_PUSH,2026-07-26 14:00:00,14,8,False,,REJECTED
CT-009578,C02899,SMS,2026-08-27 17:00:00,17,6,False,,BOUNCED
CT-009579,C02900,WHATSAPP,2026-09-11 23:00:00,23,5,False,,IGNORED
CT-009580,C02900,SMS,2026-08-27 23:00:00,23,6,True,1.54,ANSWERED
CT-009581,C02900,SMS,2026-07-22 23:00:00,23,7,False,,IGNORED
CT-009582,C02900,WHATSAPP,2026-06-25 18:00:00,18,3,False,,IGNORED
CT-009583,C02901,CALL,2026-06-17 07:00:00,7,-2,True,0.05,ANSWERED
CT-009584,C02901,SMS,2026-06-27 12:00:00,12,3,False,,IGNORED
CT-009585,C02901,CALL,2026-07-17 08:00:00,8,5,True,2.09,ANSWERED
CT-009586,C02901,CALL,2026-06-15 04:00:00,4,7,False,,BOUNCED
CT-009587,C02901,CALL,2026-07-22 08:00:00,8,0,True,6.23,ANSWERED
CT-009588,C02902,WHATSAPP,2026-07-01 10:00:00,10,3,False,,REJECTED
CT-009589,C02902,APP_PUSH,2026-08-09 17:00:00,17,3,True,2.46,ANSWERED
CT-009590,C02902,WHATSAPP,2026-07-29 16:00:00,16,1,True,1.28,ANSWERED
CT-009591,C02902,WHATSAPP,2026-07-30 15:00:00,15,4,True,6.09,ANSWERED
CT-009592,C02902,WHATSAPP,2026-07-16 11:00:00,11,2,False,,REJECTED
CT-009593,C02903,WHATSAPP,2026-08-07 09:00:00,9,5,False,,IGNORED
CT-009594,C02903,CALL,2026-09-05 04:00:00,4,3,False,,IGNORED
CT-009595,C02903,APP_PUSH,2026-08-29 08:00:00,8,2,True,1.39,ANSWERED
CT-009596,C02904,CALL,2026-08-09 05:00:00,5,6,True,0.09,ANSWERED
CT-009597,C02904,CALL,2026-07-14 11:00:00,11,8,True,3.1,ANSWERED
CT-009598,C02904,CALL,2026-07-27 12:00:00,12,10,False,,IGNORED
CT-009599,C02904,APP_PUSH,2026-06-24 12:00:00,12,1,False,,IGNORED
CT-009600,C02904,SMS,2026-08-04 09:00:00,9,6,False,,IGNORED
CT-009601,C02904,WHATSAPP,2026-09-02 09:00:00,9,5,True,0.32,ANSWERED
CT-009602,C02905,APP_PUSH,2026-07-02 13:00:00,13,5,True,2.55,ANSWERED
CT-009603,C02905,APP_PUSH,2026-06-16 14:00:00,14,6,False,,IGNORED
CT-009604,C02905,APP_PUSH,2026-07-20 19:00:00,19,8,False,,IGNORED
CT-009605,C02906,WHATSAPP,2026-08-20 13:00:00,13,2,False,,BOUNCED
CT-009606,C02906,WHATSAPP,2026-08-29 23:00:00,23,0,False,,IGNORED
CT-009607,C02907,CALL,2026-09-10 10:00:00,10,10,True,4.76,ANSWERED
CT-009608,C02907,CALL,2026-07-14 09:00:00,9,7,False,,IGNORED
CT-009609,C02907,CALL,2026-07-26 07:00:00,7,5,False,,IGNORED
CT-009610,C02907,WHATSAPP,2026-06-29 02:00:00,2,9,False,,REJECTED
CT-009611,C02907,CALL,2026-06-30 15:00:00,15,8,False,,IGNORED
CT-009612,C02908,APP_PUSH,2026-07-26 15:00:00,15,0,False,,IGNORED
CT-009613,C02908,APP_PUSH,2026-07-17 13:00:00,13,3,True,0.87,ANSWERED
CT-009614,C02908,APP_PUSH,2026-07-13 11:00:00,11,2,True,0.41,ANSWERED
CT-009615,C02908,APP_PUSH,2026-09-09 11:00:00,11,0,True,2.57,ANSWERED
CT-009616,C02908,APP_PUSH,2026-08-25 08:00:00,8,5,True,3.52,ANSWERED
CT-009617,C02908,APP_PUSH,2026-08-16 10:00:00,10,0,False,,IGNORED
CT-009618,C02909,CALL,2026-08-23 12:00:00,12,4,False,,IGNORED
CT-009619,C02909,SMS,2026-07-08 16:00:00,16,2,False,,IGNORED
CT-009620,C02909,SMS,2026-08-30 16:00:00,16,4,False,,IGNORED
CT-009621,C02909,SMS,2026-08-23 17:00:00,17,4,True,2.54,ANSWERED
CT-009622,C02909,SMS,2026-07-14 11:00:00,11,1,False,,IGNORED
CT-009623,C02909,SMS,2026-06-26 22:00:00,22,3,True,0.47,ANSWERED
CT-009624,C02910,APP_PUSH,2026-07-11 09:00:00,9,8,False,,BOUNCED
CT-009625,C02911,APP_PUSH,2026-08-08 11:00:00,11,9,False,,IGNORED
CT-009626,C02911,CALL,2026-07-26 08:00:00,8,4,False,,IGNORED
CT-009627,C02911,APP_PUSH,2026-07-07 15:00:00,15,4,False,,IGNORED
CT-009628,C02911,CALL,2026-07-14 11:00:00,11,8,False,,REJECTED
CT-009629,C02912,CALL,2026-06-30 17:00:00,17,1,False,,IGNORED
CT-009630,C02912,CALL,2026-08-07 13:00:00,13,1,True,2.05,ANSWERED
CT-009631,C02913,SMS,2026-08-27 07:00:00,7,6,True,0.51,ANSWERED
CT-009632,C02913,SMS,2026-06-27 08:00:00,8,6,True,0.29,ANSWERED
CT-009633,C02913,CALL,2026-06-15 04:00:00,4,6,False,,IGNORED
CT-009634,C02913,SMS,2026-08-04 09:00:00,9,9,False,,IGNORED
CT-009635,C02914,SMS,2026-08-27 17:00:00,17,4,False,,REJECTED
CT-009636,C02914,CALL,2026-06-22 14:00:00,14,4,False,,BOUNCED
CT-009637,C02914,SMS,2026-08-14 16:00:00,16,9,False,,IGNORED
CT-009638,C02915,WHATSAPP,2026-06-26 14:00:00,14,2,False,,IGNORED
CT-009639,C02915,APP_PUSH,2026-06-27 14:00:00,14,7,False,,IGNORED
CT-009640,C02915,APP_PUSH,2026-08-13 18:00:00,18,7,False,,IGNORED
CT-009641,C02916,SMS,2026-07-03 10:00:00,10,7,True,3.46,ANSWERED
CT-009642,C02917,APP_PUSH,2026-06-26 10:00:00,10,5,False,,IGNORED
CT-009643,C02917,WHATSAPP,2026-08-21 03:00:00,3,3,True,0.04,ANSWERED
CT-009644,C02917,APP_PUSH,2026-08-31 10:00:00,10,5,True,1.35,ANSWERED
CT-009645,C02917,APP_PUSH,2026-07-05 10:00:00,10,6,False,,IGNORED
CT-009646,C02917,SMS,2026-08-08 13:00:00,13,1,False,,IGNORED
CT-009647,C02918,APP_PUSH,2026-08-08 17:00:00,17,5,True,5.98,ANSWERED
CT-009648,C02918,CALL,2026-08-20 18:00:00,18,9,False,,IGNORED
CT-009649,C02918,CALL,2026-07-25 17:00:00,17,4,False,,IGNORED
CT-009650,C02918,CALL,2026-07-22 19:00:00,19,7,False,,IGNORED
CT-009651,C02919,WHATSAPP,2026-07-22 12:00:00,12,0,False,,IGNORED
CT-009652,C02920,WHATSAPP,2026-07-21 07:00:00,7,9,False,,REJECTED
CT-009653,C02920,WHATSAPP,2026-07-09 12:00:00,12,10,True,5.59,ANSWERED
CT-009654,C02920,WHATSAPP,2026-08-24 10:00:00,10,7,False,,IGNORED
CT-009655,C02921,WHATSAPP,2026-07-18 16:00:00,16,9,False,,IGNORED
CT-009656,C02921,APP_PUSH,2026-07-10 23:00:00,23,2,True,1.12,ANSWERED
CT-009657,C02921,APP_PUSH,2026-07-25 18:00:00,18,5,True,3.8,ANSWERED
CT-009658,C02921,APP_PUSH,2026-07-04 21:00:00,21,6,False,,IGNORED
CT-009659,C02921,WHATSAPP,2026-07-05 20:00:00,20,7,False,,IGNORED
CT-009660,C02922,WHATSAPP,2026-08-12 15:00:00,15,12,False,,IGNORED
CT-009661,C02922,CALL,2026-06-19 16:00:00,16,12,False,,IGNORED
CT-009662,C02922,CALL,2026-07-12 12:00:00,12,10,True,1.42,ANSWERED
CT-009663,C02922,WHATSAPP,2026-07-01 07:00:00,7,9,False,,IGNORED
CT-009664,C02923,SMS,2026-09-10 07:00:00,7,4,False,,IGNORED
CT-009665,C02923,SMS,2026-08-28 15:00:00,15,3,False,,REJECTED
CT-009666,C02923,SMS,2026-07-06 09:00:00,9,3,False,,IGNORED
CT-009667,C02924,WHATSAPP,2026-09-03 19:00:00,19,4,False,,IGNORED
CT-009668,C02924,CALL,2026-08-19 20:00:00,20,2,False,,REJECTED
CT-009669,C02924,CALL,2026-08-20 20:00:00,20,5,False,,BOUNCED
CT-009670,C02924,WHATSAPP,2026-07-01 18:00:00,18,-2,False,,IGNORED
CT-009671,C02926,APP_PUSH,2026-06-26 09:00:00,9,2,False,,IGNORED
CT-009672,C02926,CALL,2026-08-11 08:00:00,8,2,True,1.25,ANSWERED
CT-009673,C02927,APP_PUSH,2026-09-07 10:00:00,10,8,False,,BOUNCED
CT-009674,C02927,APP_PUSH,2026-09-04 10:00:00,10,5,True,3.77,ANSWERED
CT-009675,C02927,CALL,2026-08-05 09:00:00,9,5,True,4.18,ANSWERED
CT-009676,C02927,APP_PUSH,2026-08-03 12:00:00,12,8,False,,IGNORED
CT-009677,C02928,SMS,2026-07-20 22:00:00,22,9,False,,IGNORED
CT-009678,C02928,SMS,2026-08-19 18:00:00,18,3,False,,IGNORED
CT-009679,C02929,APP_PUSH,2026-08-05 09:00:00,9,6,False,,IGNORED
CT-009680,C02929,APP_PUSH,2026-06-28 17:00:00,17,8,False,,IGNORED
CT-009681,C02929,WHATSAPP,2026-07-11 13:00:00,13,7,False,,IGNORED
CT-009682,C02930,WHATSAPP,2026-09-05 07:00:00,7,3,False,,IGNORED
CT-009683,C02930,WHATSAPP,2026-07-31 07:00:00,7,4,False,,IGNORED
CT-009684,C02932,APP_PUSH,2026-07-23 22:00:00,22,6,False,,IGNORED
CT-009685,C02932,SMS,2026-06-26 19:00:00,19,6,False,,IGNORED
CT-009686,C02932,SMS,2026-08-29 20:00:00,20,1,False,,IGNORED
CT-009687,C02933,APP_PUSH,2026-06-27 12:00:00,12,5,False,,IGNORED
CT-009688,C02933,APP_PUSH,2026-07-04 11:00:00,11,6,False,,IGNORED
CT-009689,C02934,WHATSAPP,2026-06-19 04:00:00,4,8,True,3.29,ANSWERED
CT-009690,C02935,SMS,2026-08-10 12:00:00,12,7,True,0.16,ANSWERED
CT-009691,C02935,CALL,2026-07-02 19:00:00,19,3,False,,IGNORED
CT-009692,C02935,SMS,2026-07-27 14:00:00,14,7,True,0.94,ANSWERED
CT-009693,C02936,SMS,2026-06-23 14:00:00,14,5,True,0.12,ANSWERED
CT-009694,C02936,CALL,2026-09-12 17:00:00,17,6,False,,BOUNCED
CT-009695,C02936,CALL,2026-08-20 14:00:00,14,9,True,1.67,ANSWERED
CT-009696,C02937,APP_PUSH,2026-08-21 17:00:00,17,2,True,1.58,ANSWERED
CT-009697,C02937,APP_PUSH,2026-08-18 14:00:00,14,3,True,0.4,ANSWERED
CT-009698,C02937,CALL,2026-08-31 14:00:00,14,9,False,,IGNORED
CT-009699,C02937,CALL,2026-07-09 12:00:00,12,6,False,,IGNORED
CT-009700,C02937,APP_PUSH,2026-09-09 11:00:00,11,8,False,,IGNORED
CT-009701,C02938,CALL,2026-07-12 05:00:00,5,9,True,0.08,ANSWERED
CT-009702,C02938,CALL,2026-08-30 09:00:00,9,5,False,,IGNORED
CT-009703,C02938,APP_PUSH,2026-09-12 02:00:00,2,7,False,,REJECTED
CT-009704,C02939,SMS,2026-07-25 11:00:00,11,8,True,0.19,ANSWERED
CT-009705,C02940,WHATSAPP,2026-08-24 13:00:00,13,8,True,3.63,ANSWERED
CT-009706,C02940,WHATSAPP,2026-06-30 14:00:00,14,9,True,11.22,ANSWERED
CT-009707,C02940,CALL,2026-08-20 12:00:00,12,10,False,,IGNORED
CT-009708,C02940,WHATSAPP,2026-06-25 11:00:00,11,5,True,4.49,ANSWERED
CT-009709,C02940,CALL,2026-08-17 15:00:00,15,7,False,,IGNORED
CT-009710,C02940,CALL,2026-08-13 10:00:00,10,6,False,,IGNORED
CT-009711,C02941,WHATSAPP,2026-06-22 08:00:00,8,4,True,1.19,ANSWERED
CT-009712,C02941,CALL,2026-07-17 07:00:00,7,7,True,4.84,ANSWERED
CT-009713,C02941,WHATSAPP,2026-06-15 06:00:00,6,6,False,,BOUNCED
CT-009714,C02941,WHATSAPP,2026-06-18 10:00:00,10,8,True,1.83,ANSWERED
CT-009715,C02941,CALL,2026-06-22 13:00:00,13,7,False,,IGNORED
CT-009716,C02941,WHATSAPP,2026-06-22 09:00:00,9,7,True,2.74,ANSWERED
CT-009717,C02941,WHATSAPP,2026-09-03 11:00:00,11,6,True,1.51,ANSWERED
CT-009718,C02941,CALL,2026-07-10 05:00:00,5,9,False,,IGNORED
CT-009719,C02941,CALL,2026-07-23 10:00:00,10,5,False,,IGNORED
CT-009720,C02942,SMS,2026-07-04 14:00:00,14,8,False,,IGNORED
CT-009721,C02942,SMS,2026-07-24 14:00:00,14,6,False,,IGNORED
CT-009722,C02942,CALL,2026-06-29 14:00:00,14,7,False,,REJECTED
CT-009723,C02942,CALL,2026-07-31 12:00:00,12,7,False,,IGNORED
CT-009724,C02943,APP_PUSH,2026-06-16 14:00:00,14,4,False,,IGNORED
CT-009725,C02943,APP_PUSH,2026-09-10 18:00:00,18,2,False,,IGNORED
CT-009726,C02943,APP_PUSH,2026-06-19 15:00:00,15,3,False,,IGNORED
CT-009727,C02944,WHATSAPP,2026-08-09 17:00:00,17,3,True,3.69,ANSWERED
CT-009728,C02945,APP_PUSH,2026-08-04 03:00:00,3,6,True,1.42,ANSWERED
CT-009729,C02945,APP_PUSH,2026-09-10 09:00:00,9,2,True,0.92,ANSWERED
CT-009730,C02946,CALL,2026-08-14 20:00:00,20,5,False,,IGNORED
CT-009731,C02946,SMS,2026-07-06 16:00:00,16,7,True,0.18,ANSWERED
CT-009732,C02946,SMS,2026-07-17 12:00:00,12,4,False,,IGNORED
CT-009733,C02947,SMS,2026-08-20 03:00:00,3,1,False,,BOUNCED
CT-009734,C02947,SMS,2026-07-10 05:00:00,5,5,False,,IGNORED
CT-009735,C02948,WHATSAPP,2026-06-21 15:00:00,15,1,True,0.19,ANSWERED
CT-009736,C02948,WHATSAPP,2026-08-22 10:00:00,10,2,True,0.46,ANSWERED
CT-009737,C02948,WHATSAPP,2026-09-01 08:00:00,8,1,True,3.26,ANSWERED
CT-009738,C02948,WHATSAPP,2026-07-09 04:00:00,4,0,False,,IGNORED
CT-009739,C02949,CALL,2026-08-28 21:00:00,21,0,False,,REJECTED
CT-009740,C02949,SMS,2026-07-25 18:00:00,18,2,True,1.99,ANSWERED
CT-009741,C02949,SMS,2026-06-30 21:00:00,21,0,False,,IGNORED
CT-009742,C02949,APP_PUSH,2026-09-02 17:00:00,17,4,False,,IGNORED
CT-009743,C02949,CALL,2026-09-12 23:00:00,23,3,False,,IGNORED
CT-009744,C02950,SMS,2026-06-29 12:00:00,12,7,False,,IGNORED
CT-009745,C02950,CALL,2026-08-04 11:00:00,11,7,True,4.7,ANSWERED
CT-009746,C02951,SMS,2026-08-12 13:00:00,13,9,False,,REJECTED
CT-009747,C02951,SMS,2026-07-22 12:00:00,12,8,False,,IGNORED
CT-009748,C02951,CALL,2026-07-13 14:00:00,14,4,False,,REJECTED
CT-009749,C02951,APP_PUSH,2026-06-20 09:00:00,9,7,False,,BOUNCED
CT-009750,C02951,SMS,2026-06-20 13:00:00,13,9,True,0.45,ANSWERED
CT-009751,C02951,SMS,2026-07-05 15:00:00,15,7,True,0.07,ANSWERED
CT-009752,C02952,WHATSAPP,2026-09-10 15:00:00,15,6,True,0.09,ANSWERED
CT-009753,C02952,WHATSAPP,2026-06-25 13:00:00,13,4,True,4.16,ANSWERED
CT-009754,C02953,APP_PUSH,2026-09-08 17:00:00,17,4,False,,IGNORED
CT-009755,C02954,APP_PUSH,2026-08-01 19:00:00,19,6,False,,IGNORED
CT-009756,C02954,APP_PUSH,2026-07-10 21:00:00,21,6,True,0.34,ANSWERED
CT-009757,C02954,APP_PUSH,2026-08-09 22:00:00,22,6,False,,REJECTED
CT-009758,C02954,APP_PUSH,2026-06-20 20:00:00,20,8,False,,IGNORED
CT-009759,C02954,APP_PUSH,2026-06-21 15:00:00,15,10,False,,IGNORED
CT-009760,C02954,CALL,2026-09-11 19:00:00,19,11,False,,IGNORED
CT-009761,C02955,SMS,2026-06-22 13:00:00,13,4,False,,IGNORED
CT-009762,C02955,SMS,2026-08-13 17:00:00,17,5,False,,IGNORED
CT-009763,C02955,CALL,2026-09-12 12:00:00,12,3,False,,IGNORED
CT-009764,C02955,WHATSAPP,2026-08-08 19:00:00,19,4,False,,REJECTED
CT-009765,C02955,APP_PUSH,2026-08-29 10:00:00,10,9,False,,IGNORED
CT-009766,C02956,WHATSAPP,2026-07-20 21:00:00,21,2,False,,IGNORED
CT-009767,C02956,SMS,2026-08-03 18:00:00,18,2,False,,IGNORED
CT-009768,C02957,CALL,2026-08-31 23:00:00,23,3,False,,REJECTED
CT-009769,C02957,SMS,2026-07-03 16:00:00,16,0,True,0.25,ANSWERED
CT-009770,C02957,CALL,2026-07-28 22:00:00,22,3,False,,IGNORED
CT-009771,C02958,SMS,2026-09-05 09:00:00,9,2,False,,IGNORED
CT-009772,C02959,SMS,2026-07-24 16:00:00,16,3,False,,IGNORED
CT-009773,C02959,APP_PUSH,2026-06-18 14:00:00,14,4,False,,IGNORED
CT-009774,C02959,SMS,2026-08-25 18:00:00,18,1,False,,IGNORED
CT-009775,C02959,CALL,2026-07-07 12:00:00,12,2,False,,IGNORED
CT-009776,C02959,SMS,2026-08-08 13:00:00,13,3,True,0.04,ANSWERED
CT-009777,C02960,CALL,2026-06-25 07:00:00,7,5,True,5.37,ANSWERED
CT-009778,C02960,CALL,2026-08-10 13:00:00,13,5,False,,IGNORED
CT-009779,C02960,APP_PUSH,2026-09-02 07:00:00,7,7,False,,REJECTED
CT-009780,C02960,APP_PUSH,2026-07-09 10:00:00,10,8,True,7.87,ANSWERED
CT-009781,C02960,CALL,2026-08-18 10:00:00,10,5,False,,IGNORED
CT-009782,C02960,WHATSAPP,2026-08-27 03:00:00,3,2,False,,IGNORED
CT-009783,C02960,CALL,2026-08-29 05:00:00,5,2,False,,REJECTED
CT-009784,C02962,SMS,2026-08-19 18:00:00,18,3,True,0.2,ANSWERED
CT-009785,C02962,SMS,2026-07-31 11:00:00,11,6,True,3.52,ANSWERED
CT-009786,C02962,SMS,2026-06-28 16:00:00,16,2,True,0.24,ANSWERED
CT-009787,C02962,CALL,2026-06-27 14:00:00,14,7,False,,IGNORED
CT-009788,C02963,WHATSAPP,2026-07-10 20:00:00,20,6,True,0.13,ANSWERED
CT-009789,C02963,CALL,2026-09-02 17:00:00,17,4,False,,IGNORED
CT-009790,C02963,CALL,2026-08-21 19:00:00,19,8,False,,REJECTED
CT-009791,C02964,WHATSAPP,2026-06-28 09:00:00,9,3,False,,IGNORED
CT-009792,C02964,APP_PUSH,2026-07-29 07:00:00,7,4,False,,BOUNCED
CT-009793,C02964,CALL,2026-07-13 13:00:00,13,0,True,0.33,ANSWERED
CT-009794,C02964,WHATSAPP,2026-07-30 01:00:00,1,0,False,,IGNORED
CT-009795,C02965,SMS,2026-06-28 15:00:00,15,5,True,4.62,ANSWERED
CT-009796,C02965,SMS,2026-07-20 09:00:00,9,8,True,5.99,ANSWERED
CT-009797,C02965,WHATSAPP,2026-08-28 10:00:00,10,6,False,,IGNORED
CT-009798,C02966,APP_PUSH,2026-08-09 18:00:00,18,0,True,0.41,ANSWERED
CT-009799,C02967,WHATSAPP,2026-09-09 16:00:00,16,3,True,2.28,ANSWERED
CT-009800,C02967,WHATSAPP,2026-08-15 17:00:00,17,4,True,3.04,ANSWERED
CT-009801,C02967,APP_PUSH,2026-06-26 18:00:00,18,2,False,,IGNORED
CT-009802,C02967,APP_PUSH,2026-07-01 18:00:00,18,1,False,,IGNORED
CT-009803,C02967,SMS,2026-07-16 18:00:00,18,-3,False,,IGNORED
CT-009804,C02968,APP_PUSH,2026-09-07 11:00:00,11,1,False,,IGNORED
CT-009805,C02969,SMS,2026-08-18 13:00:00,13,5,True,2.11,ANSWERED
CT-009806,C02969,APP_PUSH,2026-07-23 06:00:00,6,6,False,,REJECTED
CT-009807,C02969,SMS,2026-07-07 12:00:00,12,1,False,,BOUNCED
CT-009808,C02969,SMS,2026-07-18 11:00:00,11,2,False,,REJECTED
CT-009809,C02970,APP_PUSH,2026-08-29 15:00:00,15,8,False,,IGNORED
CT-009810,C02970,APP_PUSH,2026-08-06 08:00:00,8,9,False,,IGNORED
CT-009811,C02970,WHATSAPP,2026-07-16 09:00:00,9,8,False,,IGNORED
CT-009812,C02970,APP_PUSH,2026-08-24 10:00:00,10,9,True,1.02,ANSWERED
CT-009813,C02970,APP_PUSH,2026-09-07 13:00:00,13,6,True,0.04,ANSWERED
CT-009814,C02971,CALL,2026-07-30 09:00:00,9,2,True,2.46,ANSWERED
CT-009815,C02971,CALL,2026-07-07 15:00:00,15,3,True,3.0,ANSWERED
CT-009816,C02971,CALL,2026-06-30 16:00:00,16,3,True,1.56,ANSWERED
CT-009817,C02971,WHATSAPP,2026-09-07 17:00:00,17,3,False,,IGNORED
CT-009818,C02971,WHATSAPP,2026-08-16 12:00:00,12,4,False,,REJECTED
CT-009819,C02972,APP_PUSH,2026-08-20 18:00:00,18,9,False,,IGNORED
CT-009820,C02972,SMS,2026-07-25 15:00:00,15,9,False,,IGNORED
CT-009821,C02973,SMS,2026-08-05 11:00:00,11,4,False,,REJECTED
CT-009822,C02973,CALL,2026-07-02 07:00:00,7,3,False,,REJECTED
CT-009823,C02974,APP_PUSH,2026-06-16 22:00:00,22,5,True,12.15,ANSWERED
CT-009824,C02974,APP_PUSH,2026-09-12 19:00:00,19,5,True,2.94,ANSWERED
CT-009825,C02974,APP_PUSH,2026-07-01 17:00:00,17,8,True,0.69,ANSWERED
CT-009826,C02974,APP_PUSH,2026-08-18 19:00:00,19,6,True,1.8,ANSWERED
CT-009827,C02974,APP_PUSH,2026-08-06 20:00:00,20,8,False,,IGNORED
CT-009828,C02975,WHATSAPP,2026-08-20 17:00:00,17,8,True,3.47,ANSWERED
CT-009829,C02975,CALL,2026-09-10 15:00:00,15,7,False,,REJECTED
CT-009830,C02976,WHATSAPP,2026-07-16 07:00:00,7,8,False,,IGNORED
CT-009831,C02976,WHATSAPP,2026-08-16 14:00:00,14,7,False,,IGNORED
CT-009832,C02976,CALL,2026-08-22 10:00:00,10,3,False,,IGNORED
CT-009833,C02976,SMS,2026-09-09 11:00:00,11,2,False,,IGNORED
CT-009834,C02976,CALL,2026-08-24 12:00:00,12,5,False,,REJECTED
CT-009835,C02977,CALL,2026-07-11 15:00:00,15,3,False,,IGNORED
CT-009836,C02978,SMS,2026-06-22 18:00:00,18,9,False,,BOUNCED
CT-009837,C02978,CALL,2026-08-29 14:00:00,14,4,False,,IGNORED
CT-009838,C02979,SMS,2026-06-29 18:00:00,18,6,False,,IGNORED
CT-009839,C02979,SMS,2026-07-30 21:00:00,21,2,True,0.35,ANSWERED
CT-009840,C02980,APP_PUSH,2026-08-26 19:00:00,19,6,True,1.85,ANSWERED
CT-009841,C02980,CALL,2026-06-28 21:00:00,21,6,False,,BOUNCED
CT-009842,C02980,APP_PUSH,2026-08-08 16:00:00,16,5,True,5.05,ANSWERED
CT-009843,C02981,APP_PUSH,2026-07-06 21:00:00,21,6,True,4.57,ANSWERED
CT-009844,C02981,WHATSAPP,2026-07-04 15:00:00,15,6,True,3.24,ANSWERED
CT-009845,C02982,CALL,2026-08-06 09:00:00,9,7,False,,IGNORED
CT-009846,C02982,APP_PUSH,2026-07-16 06:00:00,6,10,False,,IGNORED
CT-009847,C02982,APP_PUSH,2026-09-06 08:00:00,8,10,False,,IGNORED
CT-009848,C02983,APP_PUSH,2026-08-11 04:00:00,4,5,False,,IGNORED
CT-009849,C02984,WHATSAPP,2026-07-17 19:00:00,19,2,False,,IGNORED
CT-009850,C02985,CALL,2026-07-01 18:00:00,18,7,True,2.35,ANSWERED
CT-009851,C02985,APP_PUSH,2026-09-05 11:00:00,11,9,False,,IGNORED
CT-009852,C02986,CALL,2026-08-15 11:00:00,11,4,False,,IGNORED
CT-009853,C02986,CALL,2026-08-19 06:00:00,6,6,False,,IGNORED
CT-009854,C02986,CALL,2026-06-19 10:00:00,10,6,False,,REJECTED
CT-009855,C02987,CALL,2026-07-04 19:00:00,19,4,False,,IGNORED
CT-009856,C02987,WHATSAPP,2026-07-22 23:00:00,23,4,False,,IGNORED
CT-009857,C02987,APP_PUSH,2026-09-07 18:00:00,18,7,True,2.39,ANSWERED
CT-009858,C02987,APP_PUSH,2026-08-07 18:00:00,18,3,True,0.25,ANSWERED
CT-009859,C02988,SMS,2026-08-23 09:00:00,9,5,True,0.17,ANSWERED
CT-009860,C02988,CALL,2026-09-03 15:00:00,15,7,True,0.04,ANSWERED
CT-009861,C02988,WHATSAPP,2026-07-24 15:00:00,15,6,True,1.84,ANSWERED
CT-009862,C02989,SMS,2026-08-27 14:00:00,14,6,False,,IGNORED
CT-009863,C02990,SMS,2026-08-02 14:00:00,14,9,False,,IGNORED
CT-009864,C02990,CALL,2026-08-25 19:00:00,19,11,True,2.36,ANSWERED
CT-009865,C02990,SMS,2026-09-06 19:00:00,19,8,False,,IGNORED
CT-009866,C02990,SMS,2026-07-19 23:00:00,23,6,False,,IGNORED
CT-009867,C02991,CALL,2026-07-17 13:00:00,13,2,True,1.34,ANSWERED
CT-009868,C02991,WHATSAPP,2026-06-21 11:00:00,11,4,False,,IGNORED
CT-009869,C02991,CALL,2026-06-29 14:00:00,14,2,False,,IGNORED
CT-009870,C02991,CALL,2026-07-27 10:00:00,10,5,False,,IGNORED
CT-009871,C02992,SMS,2026-07-31 17:00:00,17,2,False,,IGNORED
CT-009872,C02992,CALL,2026-07-23 08:00:00,8,3,False,,IGNORED
CT-009873,C02992,SMS,2026-07-28 14:00:00,14,0,False,,IGNORED
CT-009874,C02992,APP_PUSH,2026-07-28 12:00:00,12,4,False,,IGNORED
CT-009875,C02993,WHATSAPP,2026-07-06 13:00:00,13,4,True,6.39,ANSWERED
CT-009876,C02993,WHATSAPP,2026-08-04 15:00:00,15,2,False,,BOUNCED
CT-009877,C02994,SMS,2026-08-15 11:00:00,11,3,False,,REJECTED
CT-009878,C02995,WHATSAPP,2026-08-04 11:00:00,11,7,False,,REJECTED
CT-009879,C02995,WHATSAPP,2026-08-10 10:00:00,10,9,True,2.34,ANSWERED
CT-009880,C02995,WHATSAPP,2026-07-18 13:00:00,13,1,False,,IGNORED
CT-009881,C02995,WHATSAPP,2026-07-26 11:00:00,11,3,False,,REJECTED
CT-009882,C02995,APP_PUSH,2026-09-11 15:00:00,15,9,False,,IGNORED
CT-009883,C02995,CALL,2026-08-27 13:00:00,13,9,False,,IGNORED
CT-009884,C02996,SMS,2026-08-30 15:00:00,15,5,True,1.21,ANSWERED
CT-009885,C02996,SMS,2026-07-10 15:00:00,15,5,True,1.66,ANSWERED
CT-009886,C02996,SMS,2026-08-29 12:00:00,12,0,False,,IGNORED
CT-009887,C02997,APP_PUSH,2026-08-03 18:00:00,18,5,False,,IGNORED
CT-009888,C02998,APP_PUSH,2026-08-04 05:00:00,5,1,False,,IGNORED
CT-009889,C02998,APP_PUSH,2026-09-12 10:00:00,10,4,True,2.39,ANSWERED
CT-009890,C02998,WHATSAPP,2026-08-11 15:00:00,15,6,True,1.22,ANSWERED
CT-009891,C02998,APP_PUSH,2026-09-04 12:00:00,12,4,False,,IGNORED
CT-009892,C02998,WHATSAPP,2026-08-02 13:00:00,13,8,False,,REJECTED
CT-009893,C02999,APP_PUSH,2026-07-06 15:00:00,15,5,False,,IGNORED
CT-009894,C02999,APP_PUSH,2026-07-22 12:00:00,12,4,False,,IGNORED
CT-009895,C02999,APP_PUSH,2026-07-18 13:00:00,13,8,True,3.23,ANSWERED
CT-009896,C02999,APP_PUSH,2026-06-19 14:00:00,14,3,True,4.74,ANSWERED
CT-009897,C02999,APP_PUSH,2026-08-12 15:00:00,15,8,False,,BOUNCED
CT-009898,C02999,APP_PUSH,2026-08-19 12:00:00,12,4,True,5.73,ANSWERED
CT-009899,C02999,APP_PUSH,2026-08-06 13:00:00,13,6,False,,IGNORED
CT-009900,C02999,APP_PUSH,2026-08-29 10:00:00,10,2,False,,IGNORED
CT-009901,C03000,SMS,2026-08-25 11:00:00,11,4,False,,IGNORED
CT-009902,C03000,CALL,2026-07-20 19:00:00,19,3,False,,IGNORED
CT-009903,C03000,CALL,2026-07-28 10:00:00,10,6,False,,IGNORED
