customer_id,synthetic_situation_truth,latent_stress_index,aff_app,aff_sms,aff_whatsapp,aff_call,hour_star,days_star
C00001,S2,0.8421695614103814,0.6755530557815971,0.027714539774206015,0.07005359447623932,0.22667880996795758,17.669022294422465,6.189141468306296
C00002,S0,0.12896140843364387,0.23392178344324402,0.05210711527050868,0.39221567423035497,0.3217554270558923,15.433837470147747,4.267932039183402
C00003,S3,0.7441147312962332,0.5140822887769049,0.22270009792509685,0.13461933943079527,0.12859827386720304,17.70613906798461,4.6843044368247195
C00004,S2,0.3129484303520921,0.1541071919189482,0.0678234675904692,0.37412119330080473,0.4039481471897779,15.368910768820534,4.651406442470423
C00005,S0,0.19457184756085846,0.02491233803233151,0.006959902743823851,0.18130303905423226,0.7868247201696125,19.167286187259407,7.440843521633301
C00006,S4,0.1340355913049853,0.1831490403926604,0.24631537575609222,0.15853952712835107,0.4119960567228964,19.247524159836757,7.496349987810966
C00007,S2,0.6496861022173324,0.04670347101846574,0.19918713002572286,0.5707998243650264,0.18330957459078498,11.640640531227735,5.878562228349693
C00008,S3,0.7850055838233378,0.07722083636085963,0.7419416088071034,0.06886075667115554,0.11197679816088135,10.819703673470404,2.9730796096627072
C00009,S0,0.12914807246368934,0.18464134667624962,0.18582493798110616,0.15850003005305205,0.4710336852895921,18.802815373520517,2.3409060703998885
C00010,S0,0.09489314702503672,0.3296078119352447,0.06363270571270724,0.4048691763208184,0.20189030603122968,11.954020950526676,2.742723986702826
C00011,S0,0.08085990442206689,0.07594728616413109,0.027573849840588853,0.14239409762965183,0.7540847663656282,8.346674000202647,3.1313604718073482
C00012,S4,0.3940948671425383,0.2782047663670596,0.0021148868552082877,0.16082055506639964,0.5588597917113325,14.101278485851488,7.622090005257582
C00013,S1,0.3184697546926537,0.010561406757763438,0.15193550645235512,0.04152891678344161,0.7959741700064399,16.798910381927065,5.887264885310422
C00014,S3,0.6656436322050033,0.7164960001828738,0.12189024570196044,0.09947337170067569,0.062140382414489874,7.050627426989173,2.375426695076956
C00015,S0,0.05519188592033798,0.5593531654066108,0.15354001709539755,0.1642476250425631,0.12285919245542858,8.946071099171714,6.847003458237692
C00016,S0,0.05616684446326541,0.19586258956942793,0.14576192832612098,0.31754804992269053,0.3408274321817605,19.575506232494014,5.377795468009331
C00017,S1,0.231338036340153,0.02831924001582584,0.7202234501439803,0.01784725503471928,0.23361005480547453,7.522344093640987,6.824006961578405
C00018,S0,0.019048977959974935,0.05370594261049436,0.7929248868608492,0.060823271008500414,0.09254589952015614,17.687758112256112,7.709253158901696
C00019,S3,0.8765508829142586,0.07863075891475721,0.03269531346699955,0.7570501110615779,0.13162381655666536,7.470539568607513,3.6538103065002097
C00020,S1,0.36838227857893396,0.238235108316571,0.05288437491769591,0.4176002658064911,0.291280250959242,13.95771384644179,4.875335677333865
C00021,S2,0.512258652089965,0.06224454310167951,0.400324260538519,0.29195411669867877,0.24547707966112262,11.086521621353498,2.38383525444964
C00022,S0,0.05339711279514709,0.15914312953263485,0.35388708121297696,0.1200365840688557,0.3669332051855324,18.88280919084667,5.038839862990276
C00023,S4,0.09928914485899296,0.6872950763104501,0.0541549705344483,0.12292713612257894,0.13562281703252266,18.504822831224807,2.94560907973087
C00024,S3,0.43133827187084905,0.8026540748383252,0.01736278833840694,0.006294430595130122,0.17368870622813776,13.936878777761553,4.137904901941637
C00025,S2,0.24027237446131014,0.1994660740072164,0.13756605914909148,0.15529814907057732,0.507669717773115,8.890711265516845,4.646251278052361
C00026,S0,0.1644675895955762,0.0027279876916384976,0.8277807439457961,0.14638316155053346,0.023108106812031775,19.127860827823614,7.534337443973783
C00027,S0,0.2542479813249856,0.2213868650720067,0.3313849042398065,0.1310061727914514,0.3162220578967354,16.687399378295922,5.8877802553747305
C00028,S0,0.20794339664494024,0.45199840181283923,0.014114895754748825,0.10974513120291374,0.4241415712294981,8.875681069206106,5.067037775004339
C00029,S0,0.15407298380126536,0.7395750516369786,0.23862846017474829,0.018270913641880788,0.0035255745463922093,14.401273859883545,2.51815804700958
C00030,S2,0.29320676823003006,0.21003818215732745,0.02105318137961585,0.08728511442750364,0.6816235220355531,7.099194958379273,5.577436457287598
C00031,S2,0.34360520667567834,0.3114175139685841,0.38835447346409724,0.13359111183803551,0.16663690072928322,7.013894496708804,2.210544595536849
C00032,S4,0.47577587502558244,0.1701753453653081,0.4575601822217791,0.0005202751459500657,0.3717441972669628,18.10229104042226,5.718287607287744
C00033,S0,0.15468065438974113,0.16854901762123037,0.3037172839393727,0.3496133987092678,0.17812029973012913,14.900146881611413,4.652891344786972
C00034,S0,0.3656029730114064,0.12258598820870568,0.5920281418211572,0.285052740171811,0.0003331297983261561,18.98347512339155,5.660147050669472
C00035,S0,0.20805923513211325,0.1285179698090353,0.6850545305789777,0.08864195085633388,0.09778554875565318,13.951823438610624,6.859618842270249
C00036,S0,0.10334471880624005,0.1293734475193536,0.7127079307060958,0.019370260687397906,0.1385483610871527,17.71527131352058,5.125142952233407
C00037,S0,0.3773977941307953,0.16963892030392577,0.1566895762765001,0.06900433640048073,0.6046671670190935,10.196153918399478,5.553061669290685
C00038,S0,0.16964574678879574,0.06570863821881373,0.2235667614793505,0.35039564492419967,0.3603289553776361,11.816520355628153,5.115356625729778
C00039,S0,0.3788286540162678,0.022654180366280245,0.10751174793506874,0.8551696919648507,0.014664379733800168,18.720821690726364,3.840644501463231
C00040,S2,0.528978074305204,0.28225099851656693,0.033611165253024836,0.6213860157534801,0.06275182047692814,18.08832539961682,4.410192653014892
C00041,S0,0.4032083838974642,0.29730345030705346,0.29157931845489254,0.14372993556846453,0.2673872956695896,11.01569776552213,2.780149970107418
C00042,S3,0.8185630638853396,0.12157835536246518,0.2847774192127994,0.07314337532618197,0.5205008500985533,12.117046175099002,2.958430805736255
C00043,S2,0.3341632282228897,0.14024521818313762,0.20150387150637133,0.6459064753817332,0.012344434928757801,8.48944156217371,7.790852702344394
C00044,S0,0.0828199020529835,0.30775324699916856,0.16029988114462373,0.25616045083776995,0.2757864210184377,11.900605113221703,4.3360040335499
C00045,S3,0.73890634165289,0.048148657604678735,0.09443680820461725,0.17657473914723903,0.680839795043465,9.977445894640429,7.450074053249578
C00046,S3,0.8929296434628283,0.1711284726659905,0.5034502770768208,0.20080677388847654,0.12461447636871209,11.508477141434728,5.429094808071658
C00047,S0,0.09267298050827492,0.5020977548357568,0.10745075900384139,0.30501919944488204,0.08543228671551982,14.595616994665368,6.511703049630458
C00048,S0,0.2458025070732062,0.052443380223203266,0.895336012337094,0.012276565831550894,0.039944041608151806,11.637875107873938,6.020559044891423
C00049,S2,0.19432126679689743,0.0936501002535596,0.009600487258761083,0.03297620514760981,0.8637732073400695,15.93601833477561,5.089638329436636
C00050,S0,0.02074629888256249,0.5757244150361858,0.156460687357247,0.0815591100439428,0.18625578756262456,10.570244477847975,6.348417310707752
C00051,S0,0.12975844887874102,0.16857689440266863,0.31439985574656343,0.23658728400954845,0.2804359658412195,17.518370024444,4.787615523158218
C00052,S0,0.012708732702383822,0.0971304936170158,0.020949505288042285,0.03132206687625421,0.8505979342186878,14.175740775575477,4.0219197132008055
C00053,S3,0.8190071208077339,0.10907603431160029,0.6208949010516754,0.10995073960050991,0.16007832503621444,8.189646543760338,7.016694707551127
C00054,S2,0.26711372031595454,0.16016388270692114,0.173761012027752,0.2529489186137151,0.4131261866516118,16.084765635341718,6.6701628246693
C00055,S2,0.44692173128489954,0.2630769860519144,0.20726557077156643,0.34032911839932917,0.18932832477719,7.8623308527985305,4.585309384465116
C00056,S3,0.8354024223387946,0.10058800842707327,0.6237007378659204,0.10793086483167025,0.1677803888753361,10.790374709294415,3.9670522331206497
C00057,S0,0.052074382993079475,0.1920085216960549,0.26021732856372093,0.27821377552260157,0.26956037421762274,15.513804827581241,7.754611028417209
C00058,S1,0.1759256658800348,0.12235502809839918,0.7519093891536567,0.03050744298368302,0.0952281397642609,18.260086122273623,4.625218140629028
C00059,S0,0.3255510803085506,0.23637066416103616,0.3022312728300342,0.05565590613770273,0.40574215687122683,12.18879566107886,3.2221360944810793
C00060,S0,0.41044671767801466,0.004818414390633164,0.08713025043702793,0.8859971361620816,0.02205419901025722,13.490760568600166,7.846652233904621
C00061,S2,0.5820528436263557,0.19608236023379333,0.595643582304894,0.09003616845650876,0.11823788900480411,12.600931789850264,2.8009750105511078
C00062,S0,0.1948842722047381,0.3854927893081689,0.4741795340996837,0.07419444419965712,0.06613323239249033,14.15828334777773,4.847180535127345
C00063,S1,0.4242478675182265,0.12261227160478948,0.46830042839203984,0.206723990755592,0.20236330924757867,9.90294666237038,5.360344857417383
C00064,S2,0.41891446667442017,0.0978924637390105,0.0031533489699154113,0.8711700871663172,0.02778410012475684,16.08742238861996,4.986182776844636
C00065,S1,0.29802450184690144,0.045878043281655,0.3946634539448844,0.27649442020153625,0.2829640825719244,20.426369376174193,7.666215314946643
C00066,S1,0.07666895142110197,0.07451523072184647,0.12343637870312374,0.7087640207795343,0.09328436979549548,13.97154582290132,2.949007181912339
C00067,S1,0.16144553315376492,0.4479159695320362,0.23602966070247458,0.175065014544532,0.14098935522095726,10.27915946695486,4.232470469096152
C00068,S0,0.08127965930762515,0.11826839503729297,0.022928465762912242,0.8565680018272503,0.002235137372544492,8.333270544037255,4.7191516102943964
C00069,S0,0.028912634217715952,0.03703507309232613,0.27730907549145045,0.022723531720975403,0.6629323196952481,10.693004590460735,3.034203359385484
C00070,S0,0.2367157691368329,0.004807846023740037,0.23936136431458852,0.23653436114850898,0.5192964285131625,19.63317888368399,6.778799889701256
C00071,S0,0.25333504051358485,0.09810286061886277,0.1813252331884761,0.4757456792958983,0.24482622689676278,12.303795797623522,6.929331395833356
C00072,S0,0.009217523818194732,0.2043132809200316,0.4601758312073199,0.15992511666522605,0.17558577120742233,18.594722538526632,7.09794321467642
C00073,S3,0.7922193658208966,0.093149148496981,0.21646042367756105,0.46405261423017063,0.22633781359528735,16.059663033029928,4.517951556857007
C00074,S0,0.24131978274762406,0.22244510491988642,0.43268301306182216,0.1807306240984282,0.16414125791986328,15.638320742247851,2.4394759170053084
C00075,S0,0.07601003431228394,0.041904789003782736,0.7202064095623029,0.15466961649398,0.08321918493993433,16.222625848894857,5.358337074666153
C00076,S0,0.25890550713531074,0.416691355497754,0.1997531428424651,0.30541094295453897,0.078144558705242,17.750003258873356,3.607253612463565
C00077,S0,0.04027036768695204,0.09889298499340662,0.30226048954515794,0.5495284212085696,0.04931810425286574,19.72064881521017,6.386836261448359
C00078,S2,0.38015807926302625,0.5371591091025514,0.07098118379772261,0.06277451166145712,0.3290851954382689,7.468769965959407,4.297987653016062
C00079,S1,0.3171853520459572,0.1553237642956383,0.2990213677982643,0.18712136299407459,0.35853350491202296,9.90322025335134,5.142694216219252
C00080,S3,0.7653441689142126,0.20809514301926077,0.491550798596022,0.13202235405575077,0.16833170432896644,14.777818545652593,5.670562126690997
C00081,S2,0.5256194007764278,0.07376304659736145,0.2857592897750144,0.006720810455362088,0.6337568531722619,13.905428246424645,2.4846305552441184
C00082,S0,0.010729595476693887,0.15223467380042863,0.3591738685705989,0.21347490601770036,0.27511655161127224,17.515136246760196,3.1403653196487866
C00083,S3,0.6978120426719807,0.18902449607280766,0.19736493598570137,0.1520283202941265,0.4615822476473643,11.682480490873061,2.9168795843132447
C00084,S0,0.08060831358936109,0.12079873537158714,0.5262971916431741,0.1249567113390069,0.22794736164623178,14.517999137858991,5.9318411000437425
C00085,S0,0.18154450275489334,0.005959575618832021,0.12187909799985498,0.8009212135044124,0.07124011287690077,9.614566579959646,5.184538411616417
C00086,S0,0.2677698863982864,0.11173200762002765,0.3507515356918494,0.14485236257864578,0.39266409410947717,18.103112057730296,6.541618015655355
C00087,S2,0.3080978827560978,0.4259140076534438,0.07907935769009597,0.2163639133098551,0.27864272134660517,10.029450321561646,7.9656720434950445
C00088,S0,0.21843600573503896,0.01777432168604723,0.3114993733446284,0.2211739914821518,0.4495523134871726,13.605000082282372,6.283164110384405
C00089,S0,0.430883454913696,0.2546806507912405,0.6002229952044871,0.08249573275488435,0.062600621249388,7.042855468097301,5.718064172814306
C00090,S1,0.25816606303380246,0.14894910561278055,0.018037475373078964,0.8311931029927552,0.001820316021385423,17.380255292227986,7.040342051131409
C00091,S0,0.1997039728841831,0.31747063723200364,0.26751633986644996,0.28622944142212914,0.1287835814794173,17.222992292028234,7.697812329060499
C00092,S2,0.37176641433272095,0.27893308930883737,0.43760032532476717,0.19472986171378473,0.0887367236526109,10.398905796451487,5.251092920670001
C00093,S0,0.1899185907486479,0.18279871411963397,0.012352073693179557,0.28362230482164513,0.5212269073655414,9.375757051386117,6.341569541616926
C00094,S0,0.14143779550156424,0.41853955045054614,0.30837651503268426,0.15084242114644097,0.12224151337032854,17.644141033224113,5.113582611452847
C00095,S0,0.12000805751175868,0.1903119245455032,0.7235007245018102,0.06981072867055951,0.016376622282126923,15.33762130203514,7.515332596214301
C00096,S1,0.21032426867510579,0.043069070843234664,0.10604229062010599,0.31473914932809244,0.536149489208567,7.03129286646356,5.063963790439383
C00097,S0,0.2690393239221346,0.3152406671332205,0.22115497477005475,0.3871469743843841,0.0764573837123407,14.943047826196818,6.972425235162274
C00098,S0,0.3241464004372633,0.30615555930868427,0.0156646898405466,0.5857101171077552,0.09246963374301381,14.766073336821481,2.121552560106476
C00099,S0,0.04767850461136549,0.0768437039972693,0.1354074202482241,0.17707725374234304,0.6106716220121635,9.118309500652956,2.993189009270181
C00100,S4,0.12464128289530611,0.004463036113573328,0.2505918490594308,0.5798830557072203,0.16506205911977545,18.59895727575082,7.820819067429442
C00101,S4,0.09198622432109499,0.03809223399614734,0.8460088172443654,0.0614854149282979,0.0544135338311894,10.799433859550518,4.145589261338455
C00102,S2,0.32950769617047354,0.2018998186117758,0.2701409344591852,0.04267654099227776,0.48528270593676115,9.628022914296622,6.537842686825721
C00103,S0,0.27333784410486933,0.2993533320895882,0.16440356620796637,0.1313424825269157,0.4049006191755298,12.793197338378066,6.640275728830904
C00104,S4,0.386352598172721,0.6039922179274516,0.14644195864071777,0.13384860086573813,0.1157172225660925,19.11961849496328,2.848587728155177
C00105,S2,0.6523936434458948,0.08114475836307655,0.2299989242554865,0.21992561075447747,0.4689307066269595,10.505272385857523,6.476625392429007
C00106,S2,0.2896481320203769,0.23364151373718642,0.31406174827016586,0.26761938985855327,0.18467734813409456,11.248200563485119,7.258068016385103
C00107,S0,0.13252005441362083,0.024320068572340064,0.5707471109961649,0.1614662992273909,0.2434665212041041,16.408220112194215,6.614371483040122
C00108,S0,0.11883421480269417,0.10489498932177928,0.0565467593235545,0.01284216142176964,0.8257160899328965,9.545416340932803,3.9887832918890362
C00109,S0,0.19477446601502182,0.28277371530297396,0.5358616858251215,0.11379230070775137,0.06757229816415322,11.251031883533866,6.051024298286295
C00110,S4,0.15234838380737256,0.06190756420279262,0.02797182796586482,0.8282833581915624,0.08183724963978016,8.529796324458577,5.737105795137049
C00111,S0,0.20676823873917805,0.13439857523474164,0.5649261266924486,0.047293273960012185,0.25338202411279764,9.461896489934084,3.3255671732774745
C00112,S0,0.02033100691862452,0.05366302603759461,0.7500102904987265,0.051443879693337,0.14488280377034204,18.237043179503274,2.7574486193976933
C00113,S0,0.1092718991455826,0.018530046981342634,0.7917208263471744,0.09979796729457602,0.08995115937690704,19.248560806616247,3.642202445808709
C00114,S1,0.290468594693146,0.017364185498173028,0.48527053761879985,0.1826391757169582,0.314726101166069,20.956731944540564,4.087223970326409
C00115,S0,0.12316374104754128,0.7044501632518276,0.04749782526814895,0.05224237018825955,0.19580964129176398,14.348745319368792,6.654354884133667
C00116,S3,0.9329147560085026,0.3807692059958854,0.13901696581699557,0.20730217081199637,0.27291165737512285,14.937008618413657,3.162755676634476
C00117,S2,0.598458216675099,0.17479793091721624,0.16380011081990573,0.3847556428596003,0.27664631540327755,19.825843630740376,4.059570308482301
C00118,S2,0.7910121952294343,0.6195471434682172,0.1677281625502983,0.15009338392618465,0.06263131005529975,8.55126153045695,3.1800369577297776
C00119,S0,0.1930274270758078,0.17119744204614573,0.27473593180485517,0.4032617713668733,0.15080485478212594,10.814840289640786,5.952900600904525
C00120,S1,0.09650441580753372,0.19141834296457402,0.2287347200327421,0.1027390701673772,0.4771078668353067,20.967080317701146,7.497812203489887
C00121,S1,0.2601817064114991,0.1780570187923766,0.010409131093566828,0.8044000134600029,0.007133836654053526,9.54036237422017,3.1251886794332497
C00122,S1,0.09421772481769351,0.2211546699235995,0.11801362628629876,0.2400413060140868,0.42079039777601485,16.533532401752225,5.046253061198744
C00123,S0,0.17773820908483393,0.12915783534456646,0.05549361828107925,0.73102236559857,0.08432618077578438,12.630367388048509,3.0735487139386986
C00124,S0,0.2312442566966697,0.39816850012417937,0.06033251720221304,0.5393900923867341,0.0021088902868735557,8.721590816848735,2.936050086965058
C00125,S0,0.11731346030757477,0.2901285844619239,0.2968131872166831,0.057012514546039464,0.3560457137753536,20.294018789151238,4.778280840515484
C00126,S0,0.13163680059478752,0.38629256824070485,0.13953293026065872,0.08836001074193237,0.38581449075670415,10.423512060525283,6.175272609369653
C00127,S0,0.057279937110609656,0.00635937205441125,0.03385221698547245,0.8236867612691646,0.1361016496909518,18.836410582015997,2.6543258388945876
C00128,S0,0.6164526808066926,0.30872870730397395,0.08093452208505697,0.20914525835365458,0.40119151225731453,9.518410505835389,7.270297263121373
C00129,S0,0.020812022619405273,0.2563809461859382,0.31626702768714704,0.20757140552027686,0.2197806206066379,12.71094432133879,4.338027115897194
C00130,S1,0.28561236380859273,0.5039293750122474,0.1258913836853177,0.18985974981046874,0.18031949149196624,9.152293912843787,4.182781892987821
C00131,S0,0.3290924808445494,0.09161358635886344,0.7446905401063435,0.06796726501484411,0.09572860851994895,16.6758482035254,3.3668669065183043
C00132,S4,0.1513888739632123,0.6096926261887616,0.18524375583528568,0.03680980813802757,0.16825380983792526,13.809017925732665,3.462180525396361
C00133,S1,0.06831095116502547,0.02102041601593803,0.015355069176663757,0.919080503781558,0.044544011025840095,13.511426998497342,3.249679966614831
C00134,S0,0.07831874450905507,0.3150560230349899,0.24692030532874082,0.18973617386520514,0.24828749777106418,16.852777308724697,4.132159222135991
C00135,S1,0.10503899520758286,0.18489033007069133,0.17403535251719784,0.34029762404641933,0.3007766933656915,12.639750759907159,3.409673271518419
C00136,S0,0.2732991097350839,0.09058707985383367,0.7520771954627359,0.07172418443653962,0.08561154024689083,19.307588317312938,5.777099428420625
C00137,S4,0.19519103233775187,0.14802791960769188,0.3065216569723071,0.4782049758778737,0.06724544754212747,17.681863770662492,3.444457721145164
C00138,S0,0.09283443680402954,0.237490150264745,0.274277355849459,0.18249194113048964,0.3057405527553063,10.845597457531618,5.295619409609983
C00139,S3,0.6516165679283689,0.09893314921840664,0.4354958938451151,0.20184851379277877,0.2637224431436994,13.338512239792,5.034402123106133
C00140,S0,0.006514117295066449,0.5155655701374425,0.03922528737710237,0.017884168184400723,0.42732497430105437,12.790443964100408,6.703559214506997
C00141,S0,0.10289841899215768,0.2175055984006926,0.5145640001663303,0.21589210709689724,0.05203829433607992,19.065551392184403,5.379536794821858
C00142,S0,0.333721344623246,0.42021967641025343,0.24267868658903186,0.10569841099545184,0.2314032260052628,19.969482878303804,5.608805211046877
C00143,S4,0.20899893280660484,0.41185382507224266,0.03019561062339436,0.48346181114115183,0.07448875316321109,20.672119861726678,3.7978813781124146
C00144,S1,0.49698115041587704,0.15421436709521222,0.14498615383075641,0.3316570731643111,0.36914240590972036,18.689221777141256,7.3754211078553045
C00145,S0,0.218956177049406,0.3858984002299327,0.32994067657428244,0.06393743748731581,0.220223485708469,16.08385707591055,6.40094478517962
C00146,S0,0.24165952150510084,0.38657767936928356,0.2150998075994228,0.17771973226679244,0.22060278076450135,16.434476161706918,2.3257465264874755
C00147,S0,0.054690107068046,0.027767753460483623,0.5163653260580962,0.2519897030266856,0.2038772174547347,11.823067923485656,6.519857693577903
C00148,S1,0.22189250978336408,0.3097060846142211,0.43761939760697127,0.14972108366771714,0.10295343411109041,19.75380175296926,4.428459492027603
C00149,S0,0.025026423972135847,0.3520491750088519,0.20642624694259945,0.31495868784212716,0.1265658902064215,7.062286347324082,3.157846650607063
C00150,S0,0.2574542004311576,0.7174294984926644,0.0352100495747906,0.21099986570736876,0.03636058622517632,8.94190644422333,3.7596409604506675
C00151,S3,0.9161246338325617,0.32835872917058395,0.2902980010450437,0.13126737726016008,0.2500758925242123,12.92068308101277,4.559809985326704
C00152,S3,0.825450517067598,0.027659200982169584,0.03446301243194998,0.7073298516663972,0.2305479349194832,20.38875916102785,7.251450855271856
C00153,S0,0.032385426075462034,0.1409393044600693,0.14325474525461332,0.2086525888700336,0.5071533614152837,14.767555605271957,3.842787761972173
C00154,S1,0.025823703401377854,0.26750232749930514,0.08191818765645145,0.6104409550564714,0.040138529787771875,15.58702930971715,6.355769437392919
C00155,S0,0.07211354609283285,0.2975223944474621,0.3201206356800246,0.10152215094768703,0.28083481892482615,12.696403438807952,3.968861096208766
C00156,S2,0.6373120381347595,0.28970891139318683,0.17135639881133713,0.34024213168576717,0.19869255810970876,12.009340453814989,6.653620353359788
C00157,S0,0.2491104780263839,0.10061867980318495,0.4885377389302416,0.07047967462636617,0.3403639066402074,16.326501129610314,3.222685825680377
C00158,S2,0.4498686665669122,0.1254123959155041,0.6725785896293601,0.07547941153576623,0.12652960291936965,8.081724423551151,2.853116078090163
C00159,S2,0.1950607635019027,0.018320902030494055,0.8134439514710515,0.011839830480664164,0.15639531601779014,10.578788415567256,6.329475465793105
C00160,S2,0.4988235653445512,0.09539382658001323,0.3830032968303871,0.37750676757490803,0.14409610901469166,20.697183111114672,4.782267837327732
C00161,S0,0.17295606815606124,0.059345841054821054,0.5413059629868598,0.13511332053712513,0.26423487542119395,11.965178064789106,2.9804994652415777
C00162,S4,0.1135194718493446,0.31783648934651726,0.2501584065145072,0.23094946950603606,0.20105563463293946,17.99621631267839,2.0365416780507606
C00163,S0,0.255889652932714,0.14218256140343077,0.1695663102387885,0.6739903191891204,0.014260809168660392,18.619813085788444,3.2251318378520253
C00164,S0,0.1901310154047854,0.2781161472626727,0.05337189551407566,0.15060927242635685,0.5179026847968948,13.238400415818603,2.0351001360416436
C00165,S1,0.5478638133553156,0.04972972405984678,0.03491068637194761,0.898951081862253,0.016408507705952757,17.359209884545386,2.331213399248427
C00166,S0,0.258110238540735,0.010716266883630626,0.17805902318998165,0.7505433934203107,0.060681316506076874,9.934350276574872,4.705697893300224
C00167,S3,0.5837034631427053,0.8091231827003796,0.1405689205818521,0.03046847824476834,0.019839418472999897,10.32000008467529,3.940515547764848
C00168,S3,0.6510660397151085,0.1362066616844494,0.33952412809175164,0.16775502789802882,0.35651418232577015,8.416004986586444,5.2231229259622
C00169,S0,0.12583356391713327,0.45704386164809735,0.05864155494823949,0.2317976357995961,0.252516947604067,20.363949856219403,6.863363660709076
C00170,S4,0.062754814349766,0.6233362495896981,0.1614484983124834,0.00012715775029497454,0.2150880943475235,14.694807065019713,5.590595609994699
C00171,S0,0.2320581371412943,0.07011830507939533,0.006461416704381937,0.8783889154729552,0.04503136274326735,19.30605438723807,3.8165291494739138
C00172,S1,0.14251909900966575,0.2642195266811861,0.3862338237896184,0.14048999519833125,0.20905665433086418,7.262508214307909,5.007399137157657
C00173,S0,0.03081231066037731,0.11276768854627674,0.10138042684360965,0.7343716614638187,0.0514802231462949,20.308237376687305,5.411958907089934
C00174,S4,0.2393346827846283,0.0038959736378945467,0.07789332912754021,0.8922591956359264,0.025951501598638977,15.042547229799016,4.849984704286244
C00175,S0,0.19036934510622058,0.15309870156714106,0.4591322496464353,0.1623177433923211,0.22545130539410257,10.175780784851256,4.6427140712976005
C00176,S0,0.27723475155111005,0.29291366958264803,0.0017121659166289083,0.5322772981028437,0.1730968663978793,7.825660785459457,3.821950502659214
C00177,S0,0.2507252079063633,0.1622804485058717,0.13019130358840253,0.3964359689790677,0.3110922789266581,10.185684163472834,5.482441017082522
C00178,S4,0.20421051321422398,0.3875107421205076,0.02983955861482511,0.34996796534317615,0.23268173392149125,8.865656022034432,6.48034925775079
C00179,S3,0.7867749227351895,0.5157080627410741,0.208305133899476,0.07715157103871718,0.19883523232073297,19.653069913091585,2.989492451651681
C00180,S2,0.10970963566890975,0.15826738545488528,0.28565671772677587,0.2081374096519908,0.3479384871663482,8.477916475197729,5.206513713451076
C00181,S3,0.5171869007542185,0.3635815898783479,0.11512399498690279,0.30400337156591684,0.21729104356883255,7.806728601658793,5.696523451647034
C00182,S3,0.7803205863790541,0.29752932668721377,0.10797362892574865,0.2457975101113871,0.3486995342756504,18.206297372458312,7.2893791991862935
C00183,S1,0.22176378239031022,0.5656568211157605,0.27321713514569756,0.05529207280319871,0.10583397093534315,19.79684812457032,4.284517848167772
C00184,S0,0.03235661996982684,0.13982848346759427,0.4808612055850098,0.1720854587539613,0.20722485219343467,8.20272466929942,5.656933322537114
C00185,S2,0.6126904824212464,0.12788501107252268,0.08307309935971531,0.5579643452939802,0.2310775442737818,11.921831417598671,6.477639403892037
C00186,S2,0.7886915831876278,0.580287988008648,0.09862440913834895,0.0868100638918274,0.23427753896117562,19.30916199538992,6.887997596484671
C00187,S0,0.021057473670477347,0.24481826667028198,0.40863153463244883,0.1351832679319029,0.21136693076536614,12.795045314466574,5.631466164905509
C00188,S0,0.12960313596751633,0.6087924170867218,0.1284736321136189,0.00428516366998578,0.25844878712967345,17.0315627160272,5.141763017268107
C00189,S2,0.45899731391126913,0.04553735863717596,0.7038573262628935,0.013891542298836154,0.23671377280109426,10.474406295036518,5.152321597111081
C00190,S0,0.08535211891579834,0.025941971634458442,0.8840521683673787,0.07199582668202685,0.018010033316136174,12.277913465587522,3.9969491738905947
C00191,S4,0.25886479709817206,0.2875528801260914,0.07606724139411702,0.2283373122793137,0.4080425662004779,14.192059576338753,5.326699291979166
C00192,S0,0.12770205922002445,0.07746151104243693,0.08883453139836446,0.14401125696136313,0.6896927005978356,15.91951778449534,3.736496801336157
C00193,S0,0.009292159211608966,0.13632039098184534,0.014338597028972302,0.6270579660215984,0.222283045967584,13.894997881493298,2.252183848591953
C00194,S3,0.6667514152458341,0.08062460228790917,0.07814543141596106,0.8263046344066747,0.01492533188945518,18.770893385166048,5.175057315427171
C00195,S0,0.08596084273293372,0.29161729219983146,0.026030857624921532,0.048436585002790106,0.633915265172457,8.467167648007532,5.174063600441405
C00196,S0,0.09832388503112759,0.03831438244513708,0.07874828153437266,0.0027505534497807233,0.8801867825707096,14.86090946578261,3.015801692116704
C00197,S1,0.4196367245708458,0.6813628392932027,0.03569677737897343,0.05610288955041261,0.2268374937774111,18.704366850088178,6.156449001601278
C00198,S3,0.8409846794357866,0.11828856518900563,0.3108892427760891,0.3891360770816632,0.18168611495324194,15.974901083612837,5.276313476452603
C00199,S0,0.25753577279034057,0.759042107464462,0.07262611108602972,0.07594517638023712,0.09238660506927109,18.18902932351652,4.3133367718624935
C00200,S0,0.12663585683631517,0.36041133345817794,0.10388568384680195,0.2912926080821285,0.2444103746128916,18.58349727129712,4.019262055324538
C00201,S2,0.43181951751695447,0.08242446283209508,0.19944464793993727,0.2340781957177049,0.48405269351026264,18.463814389194177,4.732858270650427
C00202,S4,0.5507324691740418,0.053512131099513256,0.04633362986981499,0.13720793899434822,0.7629463000363236,8.686745257947647,2.352002793995246
C00203,S1,0.10570468110424287,0.14020558076100376,0.3323974707312958,0.4018544730162125,0.12554247549148795,13.383787892916843,2.7466551669773867
C00204,S0,0.10582872560789414,0.22669186652068035,0.18134163102189,0.158873009079024,0.4330934933784057,14.029859040884837,4.591088006808184
C00205,S0,0.1395304807290873,0.10725952662861347,0.5976945319607025,0.2336032981845821,0.06144264322610182,19.18036233199993,4.920316264463644
C00206,S0,0.03483742525027884,0.4554796101767844,0.2872690044635662,0.10373548062835235,0.15351590473129703,7.462828807631606,5.436224815599163
C00207,S0,0.009667333154011026,0.24131472453807842,0.12368291050065167,0.37643173436001354,0.2585706306012564,12.243692737576295,2.3904657630650954
C00208,S2,0.4088985228412051,0.5217830874594784,0.4034987679227648,0.03804659700110994,0.0366715476166469,15.404500580653025,2.5090268574886663
C00209,S0,0.07809493627817239,0.4937237035179258,0.18895073576460114,0.1696649746898589,0.14766058602761412,10.429732025862272,2.0325187989091877
C00210,S1,0.27844754417991746,0.20357481230145102,0.470409462957511,0.22985867121216835,0.0961570535288696,8.342313527815197,5.841027488649496
C00211,S2,0.1780312153580768,0.34052027301501087,0.0608558708377648,0.5889446831680328,0.009679172979191427,13.31792702192326,2.258845898571439
C00212,S1,0.3218905695540017,0.3917559597961148,0.04178250211334331,0.16369068665288444,0.40277085143765745,20.7337331742214,4.548546161123541
C00213,S0,0.10956062217984337,0.07672745377942036,0.008975814489899678,0.5285002011069327,0.3857965306237473,9.777891854661583,6.36820544827022
C00214,S3,0.9445195246041445,0.3824290691569261,0.3733238329001724,0.14355508832991695,0.10069200961298455,14.082880187948101,4.989942944732543
C00215,S2,0.5144793414199529,0.11996938397911089,0.28863995253005,0.2659576732249051,0.3254329902659341,13.109025264055898,4.667929821748374
C00216,S2,0.16205578588370617,0.12586966820292625,0.6961781498307718,0.07127477258571921,0.10667740938058266,18.458984654276243,3.353914357470291
C00217,S0,0.03364627253671385,0.5963884506335977,0.2697395468047673,0.07084553431163675,0.06302646824999819,20.125872492692334,7.781128184355059
C00218,S0,0.27741032007349575,0.36244473983422915,0.03098316686720645,0.1977599531240145,0.40881214017454987,8.937639186226827,2.3258616551642444
C00219,S4,0.09661961208892585,0.4055562972801614,0.24658196233590907,0.12129485830326532,0.2265668820806643,17.49891026101062,2.355986994349805
C00220,S0,0.104766153817105,0.03853953214862522,0.17572403075614013,0.06975169476578313,0.7159847423294515,19.999393901931345,7.446812316574759
C00221,S0,0.31251733695915124,0.06786312637292248,0.07639845612737736,0.41144725568883894,0.44429116181086115,8.244140298523357,6.158586673080266
C00222,S0,0.5224998568591708,0.01619452051246863,0.27690112691314483,0.6190622299845222,0.0878421225898642,13.842366990710122,5.6019583521063
C00223,S2,0.022885511419882112,0.22763395444795528,0.12779447707060682,0.24216415580332543,0.4024074126781124,17.447833389004327,4.274282424991441
C00224,S4,0.4365246048428697,0.03810697105980388,0.1194038510433044,0.7117773439579902,0.13071183393890148,17.17870907436047,4.969091369540939
C00225,S0,0.22146695699333724,0.06745116096299537,0.6579766192964558,0.14805324457973618,0.12651897516081279,15.951697864082405,5.120307671725687
C00226,S4,0.15846687049889052,0.05441564606334449,0.4252645133633221,0.2382169541449397,0.28210288642839354,10.980181581761244,3.2268485300837964
C00227,S0,0.12858520095330084,0.017938780250744298,0.012086176345913377,0.8963712017608444,0.07360384164249774,20.66742006476937,3.209839552724966
C00228,S1,0.1589545071073915,0.22414684127132828,0.12309396982642838,0.5675096021362745,0.08524958676596876,9.907551524789449,2.0144683845900655
C00229,S1,0.09845495808053623,0.22947905862036866,0.29951095773185044,0.13694422733468428,0.33406575631309665,19.292409817612043,6.145419085325148
C00230,S0,0.04166594694519225,0.059490677300294406,0.24699358472897084,0.11666230699423231,0.5768534309765023,14.096700568610892,3.8851849188128407
C00231,S0,0.5622879707013868,0.24181147691148627,0.40090779976776286,0.21389368830573616,0.1433870350150148,10.829690389370963,6.003771656097197
C00232,S0,0.06290697294234517,0.4426938296639799,0.16554457962715335,0.3340221815659739,0.05773940914289278,19.12738687660591,4.409120496081657
C00233,S4,0.34164940882835537,0.030328135902691393,0.2555300578859932,0.4767508832511262,0.23739092296018932,10.563660965004129,5.95435539681532
C00234,S1,0.2762823073587037,0.47370952465883454,0.18711358529926883,0.06560125079581612,0.2735756392460806,15.109638420329938,7.264775154459937
C00235,S4,0.1824197584410794,0.08939553841565438,0.07998022180506763,0.7355168619010237,0.09510737787825424,17.243073262953047,5.907451572696087
C00236,S3,0.7406172696604106,0.3455423882776804,0.2873407638107395,0.22575900330899754,0.14135784460258263,13.281614060285143,3.029825075773096
C00237,S0,0.39705482290299604,0.13169403751013786,0.7329402161634122,0.006900458770457573,0.12846528755599226,17.102701490419534,3.6798661229368594
C00238,S3,0.9515169709041063,0.2862888455216699,0.02140488862869298,0.10396496368660949,0.5883413021630276,11.938281659644728,2.7087573596871413
C00239,S0,0.032436313207711655,0.15117052523529728,0.15863787999912132,0.09954279662123203,0.5906487981443495,15.746696141826305,4.661418800984982
C00240,S0,0.15445583481298578,0.024540295122813274,0.17255563233758087,0.5172443436740042,0.28565972886560176,19.09387986592578,5.082191710819561
C00241,S3,0.5861340148450556,0.15777148307650876,0.20946948868630222,0.4222327500166639,0.21052627822052508,8.478467072150604,7.195964630147148
C00242,S3,0.8011500885764034,0.025721693767251617,0.3732384194050334,0.03978927039354791,0.5612506164341672,10.428417278725696,3.6018307120770405
C00243,S0,0.10076650077349783,0.15427678048123727,0.03603076849558145,0.8076106142089378,0.0020818368142435004,19.331851431348014,5.476480177578833
C00244,S1,0.15805995994591165,0.7931143052064211,0.04273069549172409,0.09781942781649287,0.066335571485362,8.399366068958239,2.431974596830779
C00245,S1,0.24411167457779787,0.05478981361847089,0.10230304872622814,0.6640609046772137,0.17884623297808722,12.939172638465326,3.9946689741951995
C00246,S3,0.9381361208835812,0.03629643742542059,0.03930397644673801,0.02373714547257134,0.90066244065527,14.140226552948153,4.610517446623506
C00247,S1,0.19680700730392905,0.3173014464857922,0.24160980910651614,0.3195545999677653,0.12153414443992644,20.189851834992595,7.315850678556117
C00248,S0,0.19875110512617908,0.8295840911064161,0.061929725252938744,0.06809736530474032,0.040388818335904846,14.793377991768008,3.40462053694937
C00249,S0,0.4122101488287471,0.34997291954596377,0.17952586910154622,0.23265330891356012,0.23784790243893,12.509931298383044,4.274178599968615
C00250,S0,0.05830471025166779,0.16067686562251865,0.21146558940091922,0.3209716334766854,0.3068859114998769,7.206464256618603,5.581028227577711
C00251,S2,0.16168195446499348,0.07265572379192543,0.36749789170754626,0.207273796502182,0.3525725879983464,19.73967949123966,4.6300195774254895
C00252,S3,0.7414219332704626,0.34934565037057397,0.12801222239661159,0.16441478913934124,0.35822733809347324,12.486735473328958,4.091034071574624
C00253,S0,0.2398445472288144,0.11714613326574773,0.12902603063947277,0.5100135878145708,0.24381424828020853,7.85185621774414,5.932129508690877
C00254,S0,0.15553943069853932,0.0885184598542596,0.7116102494442218,0.10074882341184487,0.09912246728967385,17.81770232485396,3.140245330952919
C00255,S0,0.08112481840765491,0.2018292585635033,0.4910276801933073,0.1445174684458195,0.16262559279736985,9.35110735721985,3.7147548626635816
C00256,S2,0.21625655128629437,0.17627218339616238,0.11211955787618501,0.5025533765851207,0.2090548821425318,15.679589528629945,6.468147016256877
C00257,S3,0.871178478369811,0.18464389030966302,0.17783018533723394,0.08635199078269745,0.5511739335704056,8.11673299479786,3.330094941335245
C00258,S0,0.15841260351698305,0.059055950354481156,0.10206675672609508,0.5587699651727241,0.2801073277466995,11.546593012573283,5.170699367015812
C00259,S0,0.05040662691836063,0.079365627540979,0.2272486908031143,0.6631247004824804,0.030260981173426252,11.59537159339056,6.067233761387176
C00260,S1,0.4833280153354777,0.08445260852640755,0.10306790319315329,0.7081555024978291,0.10432398578260997,15.712829105062553,3.930671682313287
C00261,S0,0.0664908031744204,0.25429554871320087,0.024054512619385206,0.08966483259985236,0.6319851060675616,13.687127827901488,6.902617101996512
C00262,S3,0.8873622730142563,0.332544946346331,0.11881145291530139,0.09393153044698872,0.45471207029137906,16.148738985566748,3.681742589581135
C00263,S0,0.23331910470027953,0.16471484549337148,0.12799568538742467,0.42548266330763646,0.28180680581156753,16.015411252528537,6.240491501585535
C00264,S0,0.05523199347629246,0.07416458596902968,0.09444120487902696,0.6984182863917665,0.13297592276017686,17.000191770703594,6.291861044209668
C00265,S4,0.1480633480003451,0.03462759846993447,0.15548448730364664,0.0970076511692412,0.7128802630571777,9.459897897829807,5.458334840992717
C00266,S0,0.12144663984901008,0.30270788397947296,0.2227918316766879,0.17770953098329567,0.2967907533605436,14.857045318959035,2.162839753305082
C00267,S0,0.232181314119855,0.2981548724071643,0.24995835016420823,0.2811073349231566,0.1707794425054708,10.60713487886883,7.441731339455375
C00268,S0,0.0600552935226428,0.0717261941208839,0.21729168961458464,0.4919486611954013,0.21903345506913022,19.462275806359052,4.726770368985181
C00269,S0,0.0396896157140845,0.44380066583853406,0.2681931231947462,0.14265737766592365,0.14534883330079612,20.716829490640073,4.023637833735595
C00270,S0,0.3087270524338627,0.6655866436591604,0.21280870455381778,0.02612677072728587,0.09547788105973588,9.325416978319426,5.755475272192326
C00271,S0,0.031043836935781367,0.2388411399598142,0.2996623449892166,0.3105618390231609,0.15093467602780827,10.097099460344083,4.2148560930966115
C00272,S0,0.0820998636206072,0.18516341729638347,0.07003764625222998,0.6812595240046981,0.0635394124466884,12.274758598154293,6.861259134196074
C00273,S0,0.07492103350289658,0.3900671060332216,0.04807119383162899,0.025397480898281633,0.5364642192368679,20.382444704878587,6.8542777305829325
C00274,S1,0.18418901595071277,0.05863203662609014,0.013671449171051678,0.7713166999615364,0.15637981424132183,18.717305072468246,6.614205366227696
C00275,S2,0.4619613644190451,0.7484200634333305,0.12174997225979375,0.10986198891679125,0.019967975390084474,15.979850663188104,5.409137351411749
C00276,S0,0.2177357076964182,0.6262092166709494,0.0827786689024319,0.0808979828638494,0.21011413156276917,16.12597066026854,4.394933779859316
C00277,S0,0.08367916082519142,0.08794996014180614,0.07175782268294972,0.15554061195898947,0.6847516052162547,12.912905161684048,3.8564596241697586
C00278,S1,0.3451011613890368,0.3482792138221157,0.23488885754441097,0.04568520757500913,0.3711467210584642,11.750124241706391,6.58281711398144
C00279,S3,0.8468401227756424,0.9116168113006662,0.04506738000482512,0.010847710863241402,0.03246809783126723,15.208925597808612,4.695770377319027
C00280,S3,0.6595638061211548,0.2683398472182193,0.22446448917587572,0.40010406595353004,0.107091597652375,8.616802230721285,7.838363921104714
C00281,S0,0.05892039158575745,0.26734946683722377,0.1148279163341862,0.25572360424101276,0.3620990125875773,13.897909860341333,6.7758491393961675
C00282,S0,0.05805476786264809,0.05037624509138687,0.00010058538005964063,0.9116214373839971,0.03790173214455633,14.6127635064905,2.2431622045775748
C00283,S0,0.11077644197761659,0.009713971471755992,0.1336511865566899,0.3357873906542655,0.5208474513172888,9.993934656383988,3.188845180591965
C00284,S0,0.07554956808882003,0.007667631455300538,0.2203296991552473,0.702498118504345,0.06950455088510725,12.233940667248865,5.635093371989467
C00285,S1,0.15231542405694268,0.3794344809964368,0.2772826249775599,0.1556593336274643,0.18762356039853884,14.487358169309685,5.08363151947741
C00286,S0,0.23940796913059023,0.08485889057140239,0.018225795640223738,0.22341212757622642,0.6735031862121474,7.3136765125519405,5.3745777082028034
C00287,S0,0.0743248002468193,0.017223096855207103,0.06428190731903478,0.8490555906461678,0.06943940517959042,16.19456457881997,5.672951704172211
C00288,S0,0.02149499061180502,0.16164915722442935,0.7444601369648214,0.07842276587836519,0.015467939932384078,12.157375125823235,3.6025476598244777
C00289,S1,0.0591558570700088,0.02590138561092151,0.19024136957724147,0.576832957023194,0.207024287788643,14.438500759371209,4.714684395307721
C00290,S0,0.06270793652160062,0.3464585787164935,0.25918549685392755,0.16053462694892384,0.233821297480655,12.500347939035628,7.581452109805794
C00291,S3,0.7258467975725449,0.2536877879624184,0.3780208241046892,0.2717519168923316,0.09653947104056067,19.62683327993086,5.280901209630626
C00292,S0,0.13557850976765687,0.16368430895290892,0.7658610166282851,0.004377510595811157,0.06607716382299479,20.341251196347365,5.45241880002043
C00293,S4,0.2733938846617959,0.8136552975178294,0.1152966730404833,0.05823947357157528,0.012808555870112117,9.372168407630678,6.701184149601383
C00294,S0,0.05933360995715103,0.09677575778875239,0.5353323361249693,0.3422378740526777,0.025654032033600657,11.907289028562449,4.137818508609863
C00295,S3,0.8326084177899109,0.2977511647298281,0.4005238802656096,0.18815644626268901,0.11356850874187333,12.458796457009608,3.916482355421346
C00296,S4,0.3058675417750114,0.18566365858415332,0.24012291387284448,0.3662605696438681,0.20795285789913398,16.214712434618317,7.013409047443264
C00297,S4,0.3307336999422549,0.04105808480023973,0.37925306944200776,0.37089134494154613,0.20879750081620635,16.070448823284238,6.292957980745391
C00298,S3,0.7565829721579683,0.10981140110860965,0.43033425674507686,0.17183462698704036,0.2880197151592733,12.171939986562734,4.836119998613583
C00299,S2,0.39769126852248765,0.6066592080440343,0.03315743310041283,0.2097998893409853,0.15038346951456766,15.01403319147049,2.2305016146142673
C00300,S1,0.1665935345577435,0.24145542387085214,0.016448915313209845,0.7018687538235595,0.04022690699237849,12.422292474489037,5.128281238647377
C00301,S2,0.262932526085823,0.1723549328611827,0.17712173500867712,0.6415355887305357,0.008987743399604474,9.250205204487703,2.129917250192221
C00302,S0,0.1612176315477554,0.19805243518376656,0.026278967412757846,0.7049785637787738,0.07069003362470189,13.213068028710662,5.195180775109599
C00303,S1,0.31639576119825885,0.026303861187495805,0.04727642860480498,0.9084434109688336,0.01797629923886556,7.2757209503808795,2.3549698789860805
C00304,S1,0.5192773897946941,0.1618962634610398,0.09904599052591034,0.713530193878076,0.02552755213497382,12.477909512591209,2.2732545999267164
C00305,S3,0.7830523361252387,0.47496963653451124,0.17258308223729288,0.2034294044331187,0.14901787679507722,14.447278383328872,2.3278231959851556
C00306,S0,0.28046860945296936,0.3590706585540862,0.351046403562192,0.13697707855176952,0.15290585933195225,8.684375946348885,4.639985431991253
C00307,S0,0.13834211856697942,0.6523939907955455,0.0216688048801287,0.00048137506517915513,0.3254558292591467,19.638170702733788,2.168315337489208
C00308,S1,0.27933272773235657,0.003979650301572239,0.014339372814749209,0.1178819174328524,0.8637990594508261,18.496685314670653,6.867114730209343
C00309,S0,0.26143642808036793,0.6323636559038904,0.18671139607216317,0.17586955313997518,0.005055394883971172,11.516956280814096,7.3793740395218475
C00310,S0,0.133535172649115,0.03626269628844452,0.055884897376098336,0.04598937289398933,0.8618630334414676,17.38644973573483,2.6389393854721215
C00311,S0,0.10176242939746707,0.06696441120251917,0.37960923818587133,0.5477038024193622,0.005722548192247304,7.036100546812207,4.981529193508679
C00312,S0,0.07479545926406313,0.23385558587655741,0.08409910462264199,0.05312352384999854,0.6289217856508021,11.439834193720799,6.201538393233955
C00313,S0,0.16446816675838016,0.6218615508056539,0.1795953258983117,0.1643625416287674,0.03418058166726684,20.092829279540208,2.8721018300506254
C00314,S0,0.24125198318628543,0.2410404450528804,0.08855795185934946,0.12663137914545636,0.5437702239423139,19.760820873287052,7.837430601268176
C00315,S0,0.007266686417210249,0.14014384449690181,0.21510057743333585,0.04888255437895299,0.5958730236908093,10.147075426152998,3.483939641238605
C00316,S0,0.0800534840629143,0.33827527571568883,0.28310048280293615,0.2761917041242201,0.10243253735715485,16.325835465161738,4.608930340978916
C00317,S0,0.12273063293561322,0.09715024015747387,0.14570782573425456,0.025733558813280166,0.7314083752949915,12.589118152834917,7.139690854303707
C00318,S2,0.4317271707320577,0.3731833099771795,0.12244930816222745,0.358488272775395,0.14587910908519788,17.338709718487188,4.642131155824306
C00319,S0,0.15633481006887873,0.061303116610034,0.03467244584990436,0.6228576730570571,0.2811667644830046,18.995874486451253,3.603302979090983
C00320,S4,0.24609556015214615,0.037890245740248824,0.25490361449854354,0.36325408548487226,0.3439520542763353,17.18579873296439,4.264816898558943
C00321,S4,0.3584088802232083,0.06459210435377168,0.028829399660999788,0.17619666668389547,0.7303818293013331,17.686541061634845,3.76793653313245
C00322,S0,0.1279114343403514,0.6996638761429572,0.2406221923276955,0.04496082596786043,0.01475310556148685,12.774018454654943,5.809041314097835
C00323,S0,0.038639239414024036,0.27152982566452133,0.05314858639697922,0.4531577247140226,0.22216386322447695,11.751953485346782,7.670476312228412
C00324,S1,0.17179315066483036,0.11900614841606652,0.4649948759222169,0.2470165139766726,0.16898246168504405,16.075024563799328,5.468235487519591
C00325,S3,0.5783503814953298,0.00779907079442725,0.44273883101150874,0.15674888542950094,0.39271321276456317,15.450690678941726,4.025277480163751
C00326,S2,0.7719890459827605,0.4097371630235964,0.13184292694824012,0.29042999166586075,0.1679899183623028,14.657990779632138,7.038567489501683
C00327,S3,0.6933962969769532,0.11687843455179894,0.5174667393324929,0.03324063041387491,0.3324141957018332,17.448744928760476,4.78460518515094
C00328,S1,0.2292289705059868,0.24055375781088265,0.15780096976007738,0.2997283120362429,0.30191696039279703,10.827112103293896,2.1764576157390367
C00329,S1,0.0695860430398153,0.2058760503832404,0.39410689894183853,0.2993851449580135,0.1006319057169074,12.368295509071784,5.935292311177403
C00330,S0,0.4078717548729854,0.35577366131053517,0.5174836875926195,0.08833457794998548,0.03840807314685986,18.60430448626799,5.054146809529083
C00331,S2,0.6670449725364129,0.28806433608253296,0.1648667574285647,0.10368116081493282,0.4433877456739696,9.589763326568631,4.642260809508722
C00332,S0,0.1568037204523101,0.04402610647587852,0.5839612817019223,0.14314097311379795,0.2288716387084011,16.630416118308332,5.082026344085904
C00333,S2,0.09049082933296874,0.3886294435861412,0.03487846544938276,0.0058400585624771685,0.5706520324019988,12.03989912692181,3.538108055143134
C00334,S3,0.7356049699116154,0.06341591493029812,0.8653777490175663,0.06589207503666034,0.005314261015475441,7.599619987311655,5.821942288966098
C00335,S0,0.1811649910661086,0.16275333907221784,0.060173920851202864,0.6927209691017026,0.08435177097487684,20.61970327645252,6.609903409056696
C00336,S1,0.26763709243899375,0.08189819178976075,0.020302274675581617,0.06217160168887509,0.8356279318457827,8.894558996613666,4.874810554777473
C00337,S0,0.04616558011719618,0.15188507626183523,0.2514274866736481,0.07468150789189458,0.5220059291726219,20.522989085955118,6.318271685703964
C00338,S2,0.42699227576815185,0.07299704776148223,0.5252350389669367,0.11497541937282045,0.28679249389876066,12.784528021098323,3.469925565793127
C00339,S0,0.36246449487938937,0.4299738510883105,0.18945347916966415,0.0005559792161377937,0.38001669052588766,13.889238790755954,2.501005492555569
C00340,S4,0.3725412181711774,0.029146369422745625,0.12452705782782192,0.5420259845239732,0.30430058822545925,12.50517323441412,6.508024038352813
C00341,S0,0.15697252005786072,0.603000587307517,0.050102409942666515,0.17756101314829043,0.1693359896015259,20.15108640821854,2.939576297123324
C00342,S4,0.26015640610549307,0.12797038361778532,0.03530869098455747,0.8328427604949277,0.003878164902729577,10.395385423508827,7.870728982871025
C00343,S3,0.8014535365211918,0.13794065788763546,0.04541268615692302,0.7854874139858733,0.03115924196956831,7.91136856664737,3.5872791681045624
C00344,S1,0.4277875456847515,0.11335821375783882,0.03737771854086353,0.24872192473225835,0.6005421429690393,16.78854478689918,2.156762697034284
C00345,S3,0.8519836910133934,0.055101232852397465,0.0387822684892867,0.8345065110035548,0.07160998765476108,12.559952249594378,6.3524270621157095
C00346,S3,0.9382397085727805,0.12328425117269041,0.6780119797694626,0.04659322046370923,0.15211054859413797,19.639596306008624,6.8017016998725115
C00347,S4,0.32698861573663035,0.6652330060034238,0.038122072590285126,0.03583708507092322,0.26080783633536775,15.169914506600884,3.534270521611252
C00348,S0,0.2828708331521984,0.40226210195333756,0.4686423436721593,0.04121774704651613,0.08787780732798693,10.376566343154217,4.068644815491023
C00349,S1,0.26844085745200563,0.020815094574196225,0.16035553529008076,0.22524742215157378,0.5935819479841493,8.057145321907592,7.360242852895462
C00350,S0,0.11894005073299833,0.07326843528672645,0.6216279353507623,0.14627443806937387,0.1588291912931375,12.785262110958032,5.743766738330214
C00351,S1,0.07807759993705618,0.06085873002712163,0.025415630410539528,0.9079086755473188,0.005816964015020104,20.732642953778736,3.5548790942612305
C00352,S0,0.11449179818255656,0.19385460940144963,0.055079725073810246,0.0912911272078901,0.65977453831685,18.927086784085603,5.443886383665614
C00353,S1,0.4312995600304773,0.29200401838349066,0.3229531372181912,0.3047288524431497,0.08031399195516829,15.510010779898472,7.3624160400345
C00354,S1,0.44609316652493286,0.24104290722090416,0.09973583935906404,0.33983184968906727,0.31938940373096447,7.732231502542389,4.367943137677381
C00355,S0,0.09955717014062221,0.1996607046877821,0.35613494714535543,0.2159735899679083,0.22823075819895422,20.077559866601874,3.167650404822522
C00356,S1,0.6167615905001826,0.7203763339249962,0.1473693801248313,0.04693134301870439,0.08532294293146792,11.500161861784003,4.835000529682517
C00357,S2,0.2028394185362689,0.014863103203618902,0.06038005942191479,0.7763658792905637,0.14839095808390268,7.120469377940563,6.128895988853708
C00358,S3,0.7442215132229933,0.6009665857658141,0.2408008994945831,0.11114815521627743,0.04708435952332535,16.68452847105307,6.004064142823684
C00359,S0,0.14252483399604504,0.08913755790713378,0.042064718883906636,0.07307491837436805,0.7957228048345916,7.887151720710204,7.631636997374597
C00360,S1,0.30897620371025036,0.673874612090326,0.06824609082634313,0.22286597051012996,0.035013326573201005,16.589110119729845,6.968258970368652
C00361,S4,0.23591522033677476,0.38389067857951775,0.5110378330926568,0.0944524882709603,0.01061900005686516,7.710479991549808,7.423520889189295
C00362,S0,0.08140736663797932,0.025348696007075566,0.13199052470257822,0.6322608280123929,0.21039995127795336,13.784637147323226,4.237350955738801
C00363,S0,0.16017445346719708,0.19335281329521758,0.1892271306266642,0.5991243396610653,0.018295716417052868,17.124248316767908,7.0184271976244075
C00364,S0,0.06701134923838548,0.06296006930474028,0.5704098944112108,0.1454577760767954,0.22117226020725353,14.923116533131925,6.014459332563075
C00365,S2,0.3865350175008483,0.48657629392877805,0.1849799373118393,0.03342704811455122,0.29501672064483153,18.680184413977603,7.594484381871995
C00366,S0,0.3897860363291937,0.2688682766655427,0.17639044143521027,0.42554566042928454,0.1291956214699626,20.20402030348122,7.140934012261665
C00367,S2,0.1741897371170485,0.02384980658976587,0.271194188396727,0.6728602194240002,0.032095785589506785,7.110565886475145,2.1509196537680744
C00368,S2,0.34165131759526146,0.21399711588587333,0.06699107478650185,0.6525651337671231,0.0664466755605018,12.778567914509406,7.182317119448513
C00369,S0,0.13886039942120346,0.21698015197243462,0.1748175555801857,0.3951948012003183,0.2130074912470614,19.869257748238788,5.933120450668536
C00370,S3,0.7125079763384159,0.1385737961617574,0.01920251984264553,0.3324429736423182,0.5097807103532788,7.357836732896011,3.6981159306430946
C00371,S2,0.5734341022476079,0.273385203011207,0.1881689146064683,0.1923553445264584,0.3460905378558662,9.898358409471829,7.590213598040739
C00372,S0,0.11969263598847972,0.25649800489981517,0.00798832165390971,0.0045262055251399595,0.7309874679211353,15.382338098794033,6.086491771603882
C00373,S0,0.30005437435161364,0.0279941626088536,0.3212834004008337,0.5467786435858785,0.10394379340443431,9.279354716471815,5.302913619670028
C00374,S0,0.10713803826482218,0.0813661257041818,0.2348950249261652,0.2925348619517566,0.3912039874178964,20.051912265743212,6.435411782495952
C00375,S0,0.3012050693808844,0.6566168132100297,0.14865498596598922,0.08741182339565393,0.1073163774283272,18.188301069095516,6.261148368806625
C00376,S0,0.12366231228981421,0.34305527733072955,0.1249820391873591,0.0641750740302859,0.4677876094516254,12.150919620515465,7.388370935349634
C00377,S4,0.37110713058905836,0.17769891370251065,0.13408034957093382,0.6032453149441854,0.08497542178236998,9.195408632542115,5.504408269359222
C00378,S0,0.013274743003068988,0.3987051004241998,0.1598137266098552,0.20401097515075864,0.23747019781518633,17.81959531140859,5.96092651269841
C00379,S0,0.09371662808275764,0.25547758055824793,0.11193564903676803,0.04610266307348136,0.5864841073315027,9.163208603280022,6.375579674988394
C00380,S2,0.28352416749456816,0.504327967547216,0.40991396662268187,0.05273026236445045,0.033027803465651734,16.513613973977492,4.058490101276386
C00381,S1,0.32055623358909097,0.001642943776959266,0.1266428630228837,0.014153428585718527,0.8575607646144386,12.493361521610408,5.222464134000805
C00382,S4,0.1770208942400958,0.06463417861732276,0.11230780797976878,0.0278654522759751,0.7951925611269333,11.51250881660024,7.692635483019528
C00383,S3,0.9288948848081005,0.7171046408293842,0.012268854655377096,0.02314276745318884,0.24748373706204985,13.39628650478782,6.132884583194972
C00384,S0,0.023280102182790082,0.2193278317300706,0.27570191871943756,0.259298649501104,0.245671600049388,17.876273555833457,7.193099637946807
C00385,S0,0.03493020284694127,0.5916449146558441,0.0015370585753685,0.25145917763080544,0.15535884913798187,9.096108690150443,4.151033763494109
C00386,S4,0.3783431110683063,0.9504255172680576,0.030991178548697835,0.014224467877896536,0.00435883630534807,11.902506252390143,6.312812471223937
C00387,S2,0.5602422722589603,0.21657846788171523,0.446286205832874,0.05580621334542239,0.2813291129399884,20.863370833974315,4.155288116087275
C00388,S4,0.15722555778590797,0.4506008919996052,0.21395162463753647,0.07003291573418148,0.2654145676286769,15.953512853707748,2.0510283830636644
C00389,S0,0.04207115749590907,0.2015017739419667,0.0448219032705131,0.6316100463794256,0.12206627640809453,18.606726482719452,2.8237630212583924
C00390,S3,0.8146988061277687,0.09545618543399159,0.6408139236682905,0.19367482041338857,0.07005507048432938,18.170953541417447,7.9070693197459185
C00391,S1,0.2615693673427179,0.08206129299550759,0.21711508371928592,0.6844615090890486,0.016362114196158073,15.343465071673489,2.9426114164307204
C00392,S0,0.007681811642674263,0.033810988946951864,0.27603794223914735,0.6461858163638448,0.04396525245005604,17.420763626177155,5.356944529215345
C00393,S1,0.030658855570372633,0.24899645987914093,0.26876262287296554,0.311126635599455,0.17111428164843834,18.522236360226504,7.953298656805622
C00394,S2,0.633105886966989,0.09836947031052186,0.733619903263487,0.04407296224194376,0.12393766418404736,17.32926352940079,7.278422615945687
C00395,S0,0.09068350852208064,0.06377996572042345,0.09409176021648949,0.49560508745897247,0.34652318660411446,17.236771994719785,3.0451124817198876
C00396,S0,0.24555287673554863,0.11824233892227555,0.13941334532324304,0.17655804392790206,0.5657862718265793,12.473437311555145,2.8996530615613683
C00397,S3,0.7743611533790359,0.12661735464586485,0.32938386498392985,0.09567881547030894,0.44831996489989623,12.686997596118161,4.421120853819902
C00398,S0,0.43982391993872616,0.6011083220670301,0.059547152987217314,0.069525069379084,0.2698194555666686,20.122806498753413,5.805927195309223
C00399,S0,0.09136537432467125,0.34507437245604344,0.2279620278015768,0.2662356841019035,0.16072791564047625,11.472112953515005,3.050239328580871
C00400,S0,0.11860035126338703,0.2287570214548347,0.10601588625110957,0.12011148027931365,0.5451156120147421,13.03826063567964,3.583661676808551
C00401,S0,0.23231633320059109,0.1628129162588815,0.181657230346572,0.56655148349573,0.08897836989881654,10.937550598682105,2.8481020028911352
C00402,S4,0.2848820869501658,0.33754897808524637,0.32569517295572753,0.2097086475947484,0.12704720136427758,16.735264779288496,2.3197510707340165
C00403,S3,0.7641398203477835,0.7928553948705063,0.11880034107390136,0.087254068302912,0.0010901957526803878,15.6586317762104,3.462613848614202
C00404,S0,0.16502112400960156,0.04872756099699538,0.2536878032919106,0.2764707592706966,0.4211138764403976,18.584120293031447,2.3392214130324716
C00405,S4,0.4268011024444029,0.33391590331643195,0.09842524088531503,0.4553123977912011,0.11234645800705191,10.93369272561629,7.860570426898833
C00406,S3,0.7556878856710374,0.10001317447297403,0.1634828060329056,0.44835038797633564,0.2881536315177848,15.9918976582269,7.241952391891347
C00407,S0,0.2988230894520644,0.2770508345886219,0.006664757702860573,0.019959565852260146,0.6963248418562575,11.18922140842319,7.845299178105981
C00408,S3,0.8549921943617491,0.093937999918818,0.10217778267754282,0.5637785796937812,0.24010563770985796,7.325115772198595,2.4747921782038955
C00409,S0,0.23903330235962222,0.39775238138531155,0.49375604792439287,0.03579305487437654,0.07269851581591896,12.107708065748488,5.643997734466064
C00410,S4,0.10382120280553642,0.022668295375887902,0.6654321938605988,0.2528898304716186,0.05900968029189465,19.995245145432627,5.819261020313228
C00411,S2,0.03821656473510417,0.09479526052201029,0.2114359494452475,0.5878085656353773,0.10596022439736495,11.858961334446505,3.297429795817232
C00412,S2,0.572943848752488,0.23580652190046106,0.017945427038553688,0.047852208856132755,0.6983958422048524,8.643836434917784,3.2440777070300424
C00413,S0,0.11005494431149518,0.6509257726420837,0.11289068869380826,0.08895822681990301,0.14722531184420504,12.426190875851951,5.339835037290728
C00414,S3,0.8513732705553372,0.007094626496160532,0.015493832264972241,0.8529237627203684,0.12448777851849874,12.107014385090789,4.98600096405181
C00415,S0,0.01537625495414499,0.27289039883657173,0.17983111287271625,0.22194575382264303,0.3253327344680691,20.418689397308377,3.543183085547518
C00416,S0,0.21120963144113603,0.22183321606652615,0.016445855911112865,0.6810603140823754,0.08066061393998537,11.419351613266436,2.8749210405284864
C00417,S0,0.11508860626202093,0.06777727251950498,0.4780593305857676,0.026335925959545117,0.4278274709351824,19.801966178856873,4.769345951375332
C00418,S2,0.10159224382738322,0.7247514427384006,0.04899153889239064,0.2030133541104786,0.02324366425872998,9.275464635036679,3.8186981203801995
C00419,S0,0.1215169686624585,0.0638640230555572,0.7333154272374519,0.14922433864450602,0.0535962110624848,12.612969357190803,7.902931046773249
C00420,S4,0.3736399538977541,0.09628062999519461,0.08966098264778674,0.03746874766273791,0.7765896396942806,9.045895682895203,5.392370593820245
C00421,S2,0.8041352660186557,0.003232181565225511,0.3606650417674366,0.5873066612395748,0.04879611542776313,17.43192386145539,7.672847454450003
C00422,S0,0.20477170851626253,0.25530784857941746,0.05188395495102188,0.1854369730327137,0.5073712234368468,16.622717340494145,2.2942951224467083
C00423,S0,0.22145379159904857,0.18236643651709739,0.5914224180822862,0.15634887053379906,0.06986227486681726,16.56591591962568,6.72647097861893
C00424,S0,0.053200457699791155,0.1546564264436762,0.514491340564918,0.15948020139558036,0.17137203159582548,10.383535861787049,4.057255275562474
C00425,S1,0.10209833699106632,0.03707466648085941,0.8521987949370367,0.02132314443840114,0.08940339414370288,9.111109232876244,6.286719416043424
C00426,S3,0.8151873192335448,0.13925145928963725,0.08167166857436321,0.746495242730934,0.03258162940506535,7.649649851608261,3.881057638308044
C00427,S0,0.3842917875024852,0.46030840038894527,0.1941537042402486,0.1824880058026057,0.1630498895682004,9.238700796166462,4.3538509442450275
C00428,S3,0.807739459963789,0.5613099740211452,0.0011548213053124128,0.28546787803196855,0.15206732664157369,19.99280634379796,4.055328226498639
C00429,S0,0.12216767035529696,0.05716576133626604,0.11789586439074573,0.1441838053283416,0.6807545689446466,10.954427814577858,2.813850612055174
C00430,S3,0.705560301042277,0.1587487585094828,0.5194639851018618,0.2348460525793692,0.08694120380928635,14.675608936057563,5.471362253652903
C00431,S4,0.32892744372963906,0.05707585843545285,0.6018097450962441,0.007821277836053825,0.3332931186322492,14.097983452024671,4.082115734497081
C00432,S2,0.08315275923213604,0.5815757410977461,0.09220392346388513,0.17352586192685765,0.1526944735115111,17.682461068599476,3.5754062748074116
C00433,S2,0.17957351144922828,0.8068427597887532,0.09197044199030333,0.058250370509584995,0.0429364277113584,13.503180162500955,4.51325605766575
C00434,S3,0.9024566725923262,0.0727288047671163,0.0038016685332953144,0.08269954904819547,0.840769977651393,9.956476880179832,6.448130544051841
C00435,S0,0.05444326202750495,0.07022941807815132,0.08944627086377839,0.48349430134368104,0.35683000971438905,8.773258954754583,6.211572731918993
C00436,S0,0.06227987840365337,0.1294423372593426,0.0611895382295248,0.634633326427747,0.1747347980833857,7.771716594910163,2.205714404320851
C00437,S0,0.1951417117827492,0.11169398860451857,0.14890422938786452,0.723786050797421,0.015615731210195919,17.806955978062803,5.333456385217688
C00438,S1,0.1617572836322546,0.48189531770958555,0.1913742051914149,0.03995554820362481,0.28677492889537476,14.37234069302574,3.4843452734708222
C00439,S2,0.2951999957576998,0.16933710994369808,0.14844709171117484,0.3475414961459003,0.33467430219922684,14.786612170047011,3.3551089026874092
C00440,S1,0.1175385713669696,0.6409493353230461,0.047735204411115374,0.07098275359188431,0.24033270667395418,12.008652463948746,7.9943566084101505
C00441,S3,0.7237231951558568,0.5630323141984227,0.14017065805454773,0.24440273457609116,0.052394293170938425,9.251063369233528,2.4612454680428013
C00442,S0,0.013046839643273725,0.2332540233015658,0.07053320042060901,0.6752414195521471,0.020971356725678018,15.276800165474707,4.61755599440788
C00443,S2,0.4744455949709214,0.09323722196313862,0.14183620407517528,0.057229252977559666,0.7076973209841266,8.201185269611416,5.442504109717051
C00444,S0,0.1944854048792209,0.2569749670381057,0.22292842235763574,0.36587400346527826,0.1542226071389804,10.301567177319836,6.244878574612507
C00445,S0,0.04959596202095016,0.15635403157778713,0.24522428018410938,0.3646301607284308,0.2337915275096728,9.045409927860916,2.123229884172974
C00446,S2,0.22508795516105418,0.13190713613944108,0.1845907510764321,0.5111579749711844,0.17234413781294233,8.68576150231121,5.926686298599378
C00447,S4,0.1880771589482373,0.1288270293572817,0.06084050279116045,0.41079652595014887,0.39953594190140895,14.39267240250293,6.6400841156369115
C00448,S1,0.22282706596357024,0.5418807174984651,0.18528671150587436,0.1401086517502653,0.13272391924539506,9.73344252363811,6.142173871722104
C00449,S0,0.14381420003334103,0.8364495549004028,0.11257694751781455,0.043543536517200734,0.007429961064582066,13.128973735991943,2.0610257719743506
C00450,S1,0.37192348039854733,0.19854216722731816,0.2944572943124494,0.4565578595258073,0.05044267893442513,20.28973747877744,5.967263473820712
C00451,S0,0.04147146419425889,0.23783106669480067,0.599539622948381,0.1447307762062968,0.017898534150521474,19.526828569899234,2.6054901862427324
C00452,S3,0.7293673156887408,0.1461144699175052,0.36178980098122393,0.21132096950507265,0.280774759596198,18.47674624066333,4.5537946597830885
C00453,S2,0.29020342095084684,0.029033699948435028,0.43755334520326017,0.47054565122471914,0.06286730362358568,20.533077076816696,7.567379562886117
C00454,S0,0.10386628354121814,0.05314276140061266,0.050307161236826145,0.010771934077253726,0.8857781432853075,8.972472064764322,2.0329303768075424
C00455,S0,0.2327446149399713,0.6150904687870989,0.0629307920174268,0.06729384360790423,0.25468489558756996,9.144228555485151,3.321688911851374
C00456,S0,0.07348923258995611,0.3177304306180479,0.3997374876564544,0.15285879160637625,0.12967329011912165,7.024145019588467,4.9267648095051015
C00457,S4,0.2225431213850773,0.5932941581401829,0.2950195838604549,0.02587686314830153,0.0858093948510607,15.500492197215856,7.639278925125832
C00458,S0,0.0809857978004606,0.016273078312866767,0.6117014091634809,0.2422332800431225,0.12979223248052987,12.372472647211367,5.45718550653109
C00459,S3,0.601149944648273,0.44452178587292257,0.23224673861004708,0.19809111626307233,0.125140359253958,10.425623883566862,7.295142536759178
C00460,S1,0.28339108260632245,0.19265483268492806,0.5055465077803029,0.08534496621751123,0.21645369331725772,8.507028502557805,2.70926760706718
C00461,S1,0.13638222570970712,0.29314549172761967,0.5436230447584619,0.11199946916875539,0.05123199434516316,7.492174361380012,2.2697208344681012
C00462,S0,0.260705768832368,0.028525354117287103,0.3634559325659481,0.433945177358881,0.17407353595788377,19.159002267464405,6.141729003985558
C00463,S4,0.07230657087782648,0.12764753922123986,0.2604910426578829,0.15214768747056787,0.4597137306503094,14.472952470604586,4.692477403250986
C00464,S0,0.09886066422532788,0.0491278416757483,0.6736562433208574,0.232744428272177,0.044471486731217195,7.12157037849418,3.0223732594107924
C00465,S1,0.20662064338529484,0.02867121131370585,0.08485129409876575,0.28462788311128195,0.6018496114762464,7.505964716475033,3.5245074705473294
C00466,S2,0.4694696588525392,0.6488096057746207,0.13248112414818242,0.048307341189125164,0.17040192888807168,7.839128872405318,7.555150751616127
C00467,S1,0.09586498704858762,0.27520264047073645,0.09332361725834978,0.34973770385999886,0.281736038410915,10.324879374631553,2.735857085827387
C00468,S4,0.23952085163467715,0.8446073895338271,0.03039347797148651,0.12287940226612944,0.002119730228557013,19.567270946077464,5.2633428229160035
C00469,S0,0.10490429661642495,0.04270072807668677,0.6181597036848365,0.10690969586430299,0.23222987237417364,8.507468940958411,5.804023861767121
C00470,S1,0.14921083020954223,0.037230341156056036,0.10659115075507376,0.012476508187619905,0.8437019999012503,7.5705258110655835,2.5742739659260234
C00471,S0,0.08938657829457901,0.2405172067006429,0.660606996564882,0.05299743793297237,0.04587835880150284,10.818830145091901,6.604734662534307
C00472,S0,0.12614929265854788,0.008656490593445936,0.49179015088628947,0.3865417464594699,0.11301161206079477,7.0622935410549745,7.966061779638575
C00473,S0,0.04567212907034902,0.2472463638224535,0.3316592364777729,0.023715999009819796,0.39737840068995395,7.216889999033793,2.060437668904393
C00474,S0,0.028058772533368623,0.3549484780130695,0.2168718065701546,0.31669549249679946,0.11148422291997644,10.934663801421188,2.0716148922519757
C00475,S0,0.27815175058144276,0.0415829155394398,0.0868229311141818,0.8514410880219522,0.02015306532442627,11.98327007782931,4.680482211468366
C00476,S0,0.09916547582887084,0.04421271822543379,0.010038465601934438,0.016233869571404897,0.929514946601227,20.71084566813646,3.086428225431326
C00477,S0,0.01876258308260513,0.21411466551818906,0.21879866497923847,0.27130231134629545,0.29578435815627685,10.004012133051402,2.77524478780151
C00478,S1,0.1995138232127807,0.28067299759222913,0.3252920484654588,0.30261194647405604,0.091423007468256,14.507900174343355,2.0896216653693944
C00479,S1,0.10198238221564025,0.20302343771929512,0.0004769648485792801,0.6361421455289109,0.16035745190321482,18.752593288971728,3.038092456917572
C00480,S0,0.1472937266227181,0.44193777943301893,0.24331278993258385,0.09981187257896207,0.21493755805543513,11.357909062426419,6.800961916393714
C00481,S0,0.08991735922730314,0.5359150072222489,0.14287049721678569,0.2332815644544641,0.0879329311065013,16.757587406703383,6.976841991153734
C00482,S0,0.08453647178370449,0.20806064250746292,0.09631030077095988,0.6582205640614227,0.03740849266015444,10.255871269734856,7.849803691428345
C00483,S1,0.3611117166485335,0.37730850956794465,0.08918648517667348,0.4841935206972887,0.04931148455809307,19.049344528043,2.063041139539081
C00484,S0,0.06254526521003918,0.1359552279814374,0.2816623410567081,0.18552560330347911,0.3968568276583754,12.364084213034218,7.277165358288683
C00485,S0,0.4494018537087783,0.10623646192615882,0.3959848948077205,0.3832863883861566,0.11449225487996394,8.928778580482664,5.111307356977893
C00486,S0,0.059182013765749324,0.7439230605408794,0.053223571932078585,0.0540205407263049,0.14883282680073706,13.82760276972747,6.743462271167663
C00487,S0,0.2615833061517852,0.2663912743932266,0.24127815175609305,0.20496513644189335,0.28736543740878706,9.65212755499253,3.319672130851834
C00488,S0,0.0870281581432838,0.2009885794877551,0.7753791653391459,0.014709205224820629,0.008923049948278451,15.117450774576023,4.089307124243907
C00489,S1,0.005195043663651619,0.1926046811121772,0.41543167781537105,0.19696924987179606,0.1949943912006557,13.841862923722726,6.209972612986516
C00490,S1,0.6422083899554568,0.15741860599352334,0.11976982334780592,0.47785419935810824,0.2449573713005626,16.778474172257773,6.817400887740623
C00491,S2,0.27764870716748946,0.14427381695305194,0.20928312196728643,0.40450549987948825,0.2419375612001734,18.491779275402486,3.0628012983202315
C00492,S1,0.047966940366795024,0.2867269014792415,0.053302312133218,0.6551665126258441,0.004804273761696347,20.02906592580613,6.741256622186578
C00493,S2,0.19484224644699238,0.5674350279944945,0.08918958949056811,0.33042610419129476,0.012949278323642645,10.406744292544039,3.8051464872022738
C00494,S0,0.1613202769359116,0.6287512133731423,0.27391264969173496,0.0414390201775314,0.05589711675759134,17.418446348086864,4.814791985501095
C00495,S3,0.8051116621855584,0.31871712903701166,0.20899825395782723,0.23391964465868573,0.23836497234647547,11.867166468427438,2.367402090901207
C00496,S1,0.24190958180653876,0.06594514946897018,0.2643944698699304,0.09064903103558701,0.5790113496255124,8.849503060925805,2.1594193601853418
C00497,S0,0.041680268810193044,0.39740413381198153,0.5188701054206635,0.013180811392008156,0.07054494937534685,15.12586092095236,3.3083721702219293
C00498,S1,0.29676264961836524,0.09719126191371175,0.09314978712977125,0.0012041483986588533,0.8084548025578581,15.45842824676806,7.577281151433644
C00499,S0,0.058086983759967334,0.11468023797797586,0.06663165952777055,0.032504333529629954,0.7861837689646236,10.696189991729668,4.953448317071639
C00500,S1,0.08992743772506828,0.4973409062280895,0.28481749731552014,0.06699270180281673,0.15084889465357362,16.514971782666777,2.4627085009529712
C00501,S2,0.1394762086035752,0.4631880244339812,0.07150556211560499,0.14809800845254656,0.31720840499786723,16.54521319838515,5.685785332455007
C00502,S3,0.7250992134488391,0.027544782523656455,0.020515402934817933,0.10708269789297484,0.8448571166485508,14.949384037833628,5.880090168223031
C00503,S4,0.3898677534760055,0.24018944577218676,0.3964375308233484,0.1801574976050138,0.18321552579945094,14.094771939460895,2.1384197209359668
C00504,S1,0.25303424129386903,0.18742399612032848,0.2726396633707622,0.15435458538088379,0.3855817551280255,8.56030842068122,6.70844508745669
C00505,S1,0.360661150975085,0.3347436841662538,0.3495995259229431,0.17526513637946195,0.14039165353134103,14.626923329488939,2.215507288036564
C00506,S3,0.5806439380223521,0.40104105485643227,0.3359281524234297,0.2325663018076358,0.030464490912502206,9.44288718833711,4.3763312160700005
C00507,S0,0.11652190118816637,0.22559693347668028,0.019295342683263477,0.7271721907495022,0.027935533090554045,15.025665210828901,6.604077625105277
C00508,S3,0.7281745166921716,0.270492686381434,0.3273659388027269,0.17865164058446092,0.22348973423137833,7.971691116164962,7.960934450313562
C00509,S0,0.21194732475204925,0.04085588874239272,0.077708122513242,0.8005742663863777,0.0808617223579875,7.731310978973858,3.026235446675066
C00510,S0,0.027657406195171815,0.3927403197786411,0.19381191407379056,0.20915461704050461,0.20429314910706373,16.148543372944477,5.567218043730538
C00511,S0,0.6754098493058581,0.06318373963501116,0.8875523908748806,0.04172560998184281,0.007538259508265389,11.825093448990744,6.302486378323918
C00512,S3,0.6405861836807542,0.4137025303287403,0.04178200697677368,0.04957134947363024,0.4949441132208557,18.79949833998747,5.52286604693059
C00513,S0,0.05907103342264307,0.21352335323909827,0.2005301416606344,0.11857534980906102,0.46737115529120643,18.332566952142095,3.1522578635007172
C00514,S0,0.09958457654573036,0.7988236330222658,0.04022774131819703,0.059800149298287676,0.10114847636124953,16.485011892805765,6.642140786740534
C00515,S0,0.2731832713143579,0.11192389179368736,0.33033867288172153,0.06088157250040518,0.49685586282418603,15.029270385258034,2.379440980413884
C00516,S0,0.08147848485710397,0.21489634470881272,0.26444954547989935,0.2875550055048669,0.23309910430642108,8.660909621356295,4.2401886798857165
C00517,S0,0.058018186881731215,0.332769353649594,0.1810175453710903,0.05343568573971641,0.4327774152395993,19.707298636513414,5.468642590842524
C00518,S2,0.6862394412242243,0.503086676028359,0.24200017739150204,0.18030487749994786,0.07460826908019115,8.010291284922108,7.813950405463591
C00519,S0,0.1410059491907041,0.24536079055599608,0.02486797272480814,0.6335232523813323,0.09624798433786341,10.23971556921588,6.349007481958824
C00520,S3,0.6691745707169222,0.3506874316045819,0.01672648543952595,0.12805169065247712,0.5045343923034149,20.892446870389463,6.667531044990856
C00521,S3,0.3523680316434715,0.11066853238809655,0.23855401999793893,0.42803712076235023,0.2227403268516142,12.994969224788392,4.9929475695923635
C00522,S0,0.08773835286200335,0.6483520450984409,0.2882786973819099,0.04310456272772812,0.02026469479192121,10.142888712206549,6.658391476257709
C00523,S0,0.048874022498959904,0.5633121635541625,0.06560732830364513,0.058792021897359666,0.31228848624483274,14.704336861301844,5.873341203562685
C00524,S1,0.13779461833828044,0.06814211863247836,0.31219384605699124,0.0882260258888076,0.5314380094217228,9.428230242349656,3.676300038703122
C00525,S0,0.10498205840982335,0.015152121877283329,0.6701955374989692,0.08103665435988477,0.23361568626386253,12.057841614717937,4.34280496537918
C00526,S0,0.25651546613537274,0.23469458072635074,0.42622984550672516,0.19863900681174781,0.14043656695517628,9.232472806106179,3.877392997094196
C00527,S4,0.17208752522525125,0.05360962447958762,0.2525246696948649,0.5951906826557488,0.09867502316979863,18.526260287226407,5.814338927219415
C00528,S4,0.22164504339349075,0.1708256932079765,0.5240947982737023,0.1253465702191999,0.17973293829912118,13.786899090948758,4.789895458402782
C00529,S2,0.054019978646030205,0.24429285754547184,0.19704889596246575,0.18447076727352252,0.37418747921853984,20.16189026548516,7.209671099292101
C00530,S0,0.08283907751520202,0.4390248654404815,0.04262582308872328,0.39038071842290584,0.12796859304788924,15.193766883594465,3.809447445521087
C00531,S2,0.4127163694462646,0.4412754495476614,0.05244252557159467,0.45667026827183443,0.04961175660890941,16.0861196808509,6.143610337680107
C00532,S2,0.2525994296701001,0.1585663283443163,0.05405399600146003,0.7688653200698691,0.018514355584354505,8.70778811354645,6.347788185269927
C00533,S0,0.18493716469578775,0.6513420532938042,0.12151044388379487,0.1110722389688805,0.11607526385352036,15.492820930172837,6.347471004697768
C00534,S1,0.2659794172163236,0.7054440106267521,0.02042497561082292,0.14825886732651608,0.12587214643590894,10.746552007270477,2.199398976587234
C00535,S0,0.2771792387114911,0.42241613849603105,0.07970462564719857,0.397496499738425,0.10038273611834542,17.742716519697886,7.168182823408925
C00536,S0,0.2000156233769426,0.13042261159150398,0.42034587242646987,0.30202756842820583,0.1472039475538203,7.3186977012621,2.624697051869169
C00537,S1,0.266346743784003,0.020456137795325405,0.07044423047039472,0.10980887194677488,0.799290759787505,16.19825941060086,5.913332279705566
C00538,S0,0.11974525413372453,0.13943000974611783,0.6148096139796794,0.15027969346164885,0.09548068281255381,19.543694110136677,4.1597955629461545
C00539,S0,0.10717192721645659,0.04492983118022716,0.468386728476085,0.1585578546149742,0.3281255857287135,13.641774444755015,4.72770694438358
C00540,S3,0.4151602172605665,0.216722342229926,0.30016283651697284,0.33800607646493336,0.14510874478816774,13.886321045112185,7.9258430526079175
C00541,S4,0.718623675706568,0.35130085934703287,0.10547852414733877,0.11899743695504365,0.42422317955058475,19.779881255894587,4.400528993917372
C00542,S1,0.08619943941478644,0.16300836120832282,0.08491192758731823,0.625190522064052,0.12688918914030703,10.102932050017847,2.707862126639363
C00543,S3,0.9280206108510447,0.15389416179595963,0.7104106377237671,0.11534520482547309,0.020349995654800185,19.309863610677617,7.811398507870939
C00544,S4,0.06944431824404981,0.2734091296114603,0.13865200205174658,0.13186168822189662,0.4560771801148966,14.994077671153818,5.100531450958753
C00545,S0,0.1769254089319855,0.02079406091452639,0.7094400762737476,0.1989892809932777,0.07077658181844854,20.114355098392608,4.26656024795579
C00546,S0,0.1747829262172097,0.07017714530472004,0.18280937092247054,0.18444876981617023,0.5625647139566391,17.340825349677853,3.7122468637397565
C00547,S0,0.36224247321700614,0.5342985705567087,0.15935677552078437,0.09976910095666584,0.20657555296584101,8.142255696641033,4.48778708146054
C00548,S0,0.09431562250117764,0.10196753894514841,0.744654111773409,0.1383219817319107,0.015056367549531815,19.20625589315113,3.962966406367853
C00549,S2,0.2497003330002395,0.6326322732831956,0.12018828346568,0.1330210785741091,0.11415836467701529,19.139648909017673,5.535870198316562
C00550,S0,0.09788776668636737,0.6389252486928308,0.02274911593486662,0.04644504537376547,0.29188058999853694,8.321873687598053,6.002904071315726
C00551,S0,0.03640136386950885,0.7564192746599012,0.014637920316145178,0.03266235322755175,0.19628045179640194,13.974692948136404,2.994976813097737
C00552,S0,0.03713292711708054,0.02562955400404637,0.44444883429962595,0.4318952522592862,0.09802635943704154,8.185381004717689,6.740280740851107
C00553,S0,0.023431539382772256,0.1763886521744038,0.6495168867468194,0.11396204871501554,0.060132412363761316,17.03987372641899,2.1540361178440546
C00554,S4,0.42595768427260716,0.02377531362034736,0.037905306816288016,0.12419691394651756,0.8141224656168472,7.4952555541389,7.435180133455644
C00555,S0,0.14226048270047634,0.4606731416298727,0.0018124158398018222,0.15839568867297737,0.3791187538573481,18.03070355157409,2.4309512274319465
C00556,S0,0.274582543990378,0.05167276537140737,0.31382807073108904,0.6317409148824147,0.0027582490150888468,15.667583655745386,7.187587328114316
C00557,S0,0.2323010443904006,0.027668077054474348,0.4201020275193291,0.42702355906668166,0.12520633635951484,7.233408956036755,3.046777097397918
C00558,S0,0.3410203969380536,0.1117577219918225,0.3186310290692746,0.06863801821236477,0.5009732307265383,11.373672401110381,2.478293476204626
C00559,S1,0.14361069827667353,0.09455025881657717,0.680437553596335,0.07137189666623908,0.15364029092084866,11.10677158633656,6.30550282332168
C00560,S0,0.0909443519143137,0.08054941931199922,0.018842541767783664,0.508792923917301,0.391815115002916,8.920496696857263,6.7557948377652215
C00561,S0,0.16239202486258555,0.27353332159166505,0.3348029034105782,0.07528127629149366,0.31638249870626306,11.951868798627686,4.925778275365461
C00562,S0,0.10551953929140667,0.305539933626573,0.19911485917317134,0.15232304450946904,0.34302216269078667,9.852788371193917,2.3751220968746534
C00563,S3,0.8222784307967445,0.043919272808469315,0.010388923905515072,0.07955803663776606,0.8661337666482495,20.04154085578856,4.604579757312517
C00564,S1,0.5305809102351451,0.18494123925866635,0.49871911261397844,0.1783089899927624,0.13803065813459287,14.00248013187818,7.925319736978685
C00565,S1,0.2516842314570168,0.3456908385904127,0.06809921151431834,0.20704316038805304,0.37916678950721605,7.196751630881207,6.154734923299134
C00566,S2,0.2550080924830943,0.1030791750288919,0.13200041491355238,0.5386108486613019,0.22630956139625383,12.810444229171917,2.637493456480625
C00567,S2,0.2092037370295605,0.32389682218902444,0.08890340974355186,0.4566077739051086,0.130591994162315,7.750673205889091,4.510272138175773
C00568,S0,0.16525240740903235,0.7685711724124028,0.10259640783470463,0.04929817038658652,0.07953424936630611,11.28572612531542,5.765192031122538
C00569,S0,0.16779074461001606,0.012502295397123806,0.31287684665057236,0.2885704491215531,0.38605040883075087,11.21067007392745,5.582120197082901
C00570,S1,0.22477456086415165,0.06561670987305394,0.012764505287726283,0.2523165931571444,0.6693021916820755,11.716722704631245,4.7262007818780205
C00571,S0,0.03582147773510597,0.5147775588013329,0.13777535318814663,0.22402266248770053,0.12342442552281997,12.213988148595838,5.077071028739569
C00572,S3,0.7300731762960846,0.1049513498272593,0.1297496360492451,0.2888673035614097,0.4764317105620858,17.104363532696127,2.633533645322008
C00573,S0,0.16058932804308168,0.2729408923469556,0.1926976973643553,0.16184330975493705,0.37251810053375206,10.338484784127257,6.531392421053517
C00574,S2,0.47627576613504746,0.2208063030382781,0.25137122613025037,0.18460898662892739,0.3432134842025442,8.23677147845492,6.497874586315537
C00575,S3,0.763686431357915,0.2117416949234932,0.08062028545028194,0.4552046812386109,0.2524333383876139,17.59884417950079,4.394000348144285
C00576,S1,0.05171748050301652,0.4615736415671652,0.07428459623253013,0.38263147105497886,0.0815102911453258,14.269546617006815,7.728335622805144
C00577,S4,0.042807297920397315,0.10822828247743743,0.34973537301512747,0.27103343949561404,0.27100290501182106,13.583312079301912,5.6776934267898245
C00578,S1,0.3841493652803004,0.6720678172214888,0.22021441185227636,0.011668312986615829,0.09604945793961904,11.945172235728359,7.916360287223924
C00579,S3,0.6740593344244026,0.23765444549259804,0.19727391368047845,0.31323829780847734,0.25183334301844623,17.182041097699756,2.633391073513459
C00580,S0,0.004556293287285766,0.6548577442723428,0.14073116492460355,0.02346708132292587,0.18094400948012793,15.249442658660133,4.083251700243071
C00581,S0,0.11080876768900548,0.07649671839486309,0.6290468659849772,0.14560275075967763,0.14885366486048218,18.88414053483106,5.263218739292916
C00582,S1,0.4386089163678042,0.017837284128343907,0.20564247427237292,0.58455926611577,0.19196097548351315,19.627362492197165,6.836305231121593
C00583,S0,0.0587061725222048,0.13110446972762216,0.15171546690982535,0.6255600722974887,0.09161999106506398,9.928872068721228,4.536568190137379
C00584,S0,0.30596649224876843,0.09604924584868786,0.3988939470110583,0.456657996948089,0.04839881019216499,10.67430114761413,7.961539374635503
C00585,S4,0.1410665146833378,0.2687810174803773,0.3059816915890189,0.20361129309333087,0.2216259978372729,10.348861862507999,6.721189405623119
C00586,S1,0.32108249868322136,0.061107842598713186,0.3884968364939812,0.30338157768754825,0.24701374321975728,14.153013513959277,6.640200540648785
C00587,S0,0.05223439722853182,0.16607644352981152,0.12644871535585708,0.6080845220098857,0.09939031910444576,18.676098074217307,4.53159895200932
C00588,S0,0.24394537709696143,0.6072156098930318,0.1600450885758049,0.07408694461818266,0.1586523569129805,17.096915818834248,5.932446797507391
C00589,S0,0.0757965040897287,0.1899963056305505,0.6151358629077138,0.059455511601596664,0.1354123198601389,14.09864698153685,4.186111279988848
C00590,S0,0.2245162282998881,0.03631612954473433,0.8024834550600013,0.10205441813849954,0.05914599725676508,17.447946218451243,3.1997813175175205
C00591,S4,0.40313490086629256,0.10584543527100108,0.08034400733687769,0.05206987058821993,0.7617406868039013,12.975122798277612,5.122194618603144
C00592,S0,0.1984956618808628,0.08214418788458332,0.2992365215471539,0.04159719122875231,0.5770220993395104,14.670330391363567,5.555225893227523
C00593,S0,0.3334576317718255,0.6590877214582024,0.11149102202909886,0.16055616190122823,0.0688650946114705,15.110851924158206,4.54687478858731
C00594,S1,0.4838447205488651,0.19454348089348442,0.630582111373225,0.07787244402055693,0.09700196371273372,20.4325445837314,4.079175250560436
C00595,S0,0.14724475216314795,0.035749234111280274,0.9406529638250093,0.004625970459522689,0.018971831604187573,12.279008431891416,5.040904682412011
C00596,S0,0.2399458413907005,0.7124864041018973,0.0037886065041276614,0.16371805224347358,0.12000693715050145,16.789850166568073,5.832407600843963
C00597,S2,0.45504021610666645,0.6463097273223092,0.149491998629784,0.1855337203629998,0.018664553684906993,11.765119561825633,2.9993290957290553
C00598,S1,0.1440528108799891,0.5014383703657862,0.11707336070361285,0.13012343341250923,0.25136483551809163,20.499698414826334,4.798904393600997
C00599,S4,0.4112806375786546,0.05433490758116664,0.13921413058545257,0.06311699367375341,0.7433339681596273,13.580663359802656,3.090222800151303
C00600,S1,0.20961822329938196,0.09859370325305351,0.3135430188211784,0.24074374148070884,0.34711953644505916,14.486829780231451,4.71755643991151
C00601,S0,0.4472338398229245,0.20176325934844305,0.10942818413905227,0.5879759784361986,0.10083257807630606,20.325993117037164,7.972268105924746
C00602,S2,0.34471533043393715,0.6413258502938696,0.013928103914482523,0.26329163885902673,0.08145440693262113,7.047072007239303,5.064714583965504
C00603,S4,0.3287558862948369,0.1717689428516063,0.040886024666520644,0.7464659351932028,0.04087909728867036,18.142667944747913,2.069412287962642
C00604,S2,0.5624515017829994,0.2212243350758091,0.46139975305342523,0.11406063975723504,0.20331527211353065,15.649813797113758,6.876992118398919
C00605,S4,0.19780766763490412,0.13759881038631766,0.3723555035340575,0.3073940666710265,0.18265161940859834,17.38155026667375,6.192867727931128
C00606,S3,0.8932982497633533,0.07868926184424625,0.12316959444672133,0.47476743990444603,0.3233737038045864,15.896373629253112,7.322355701824875
C00607,S3,0.8624390008084943,0.19121572717631002,0.2064089911884454,0.20571380641776169,0.3966614752174829,8.159649301500236,7.953197247035884
C00608,S0,0.10805117728044061,0.3853565080687347,0.22179130993612972,0.23680429383692805,0.15604788815820742,14.255920184827543,3.9934613442022355
C00609,S2,0.37446704515728946,0.3911594439663997,0.30405028274089896,0.1805238879005671,0.1242663853921342,11.209190581868215,2.6498087886136803
C00610,S0,0.04886022080638551,0.9180576685133873,0.01835366070418874,0.0036904057118890654,0.05989826507053474,18.47040535916301,5.703109552679056
C00611,S1,0.30149308054214446,0.32066994926551334,0.14769628194391546,0.26560952154540096,0.2660242472451702,7.756068297270856,7.993813950546111
C00612,S2,0.3016505450672982,0.75804961088348,0.08308117077942016,0.041699829232287634,0.1171693891048122,11.82592546517743,5.069103097506602
C00613,S4,0.10807069345193196,0.10314724430949448,0.6095698115419315,0.014001748394867224,0.273281195753707,19.91970452147855,2.3196633979448733
C00614,S4,0.2342855211673775,0.17324860371663403,0.5696693558320307,0.08016740417850414,0.17691463627283105,14.808908445918913,4.149320414107095
C00615,S0,0.1902089627233088,0.7659745881793437,0.02151692978167009,0.1991459980808089,0.013362483958177388,16.0861862514473,6.231544367391117
C00616,S2,0.3116477492618548,0.11525023708833562,0.035713534966716996,0.6296123443029639,0.21942388364198348,11.530282090176978,6.07166350260999
C00617,S2,0.32056244419699564,0.777067969489631,0.07807871293833393,0.10183671497230067,0.04301660259973461,12.422083409203532,2.6943968678681176
C00618,S0,0.2944152523144718,0.847336929766023,0.06573162985258847,0.012508451018892626,0.07442298936249585,7.242869468417413,4.7278490724822975
C00619,S0,0.152605140089766,0.021669158564482288,0.09547667952492617,0.06283830642921774,0.8200158554813738,20.968667339118213,6.913460844920332
C00620,S0,0.3353963079280696,0.3983744024258283,0.11227581552344432,0.13134418746888735,0.3580055945818401,12.381992703278907,5.851554569655916
C00621,S2,0.12955812245807197,0.15824380207711233,0.15634291961538432,0.14975764829916674,0.5356556300083366,17.0136614350048,2.719804380350483
C00622,S0,0.025836280115267393,0.3596506744579996,0.21969016344783013,0.06839344694663926,0.352265715147531,14.769221329960807,7.703741090631085
C00623,S4,0.47204027606156906,0.13929270572268942,0.09177645214523147,0.7669202739754831,0.002010568156595976,9.435126383530026,2.884630127541407
C00624,S0,0.014611257778905795,0.21003801450114293,0.27781427743044773,0.24846359554480943,0.26368411252359986,19.706744085272767,5.118420816405504
C00625,S4,0.14357688153896592,0.2429275468056987,0.2996681780957394,0.3323754462863159,0.12502882881224603,17.099037267604878,5.094961513773386
C00626,S0,0.291758091672662,0.5059824877401646,0.17494031458209897,0.25840496576838407,0.06067223190935225,8.0444603142076,7.503834418458306
C00627,S3,0.6832442381319247,0.31469486638470956,0.10632989388289589,0.2293554779747985,0.349619761757596,8.195866159941442,2.756298054293481
C00628,S0,0.13494192603635682,0.12516970708292652,0.33235766685467777,0.055788835311845746,0.4866837907505499,14.101515477653395,3.0197349647561706
C00629,S1,0.30284521682435067,0.08112069426609539,0.20973180699342603,0.08143511142769139,0.6277123873127872,7.565955364935299,7.703961560772143
C00630,S3,0.566483042949942,0.3241136966224189,0.547255881477516,0.10913426758371528,0.019496154316349924,15.80644984090749,5.93252773512666
C00631,S4,0.20403273182056939,0.16659240075702797,0.36944814303119267,0.38638823541494277,0.07757122079683658,18.67929258760659,5.933285060710517
C00632,S3,0.4550848740554716,0.4926776362863619,0.08835157572481515,0.3558524148665916,0.06311837312223148,12.80174198591143,2.6222983720009756
C00633,S0,0.009612579268811856,0.07068776432498258,0.06186259135505879,0.14897748428664104,0.7184721600333176,13.852325673604856,2.5573905205509027
C00634,S0,0.08890322157245019,0.3221907276394411,0.276668476869114,0.2620402420380255,0.13910055345341923,14.046133079024045,4.770407820364199
C00635,S0,0.31397565854895915,0.5057690078557233,0.05772639514334866,0.12815328348002689,0.30835131352090106,19.55633253585488,7.549090769638121
C00636,S0,0.3973973958505154,0.2885491173448438,0.2607405438302529,0.10164119433138918,0.3490691444935141,12.910303655155175,6.653121856089107
C00637,S2,0.5372026619964511,0.04197063875802075,0.9216945402582154,0.008817776392035175,0.02751704459172866,12.267118359609082,3.3408296061738008
C00638,S2,0.7506804080225886,0.24006831154259026,0.19823649301579593,0.48441450290388266,0.07728069253773122,15.284087351203386,6.099979993625279
C00639,S2,0.45222975549624955,0.3398554383209609,0.24152453841619542,0.23028231005750813,0.18833771320533543,16.107819920069332,7.335725472156999
C00640,S3,0.4725813523250553,0.18021741444504766,0.33871972147846535,0.012213599163823058,0.46884926491266393,12.793907104160299,7.05598696617222
C00641,S2,0.5924596243200076,0.32419368307391905,0.050667483523460566,0.09730908656690139,0.5278297468357191,16.8939282968309,5.168507428438073
C00642,S3,0.6510299507151422,0.3296059089424756,0.03637079573657861,0.38126680304675975,0.2527564922741861,11.03257883545323,2.6981731354248693
C00643,S0,0.4848951482171585,0.3461685108988372,0.03490397330002669,0.24491917909443905,0.37400833670669703,19.04191111369729,5.876059462264033
C00644,S0,0.02986589335200996,0.7814897386831215,0.00010042244272755706,0.005947866837655362,0.21246197203649542,18.4978926062269,5.8597454034401055
C00645,S1,0.42811505990672816,0.19875921268504498,0.23113367714104838,0.2924538536731572,0.2776532565007494,7.06225223168904,3.234434523049524
C00646,S3,0.7502129433848553,0.34941197260879553,0.24454736552451364,0.035510472255673234,0.3705301896110175,10.356082478931016,5.996509636680103
C00647,S0,0.0809499441121133,0.06086938511757126,0.0866004306349559,0.7965037180726874,0.0560264661747854,14.588663946297,7.126133333245071
C00648,S1,0.18348051547772776,0.786879996341126,0.056317130659504715,0.04825565056447464,0.10854722243489484,14.478105714807658,4.260811689890136
C00649,S2,0.4702393234363956,0.04407034454001568,0.13670950131298515,0.37964775181616894,0.43957240233083017,11.90527287386892,3.1729282385629514
C00650,S0,0.05097802450143835,0.6902008838433833,0.0689285481562501,0.15907396607488794,0.08179660192547861,20.71054413918567,3.6715460815691157
C00651,S0,0.30966300668130153,0.013431315303889585,0.723024148989646,0.24924630218414276,0.014298233522321811,19.197620786413815,6.69789727217055
C00652,S3,0.644638029772233,0.0367661071852199,0.12437313440917713,0.1526083059704534,0.6862524524351495,9.857352366692304,6.529576704738792
C00653,S2,0.47423426819441367,0.22709200301991236,0.08999530494021045,0.4233316603037937,0.25958103173608355,17.89289106030828,6.612265565992029
C00654,S0,0.29286329616768364,0.4583375683219637,0.08295524727164942,0.08114867358825505,0.3775585108181319,18.018049297812155,5.1539187022323105
C00655,S3,0.6238200571431539,0.06603376076099901,0.08331181023161024,0.8249333595481203,0.0257210694592705,17.65113859463125,2.620804355507448
C00656,S0,0.17740138055275906,0.007704586566662511,0.526923981118027,0.18220833745889017,0.2831630948564204,9.789760624912711,4.668583624595766
C00657,S3,0.6916515638578593,0.17687349311153627,0.3521428302155313,0.3148074690814908,0.15617620759144166,11.423465483913443,2.209665666300373
C00658,S0,0.14139520982316586,0.2158723821514788,0.30137961084009834,0.29034630003736933,0.19240170697105352,17.815971247985402,5.239496122004258
C00659,S1,0.2578544535042355,0.2661706719915699,0.3234774421182426,0.059803137158794144,0.3505487487313933,10.61754769769432,5.130360705819337
C00660,S0,0.030046325016207215,0.3329921014223908,0.2873245459201876,0.23755829070349244,0.14212506195392924,19.04420564859037,6.683836071806642
C00661,S0,0.48136473330768986,0.09496918066260666,0.135897270727991,0.649081837270991,0.12005171133841122,19.760718664507625,2.7847659594970344
C00662,S3,0.7598200648090377,0.19897202667798747,0.08057017695258928,0.311140564404629,0.4093172319647942,8.504848579773396,3.95574007877103
C00663,S0,0.11937601098234087,0.3753414617690912,0.10353909054292114,0.40616441227731437,0.11495503541067333,15.392765671923383,4.015382790375173
C00664,S0,0.22527418945961483,0.06092663914362052,0.3499011663249132,0.38571212242333275,0.20346007210813358,16.17201312502939,2.6181962148244304
C00665,S0,0.06273849355620062,0.23295807113854516,0.2014777891936872,0.22155233916904749,0.3440118004987202,11.107944279155877,5.180189186595939
C00666,S2,0.3213781155848887,0.03847128070599866,0.19697425672559646,0.011696204634198303,0.7528582579342066,7.692578797219064,2.940582269272726
C00667,S3,0.7104433573059301,0.11083858055515916,0.2801059442731804,0.5071014146199903,0.10195406055167024,12.982224329639461,6.78191646389279
C00668,S4,0.26841467311781614,0.19221231565740762,0.26791028291244473,0.1587767400989142,0.3811006613312334,10.375370871197195,2.96258589093212
C00669,S0,0.02322817736544025,0.0347983708364164,0.605060730836981,0.2383660758958165,0.12177482243078608,18.19800562871474,3.0796147494640893
C00670,S0,0.07755624235663947,0.3176323928125329,0.10706142308574731,0.009829210846345046,0.5654769732553747,13.341257774270458,6.246438341348094
C00671,S0,0.0984225119716902,0.24977065994627812,0.2995557176981874,0.0682847168738118,0.3823889054817228,20.360052130164885,2.885514937504827
C00672,S1,0.3865358387914228,0.2955794918082994,0.04425678812549497,0.4392210493626884,0.22094267070351703,18.735909864853113,3.701525428651462
C00673,S4,0.241555039184423,0.16586544865670239,0.32353449633175063,0.09678424264471727,0.4138158123668297,20.89063950910858,3.654687478342134
C00674,S2,0.3247122624792873,0.6485516839374935,0.08648063334725105,0.12609375518186858,0.13887392753338676,14.222664145476973,3.5744736374576234
C00675,S1,0.1416817068372427,0.1641252994132714,0.06149052632314435,0.26742282946479373,0.5069613447987904,15.592546019403697,6.751185220064208
C00676,S0,0.11469088855376143,0.03695187244073671,0.1413645535549285,0.7936644190888089,0.028019154915525896,7.973496545132917,6.019202525547469
C00677,S4,0.35055649568476205,0.06497004314926279,0.010299592240815622,0.18260763130023616,0.7421227333096854,12.935735804367173,4.3398780070071785
C00678,S0,0.2426401909910627,0.18164501495269803,0.032115810976056966,0.6135914145771425,0.1726477594941025,12.955885997369515,5.464513822233933
C00679,S0,0.2120053894167166,0.14451573114436492,0.03819856034593306,0.03935744706276408,0.7779282614469378,12.440488761039846,3.224542244893212
C00680,S0,0.14044312075145715,0.036233810092916444,0.3804812699205907,0.16044507375979128,0.42283984622670157,7.063085365840046,6.178283396390642
C00681,S0,0.17288992373426587,0.15556598301639984,0.20015502742751082,0.5075633928110292,0.1367155967450601,18.631360226355536,2.870678481918554
C00682,S0,0.26055124826622894,0.052289557831364956,0.05527835772707659,0.26692180277977373,0.6255102816617847,11.90008335962122,2.0137372240779325
C00683,S0,0.17734812284447682,0.5776391490182942,0.14128479144074005,0.09267533935655511,0.18840072018441076,17.12050245120752,7.9622315660871745
C00684,S0,0.10259482913806428,0.07132125103004613,0.028557143408680808,0.8616485223246918,0.03847308323658132,16.66492404516799,4.954417437653671
C00685,S1,0.259855738736553,0.009309157543498483,0.06677901116462771,0.6810952598165375,0.24281657147533614,17.432600561304167,7.1483635237705005
C00686,S0,0.29990137732407607,0.3984368409687022,0.10016831497618683,0.29758754273702476,0.20380730131808628,14.568134288871917,4.311815292819961
C00687,S0,0.10731381088656503,0.29111120289011216,0.06042482283053453,0.5900135562621168,0.05845041801723643,11.178698661200489,6.9547414350921315
C00688,S4,0.2044756285352785,0.09995614579366155,0.25299894115849997,0.39606329732150425,0.2509816157263343,19.727030183650797,6.888854710955638
C00689,S2,0.30977036348669107,0.5474649858967195,0.18515806024929596,0.1687145068696376,0.09866244698434695,13.536778179724692,3.368655702607629
C00690,S1,0.33379121516630583,0.2329932279247612,0.5318635826056192,0.10422867744559769,0.13091451202402202,15.344387673194323,3.6192538557009355
C00691,S0,0.14169279494374837,0.12084922831627577,0.1940631620108761,0.5213911607015084,0.16369644897133964,7.002769309573942,5.201837433309463
C00692,S3,0.7701563619411583,0.1998071065978862,0.7412619467248995,0.050139179249955305,0.008791767427258944,18.600039894804503,3.1255868718257824
C00693,S0,0.09758924972045402,0.03353525413029297,0.11703570151035875,0.8041563638840186,0.045272680475329674,9.515519071974897,6.408403505234216
C00694,S0,0.05800004318945268,0.5476638089962086,0.11332738798326719,0.2801594486618159,0.05884935435870845,11.17951187217855,7.524404911292858
C00695,S4,0.3905337523234242,0.3352609356530449,0.12181794613768376,0.006627085763505091,0.5362940324457662,12.056763703550285,2.9915949934534556
C00696,S1,0.08634928056126714,0.29554203814236574,0.29281074332132434,0.04486487034719789,0.366782348189112,10.10120111134417,5.719404380146743
C00697,S2,0.6485438341054205,0.03892063737173053,0.5091907647325256,0.21188604537657468,0.24000255251916905,16.1692059786724,3.1656281439595957
C00698,S1,0.3269954221619404,0.2354230231016279,0.0754574011431132,0.612390737618043,0.07672883813721595,9.880698164275806,7.6607069550195614
C00699,S2,0.29671536007037613,0.026240228319089693,0.8980431595988281,0.014246122661161419,0.061470489420920656,7.573221070830514,3.179106910353917
C00700,S0,0.23483128293416042,0.00852714058274646,0.007777186188843971,0.8200749111445267,0.16362076208388304,13.38819790814533,3.9129909444084165
C00701,S0,0.5438509431295351,0.35785077340671134,0.32175887983894985,0.26027206133619557,0.060118285418143395,19.450380184307342,6.3940581778145935
C00702,S0,0.43607925484308074,0.7470525192676057,0.003632650058528352,0.06874427754835703,0.1805705531255089,12.305037817301749,3.4453556363064877
C00703,S0,0.12688857019371055,0.11942810341733144,0.18852290794983914,0.1261146468978689,0.5659343417349605,13.31168784361024,3.3290265742195424
C00704,S3,0.7683234167212047,0.6809709723653449,0.17026273010952117,0.13821659504367373,0.010549702481460277,7.910406009151389,7.490472635686781
C00705,S0,0.0593940466282148,0.5406555979166608,0.13248281533977196,0.03440764425910178,0.29245394248446555,8.626986084644804,3.185791199176482
C00706,S1,0.23640148840082428,0.21507104859431336,0.03958027494786736,0.2243172438176057,0.5210314326402137,13.32448456713989,4.058212389883314
C00707,S3,0.6680241436353754,0.09803433779502994,0.3531196868746516,0.4621107003819373,0.08673527494838122,11.572382181001853,2.7081976407344603
C00708,S3,0.6755543189611305,0.09959991301645729,0.21347655259693354,0.30815137799649844,0.3787721563901107,9.856023332220552,5.4142071048010205
C00709,S0,0.21882259273844523,0.1461277983876817,0.6219755493353061,0.03548547025989105,0.196411182017121,9.061111064964338,3.4732929177356966
C00710,S0,0.14421794460601792,0.7731898153213453,0.09450851831376705,0.050610613392799764,0.08169105297208779,9.283466759062525,3.584504025729223
C00711,S4,0.3810330561021689,0.041697975887191506,0.15373884167553964,0.2163891478616997,0.5881740345755693,13.05322831051664,3.573961619239831
C00712,S2,0.5393300246147715,0.8095697527678467,0.11278326742044832,0.028133938626646253,0.04951304118505886,10.804563682512937,6.911080358015964
C00713,S3,0.5937449420100951,0.055217158919983786,0.11306442837803284,0.5610478173048531,0.2706705953971303,14.579695533108644,3.3422628984041003
C00714,S4,0.15976483604601177,0.6356207209069099,0.020550133429801824,0.23305720070451458,0.11077194495877365,13.4076629835411,6.48605759277369
C00715,S3,0.7306839840887173,0.5329967488433341,0.06402109535105259,0.10594383195034329,0.2970383238552698,7.850077760127714,7.806644782845696
C00716,S0,0.17991589238633046,0.014970993283869319,0.01461490109624193,0.16461716962717107,0.8057969359927176,17.348542778604212,4.533105065150535
C00717,S1,0.11118526014951269,0.8012797643435265,0.09141273735007482,0.0705216676294927,0.0367858306769059,12.194671820486958,3.654457785190674
C00718,S0,0.0860988748173389,0.5606207308580289,0.0006238047038929519,0.41740618395466117,0.02134928048341703,8.748235924295674,6.775489852163995
C00719,S2,0.6962430215143403,0.22311101215179646,0.141715877214283,0.30050283555106927,0.33467027508285113,19.879641599124405,4.92003285264107
C00720,S4,0.03982161070339614,0.0717184201552175,0.17413716623543526,0.4414395414985532,0.31270487211079406,11.28315028642226,7.357168309525587
C00721,S1,0.2666389025642132,0.3243734837646776,0.07990886370844674,0.3203510130320454,0.2753666394948304,10.220005270750406,6.767611549913626
C00722,S0,0.4296019603150664,0.10068622707314502,0.37548001295619476,0.48272893355961893,0.041104826411041434,15.54049123384118,5.331936159250782
C00723,S0,0.07409374251118964,0.12153438923011785,0.5997559035475094,0.07024271904059436,0.20846698818177833,14.706665776723,7.973098257838167
C00724,S4,0.09087511892082234,0.25927085717762516,0.08392844537607991,0.3361060018208287,0.3206946956254663,7.05576920102365,6.12997318651355
C00725,S0,0.0032762364428554603,0.3417136763402477,0.14107769027298264,0.24478877349274136,0.27241985989402834,13.504903299219238,7.66295798069467
C00726,S0,0.056459578564060316,0.7109764572874248,0.09843986366916374,0.17369676358634947,0.016886915457061943,14.349566303874607,3.4244299680394423
C00727,S0,0.08972952585602255,0.14347878542871853,0.052273121095019,0.19945320681833578,0.6047948866579267,14.148185142658331,4.22687982540819
C00728,S0,0.08423917750988025,0.7896589886053736,0.12527633852637354,0.04495170462835741,0.04011296823989533,15.073179992795412,5.724437132787092
C00729,S0,0.05373028741335371,0.712544661453762,0.09503370756234224,0.13043876051694173,0.06198287046695401,11.376783699635514,5.933525788076552
C00730,S1,0.4369479650000314,0.1366363668907887,0.19823062090081425,0.14234935252854844,0.5227836596798487,9.253406596418682,5.5657672872518
C00731,S0,0.09414739828605462,0.09327204812638547,0.7486382074881829,0.017658285945942064,0.14043145843948973,10.673229983887397,5.825119885077494
C00732,S0,0.028820294033761358,0.1185255233540229,0.3025131477987998,0.06262610945307084,0.5163352193941063,7.309457396080924,2.2159142651029917
C00733,S0,0.11565870342351317,0.05399289238513177,0.13671716631973788,0.7916335077533919,0.017656433541738504,18.28831899029597,7.9792744036336
C00734,S0,0.15458420953925348,0.0916111702032638,0.15827576005206379,0.7171962420604826,0.03291682768418985,12.981778919197918,7.040427720369099
C00735,S0,0.2495641894086654,0.034194593496723845,0.03945268070475976,0.49158465853553374,0.4347680672629827,10.429038372911137,4.951954302142641
C00736,S2,0.03772613092471423,0.039819046253547916,0.07560211949085369,0.8638447503632484,0.02073408389234982,13.249469312378176,4.64145480026524
C00737,S0,0.13674476232225646,0.044111354672452995,0.2642798985615211,0.5634135456436351,0.12819520112239077,9.407152612734462,3.629480284583279
C00738,S0,0.06543304677386251,0.5516194655473313,0.1864656677484705,0.1492853864834548,0.11262948022074344,9.152408587425862,7.51417133803531
C00739,S0,0.08971926847846196,0.010259392398164183,0.26288247221360833,0.38739737673257607,0.3394607586556514,14.124076593576605,2.3238393901129717
C00740,S0,0.22720480881196417,0.006151555515352792,0.576306058294365,0.02038272538181162,0.3971596608084705,11.638309094518606,7.718259338757402
C00741,S0,0.17484959166147543,0.008236287826341438,0.2559938442883875,0.13476906499434196,0.6010008028909293,15.152639461845348,4.864138969059082
C00742,S0,0.09201725602708802,0.11843053285891725,0.22738600066927953,0.6167781992238598,0.03740526724794352,18.079344355027914,6.848054691389994
C00743,S3,0.5048394899786042,0.7810794698302105,0.032268293258312694,0.030023459035039047,0.15662877787643767,9.197569903242861,7.579054017074118
C00744,S0,0.34854799241951406,0.11197379976589347,0.12846756912788168,0.08752982547565616,0.6720288056305687,7.337970674589658,4.587231510678947
C00745,S1,0.1910169108579844,0.02460361640868721,0.4144705169713775,0.033238331931013214,0.5276875346889219,7.822751988348082,7.990317973033678
C00746,S0,0.11684728393317872,0.08175163254007713,0.2947392720395654,0.19384232823429975,0.4296667671860576,15.082868087986379,6.26666853711506
C00747,S0,0.1774852957968414,0.10766284579667834,0.5696232994605436,0.09101235415778439,0.23170150058499367,18.147899800907297,4.494592195710802
C00748,S0,0.0950930221275191,0.3930358604285309,0.23222545449739831,0.28946486132275995,0.08527382375131078,12.474543136862746,6.142972657480124
C00749,S3,0.8388545430245841,0.12122502995386623,0.13558354762676061,0.5645239644007881,0.1786674580185851,18.40833669522923,3.6580835716072224
C00750,S3,0.8843565874942217,0.1439479948351952,0.11599590964981177,0.012096990835780572,0.7279591046792124,12.269355124084203,2.7378343230685087
C00751,S0,0.29194902075950435,0.12501322773389356,0.15640982123713512,0.5387853866437612,0.1797915643852102,16.663489653919875,4.97844271699914
C00752,S0,0.06983921342109178,0.12322166470302277,0.5277448348672862,0.03773105704463605,0.3113024433850549,7.11138141818493,2.5060197399802497
C00753,S0,0.2728664940285959,0.1112126794095892,0.6902840489183266,0.043008367398327856,0.1554949042737562,19.08222249594295,3.9240601079115276
C00754,S0,0.11393030315447934,0.14251193068029877,0.05076225390535251,0.11759231791143715,0.6891334975029116,7.326684248998806,6.10114750756011
C00755,S2,0.35837572337653084,0.06463028040007776,0.5791065517529894,0.14056416175129086,0.21569900609564188,20.405771349457886,7.084962233761482
C00756,S0,0.1161391522007035,0.30827615708878353,0.34367145876281535,0.14530843760161205,0.20274394654678898,19.792756185824196,5.889920599917963
C00757,S0,0.1449400368841514,0.07943811455204869,0.26532783996023646,0.14717747272256487,0.5080565727651499,15.740057715946074,7.086234551361359
C00758,S4,0.3285037426055401,0.6485988987838939,0.044398085490493316,0.15563117846688276,0.15137183725873013,10.182441537168149,4.939268535420989
C00759,S0,0.06476808952088453,0.8250287256632836,0.010594897848814015,0.11833278689095524,0.04604358959694706,17.33169043096227,7.014480752754566
C00760,S0,0.035566588309042385,0.05125177447077274,0.5418551513854833,0.16847328955037755,0.23841978459336624,19.819932160615977,7.245191444597988
C00761,S2,0.15333985112877857,0.3292620322646983,0.2086603509970947,0.17404279082041835,0.28803482591778856,17.288841897166165,2.0814205333313094
C00762,S0,0.1398611391262983,0.005334412701667143,0.12100404184617214,0.10494587151779966,0.768715673934361,9.823831533635342,3.182629506037026
C00763,S0,0.10918443563408003,0.4145418113761971,0.30778818877220415,0.07832270290990724,0.1993472969416915,17.344356620080326,3.411435891952732
C00764,S0,0.3351285153377704,0.3754299992787491,0.3799446429627679,0.18723093982935207,0.057394417929131,8.078905351959133,6.153986583095751
C00765,S4,0.3310944867532696,0.7928604769423699,0.06533299450071646,0.09761180657243353,0.04419472198448008,9.4379979866592,5.81929159815826
C00766,S0,0.2364104630135796,0.10432414512146551,0.14014671506949747,0.6959795923758735,0.05954954743316364,19.367955495569024,4.493372452666311
C00767,S0,0.03034474287888049,0.29970564012538464,0.3327989454524531,0.19731008507849396,0.17018532934366834,20.827799726062104,4.5387436027684345
C00768,S0,0.3336720737310207,0.5314828049683371,0.08618820988381216,0.11592491563660143,0.2664040695112492,15.096176484741953,6.137297548258521
C00769,S0,0.006168611867721757,0.8790547202058379,0.0766466112757475,0.015146334324994253,0.029152334193420375,7.896190453274881,2.73958187471461
C00770,S1,0.10962781889442712,0.01661330258350614,0.852233393615894,0.13072628481295048,0.0004270189876491293,19.407649353702183,7.8640807846921446
C00771,S0,0.42305968313508246,0.05929173232324693,0.27151917649985363,0.0094812949014729,0.6597077962754266,9.102671130810663,7.806834430247661
C00772,S1,0.3929096696881634,0.5964022575924208,0.0309006170191078,0.35975557356198423,0.012941551826487067,9.363197410711447,4.602965242974163
C00773,S1,0.28228671597033095,0.1043321377172539,0.031225813367650995,0.20796992213864976,0.6564721267764452,11.675896986308409,2.3108446642587532
C00774,S3,0.5926875598688158,0.30851904264313595,0.1776785261415385,0.25029130329071453,0.263511127924611,20.01243324697428,7.29100005176722
C00775,S0,0.216998431104649,0.2380035572830358,0.05484047492986386,0.5717954093067346,0.13536055848036582,14.929595544990837,4.432520355602335
C00776,S3,0.9227472687397885,0.1614190758613381,0.3429900835517645,0.3232242365862447,0.17236660400065265,7.6260730567523165,6.642389929838549
C00777,S1,0.09405346792495813,0.4787830626108108,0.09758174860818782,0.25384958644517336,0.16978560233582818,19.759925954605535,2.483094976890561
C00778,S0,0.031179726934917478,0.7477738194392007,0.11264611580028397,0.10685054230946386,0.03272952245105139,17.74319926152196,5.9842133046121635
C00779,S2,0.3104622316968327,0.32308076504063105,0.15969171245290714,0.34864367174847066,0.16858385075799112,16.446111047155306,7.116953222842802
C00780,S3,0.8585503895946281,0.013851961822872197,0.5841662836440379,0.19121133656473,0.21077041796836,10.899360984142085,5.84817665130692
C00781,S0,0.01869587766854937,0.7192403508110529,0.05067350766095954,0.20439670938693988,0.025689432141047686,15.788756746554952,7.543623468631153
C00782,S4,0.37360156317182175,0.5664303306361506,0.33436667545254806,0.08881874163897417,0.01038425227232719,9.708168950409577,6.806419816604532
C00783,S0,0.08520537800326271,0.10190187706205527,0.2611066689542557,0.49554010536665577,0.14145134861703312,17.900613294328807,6.750102052637809
C00784,S1,0.4023381267463165,0.8898259076785232,0.001904919732487894,0.07166340351921976,0.03660576906976914,12.924235586651221,6.876478468237504
C00785,S4,0.06775786574316449,0.48356344220345293,0.15026088168879623,0.30482097030857336,0.06135470579917734,16.318782731988268,2.8665450525701224
C00786,S0,0.26584825114205973,0.05511829555491008,0.21690660982806276,0.5067076263991332,0.22126746821789378,13.591434951973923,5.939732276055089
C00787,S3,0.7819956493851766,0.3836233249397256,0.4956027761934949,0.025846181870933304,0.09492771699584611,9.777151182013714,3.6618110298346895
C00788,S0,0.09608692155624969,0.036431581551769954,0.10175423542070164,0.6751900331549217,0.18662414987260675,20.66543510982426,2.0698836424226617
C00789,S3,0.781097521097711,0.046828696195435435,0.4588306014645366,0.07109156190025515,0.4232491404397728,20.80646382983958,3.11811584669601
C00790,S1,0.3896910875785554,0.13062336029773428,0.15555115730237434,0.6195508734824807,0.09427460891741074,15.994168925580029,6.321305072083103
C00791,S0,0.17059410977609915,0.6980478999220776,0.005835597896468424,0.1389487353067661,0.15716776687468806,8.146169814758819,2.668772068865264
C00792,S0,0.22598735282382496,0.034632984161446806,0.9021940176878395,0.041330793969007254,0.021842204181706296,18.57500932673998,2.681948509908204
C00793,S0,0.4217478649782314,0.131933034677007,0.21742930433016003,0.4481218027409496,0.20251585825188353,10.15499474660721,5.502213671150085
C00794,S0,0.15463090491641043,0.2510885545843143,0.20534046220945176,0.12685235371508957,0.4167186294911445,15.239884030346882,2.100576634182606
C00795,S0,0.31031628185004434,0.6429630948766887,0.13189631613701377,0.14832388828375345,0.076816700702544,11.671315475995481,7.267741912351935
C00796,S0,0.021762734981500224,0.014954682201713185,0.014444868340205218,0.9478798381461114,0.022720611311970066,17.378294865818862,6.042945071350292
C00797,S0,0.16832168046299006,0.12389366154701634,0.25325623161723776,0.5558138989074023,0.06703620792834361,13.508869507647619,7.74399841217233
C00798,S0,0.1390989284280774,0.17496477056181092,0.0811377932376953,0.16414759470558257,0.5797498414949113,12.286800852644326,5.211437635427442
C00799,S2,0.2933193883107778,0.4095889414456781,0.1510702298936239,0.11383774932530008,0.3255030793353979,10.476378610604169,7.508115335760696
C00800,S2,0.6478460431277692,0.32336415295147647,0.25136757706353186,0.16145761816920365,0.2638106518157881,12.80192638010012,5.89851995882994
C00801,S2,0.09407407402041634,0.11726366497012697,0.438057215580468,0.2223268221670184,0.22235229728238656,10.742272208150728,7.226039620982145
C00802,S0,0.1925633589681125,0.5187603486545331,0.0749381749032628,0.06500159051292201,0.34129988592928207,13.72082911976001,6.592681898778656
C00803,S3,0.69950521957126,0.14703495623763388,0.037267505848470585,0.18591621924457946,0.629781318669316,7.913639653342687,4.4883365716255135
C00804,S1,0.09381286158839049,0.09738338087639094,0.5157940341940637,0.10598563255532739,0.28083695237421813,10.866521333185297,7.126669018201784
C00805,S0,0.028875502275521322,0.14964087168588422,0.07367536302013368,0.708434555442026,0.06824920985195614,7.042560508866715,5.254233729815185
C00806,S0,0.09971908129523478,0.13932581977162714,0.5875374237875048,0.05220315266934809,0.22093360377151983,7.146708154521378,6.587830877844042
C00807,S2,0.2577801509505,0.7053186145424271,0.11204980604532823,0.10514059619983537,0.07749098321240956,7.856328822865656,2.6663126690398498
C00808,S0,0.16998415167832648,0.1291623968728746,0.04657922139717464,0.7016015867096118,0.12265679502033902,15.995203375462715,3.5531672551402087
C00809,S1,0.2495800191220871,0.1876098532179568,0.07766587983799174,0.2938105967749611,0.44091367016909044,13.579195557100366,6.856441284200761
C00810,S4,0.4259550126770958,0.29601392367023943,0.22096549351436223,0.1943408577965173,0.28867972501888095,16.08962509857397,3.0699197898434925
C00811,S0,0.08963007433887105,0.08261284039735987,0.6509489530484671,0.19233950152872945,0.07409870502544363,9.381219494201122,3.9251783691678765
C00812,S0,0.09624630712691512,0.23906054229197818,0.031882907758822424,0.3958454707741911,0.3332110791750083,20.46077942188068,6.450571101443205
C00813,S4,0.16009086782571674,0.49646335772886674,0.3884633551677751,0.06477895463549656,0.050294332467861705,15.98816723434783,7.168520464757442
C00814,S1,0.30862784165013457,0.04302934748778477,0.003074469475510626,0.6754886991707074,0.278407483865997,15.123361979646834,2.679609052359386
C00815,S0,0.1566525647224951,0.5765659824860201,0.30952267908566977,0.08972098299676141,0.024190355431548627,9.142974428618986,3.8273258276857085
C00816,S3,0.7635063783584568,0.02819422972664497,0.26983086862384,0.41712025874337133,0.2848546429061437,16.378121436539807,6.893029456773796
C00817,S3,0.9601508166753725,0.031471539178794264,0.8266558154972669,0.0011444951091309282,0.14072815021480814,7.778233198455787,4.349950808536432
C00818,S1,0.24798206554933713,0.23402251114181727,0.020920118969610012,0.5039878670608751,0.24106950282769757,18.875840535409996,7.0789703701753375
C00819,S1,0.1099401719090752,0.8927123238032292,0.07636987024448952,0.021203562850839346,0.009714243101441809,14.04277886479338,5.8747050518215485
C00820,S0,0.01892607437775197,0.06793572754728068,0.182122929393486,0.29049568185338187,0.4594456612058514,17.018241483132506,5.756659796138999
C00821,S0,0.029992748074369784,0.007561011464312715,0.7018579907997096,0.2090985757021532,0.08148242203382454,15.922682103678554,3.2764424590495844
C00822,S1,0.13959955317112321,0.027462600077262842,0.198132665038035,0.42192979485879056,0.35247494002591157,12.987969351376798,5.9102114109975155
C00823,S0,0.03206858160877436,0.27814872299940024,0.005472092469003864,0.1464134417217972,0.5699657428097987,13.181628777590431,4.5106220235680095
C00824,S2,0.34907938539817457,0.8587361292715356,0.020771051817933536,0.03188510214434804,0.08860771676618291,7.8196377492820455,6.771021223392474
C00825,S3,0.7971198921005689,0.07015478612177559,0.4794788971445044,0.4339768804815235,0.016389436252196465,20.31112088263717,7.76875753849126
C00826,S0,0.04732131996028982,0.4411004069942056,0.25020246091844994,0.1829383251152229,0.12575880697212147,14.10301510312512,3.172703340845196
C00827,S1,0.17975897088040815,0.324877066023624,0.6241289690858579,0.044239576340847075,0.006754388549670847,14.873661906350556,3.346125382286578
C00828,S0,0.2877512022785259,0.007869861414044561,0.8400061768166052,0.09260131352527678,0.059522648244073516,11.590599210940944,3.9569538023251276
C00829,S3,0.6677465275907929,0.20497683866851463,0.11462350276518384,0.6251084793329764,0.05529117923332508,16.351797897358168,5.87521799508328
C00830,S0,0.05284632033824926,0.4098636807577578,0.22759100288138212,0.20681245976995957,0.1557328565909006,7.009677582792411,5.0061596687401595
C00831,S1,0.2810017790777727,0.09799402128179309,0.5581399634856508,0.05718974223595983,0.2866762729965962,10.642025690797166,5.037074310897224
C00832,S1,0.11707937350193467,0.09488843374042877,0.14482765314146182,0.5082456395928651,0.2520382735252442,15.141776546885161,2.7209745334303923
C00833,S0,0.0983508344997297,0.2653229145966133,0.28677714382872593,0.24876514857108437,0.19913479300357645,8.54086063916515,2.1620719740149754
C00834,S2,0.21594091374535,0.1942989521877503,0.04246767327436167,0.646215596592995,0.11701777794489301,18.319691012268216,2.7426092049151016
C00835,S2,0.3002207202497089,0.046370750836068425,0.6036343802659236,0.15502266639938717,0.19497220249862068,19.605297394743868,3.1303905034637385
C00836,S1,0.6979851592013722,0.14887618995491625,0.4846955887497549,0.18511956939245058,0.1813086519028783,15.370925858675749,7.198769729287355
C00837,S2,0.08843280606843738,0.15242246263372256,0.5596666956015168,0.2514178172335663,0.03649302453119435,19.96123446841885,3.8900223232859723
C00838,S4,0.15801153651932198,0.0011461923520377844,0.25104320786002504,0.693391680734716,0.05441891905322124,9.868801042875974,7.397814859719375
C00839,S0,0.04143082284017209,0.33285024719160183,0.21376220463348,0.40476174524248526,0.048625802932432814,15.104987847157968,7.365201180305309
C00840,S1,0.053651785389003274,0.31687277271458325,0.10916432249184442,0.1180872109632879,0.4558756938302844,16.55934432109192,7.3839572257128365
C00841,S0,0.2373909789904043,0.3340869517570311,0.17608046236818575,0.48275022021243935,0.007082365662343849,11.94646427296443,7.204766282163465
C00842,S3,0.7037338109573668,0.2117011159489835,0.034428605481087636,0.49297398544180443,0.2608962931281245,10.58150427968032,7.123534835464144
C00843,S1,0.280512410665351,0.4659359715073555,0.21643582669615122,0.24864679965191305,0.06898140214458012,12.020727497513416,2.876652101048532
C00844,S0,0.23448288883600063,0.41715511925668175,0.0803917474419514,0.3249752265334188,0.17747790676794814,14.123897978702082,4.361650914603258
C00845,S0,0.11405777764351116,0.6856557074473043,0.12094741536438895,0.023447271065356306,0.16994960612295057,20.351990682766896,5.693590210686871
C00846,S3,0.653112711393988,0.06227343658842357,0.09751353214609403,0.27417485800667846,0.5660381732588041,16.24224256672234,7.319694217482123
C00847,S0,0.09504546142456008,0.05171249293164308,0.6318176059520714,0.001875590764011716,0.31459431035227375,7.812718924534519,7.285843550130617
C00848,S2,0.5744824362975874,0.19208952809610022,0.6256543416807422,0.022372700327026637,0.15988342989613102,8.357739792348005,3.2850849129572834
C00849,S0,0.014462072996040378,0.36473940301412144,0.2905297548395676,0.19507519128926282,0.14965565085704813,11.175184285777377,6.036692129377194
C00850,S4,0.16747742101347554,0.42141280886554777,0.08033351017659406,0.26189288456022525,0.23636079639763266,16.63276093728551,2.6559577358651945
C00851,S0,0.17964031493946905,0.21542179192677138,0.4347160898039859,0.20885952603242466,0.141002592236818,18.171899472515808,5.0558995064629135
C00852,S0,0.14440774102475618,0.023486594341043623,0.05969792842861782,0.7625930319792996,0.1542224452510388,12.154936324796413,5.051751044306949
C00853,S3,0.8194152077295732,0.0699862405075718,0.7440417578674832,0.13526395492709198,0.050708046697853094,16.53139561317621,5.451538124225435
C00854,S4,0.01334413286515254,0.04238497223036149,0.33885060550727375,0.4429655274647111,0.17579889479765357,14.351569871249389,4.179941539721716
C00855,S0,0.08027683563965513,0.48077877663537893,0.007025688489158858,0.49001002612772554,0.022185508747736622,9.99734688141497,6.165451842067348
C00856,S0,0.07729738798513418,0.14569643862289508,0.16329629934852039,0.5595406631745701,0.13146659885401452,11.891153471334995,6.131228576968923
C00857,S2,0.5979120368110911,0.06669349711586772,0.12540493015969625,0.043588942321885066,0.764312630402551,12.679700769278988,5.062558011828832
C00858,S3,0.7488336569827898,0.2595089839820095,0.32330795677528007,0.04414622963958905,0.3730368296031214,15.748014950397181,6.386598040942475
C00859,S0,0.06079104254803081,0.0712600960679583,0.8895815470260096,0.030977577593637447,0.008180779312394427,12.747674141704413,4.073416723986698
C00860,S1,0.24246757388977808,0.041038686810425044,0.15188719856633018,0.10749594964500815,0.6995781649782367,7.474899607504271,5.647689238657442
C00861,S2,0.05705286485737057,0.6751679372119519,0.07951495366141709,0.13093292272525206,0.11438418640137894,10.408047845170415,3.998753097703595
C00862,S2,0.34804625311917164,0.1788977171728977,0.05671360520017438,0.3089059164700129,0.45548276115691494,8.759900853290178,3.684724904958234
C00863,S3,0.6450117744362797,0.29030176754529013,0.17324034300464494,0.5362769019480498,0.00018098750201516427,8.628846826389074,7.462176443629221
C00864,S1,0.21460536741705358,0.9156097932303666,8.998772006529738e-05,0.06268440408216996,0.0216158149673982,16.976569639312338,5.6263123228665455
C00865,S0,0.06957799873581999,0.12750468055706313,0.19527784809298973,0.19648958518442652,0.4807278861655207,9.387714106592242,6.16385220343159
C00866,S4,0.08496549585195826,0.23738755286821198,0.07349108226142634,0.621938752623713,0.06718261224664886,9.517923148114448,5.193434123930622
C00867,S3,0.7962188672708636,0.9188313166941507,0.007618195494673742,0.024030750967862346,0.049519736843313,11.179858874439887,7.961000726017041
C00868,S3,0.7175600532982113,0.04582507906082336,0.8835316502590372,0.0006492336709997618,0.06999403700913971,8.660969856475141,4.74779034609513
C00869,S0,0.14547222440783195,0.1517178943512218,0.49921210182370207,0.010267698014978434,0.3388023058100978,17.986894352705693,6.276670061560504
C00870,S0,0.18345440936136234,0.11916855730241885,0.32117537163718174,0.11198649322295513,0.4476695778374443,18.302101405194488,6.952309941408785
C00871,S2,0.5097321923774554,0.6341539089529419,0.33566322155633066,0.017225236589768746,0.012957632900958678,17.18919498268309,6.629453064601846
C00872,S0,0.15044836440044784,0.29330028642394274,0.08023495988514574,0.48025818154629724,0.14620657214461424,20.09795790844812,5.6202276786683205
C00873,S4,0.3123926051290713,0.3179001765311214,0.06286130132665008,0.03019337602803017,0.5890451461141983,11.379868831805641,3.1479486549969415
C00874,S0,0.10916624455774156,0.23868361996954596,0.011547567331549432,0.40494080491374196,0.3448280077851627,19.341966042690398,4.44885103607716
C00875,S2,0.13813415048881694,0.03657821050036324,0.6131697095248623,0.2699047070216146,0.08034737295315993,19.586055352573965,7.946182847874787
C00876,S3,0.6669410394620363,0.5332091662207479,0.22154488048696241,0.0024491910862578454,0.24279676220603197,8.410705900369095,4.082105281295105
C00877,S0,0.1335172731609622,0.15983143220627144,0.39979317764071,0.17845489657498867,0.2619204935780299,14.95233937874281,2.9999607774016273
C00878,S0,0.08499858169340446,0.3527004077695666,0.03564263293918751,0.3630656212409116,0.2485913380503343,19.584136861428302,2.0110967419873838
C00879,S1,0.08487561718901494,0.30892298755469155,0.5002408987404563,0.18187208628145882,0.00896402742339336,20.377866466563937,3.8865171194708736
C00880,S1,0.181970789526443,0.07974647707315208,0.21807129400171973,0.1825987038152885,0.5195835251098397,7.16274510364536,3.69144047211984
C00881,S0,0.0346471902332124,0.4965407755069483,0.15516659030328564,0.3426153854593881,0.005677248730377985,17.541285780199082,5.407342307286739
C00882,S1,0.4963751348390778,0.034809499702364355,0.08134388675791952,0.27292486957605827,0.6109217439636577,15.771656007350707,4.811629662800447
C00883,S4,0.4006858306142347,0.19794306514515003,0.33620611379659493,0.34393876536090595,0.12191205569734911,8.510851262326726,5.588331052184211
C00884,S0,0.1247042076893574,0.8768254729739932,0.09229720666269912,0.02024545571781929,0.010631864645488568,20.432024462689235,6.730739718048769
C00885,S0,0.2321979183014632,0.27099809581302725,0.24270343902677524,0.3843709949246426,0.10192747023555493,20.271543941076928,5.867482020866635
C00886,S0,0.08704969790664022,0.01310289643838098,0.7147809776699625,0.24000730104144952,0.03210882485020696,11.256626814637329,5.112731925774431
C00887,S0,0.07083565725024082,0.6926083234204562,0.1324662020170239,0.07342722522159066,0.10149824934092927,13.244007064641263,7.886960904558873
C00888,S0,0.28402025029447653,0.16000525249017666,0.6552843371473682,0.05472266131450869,0.12998774904794633,11.864136557984944,7.689369206828395
C00889,S0,0.2094131131650073,0.08752838834989697,0.12602750011404343,0.5563771926428867,0.2300669188931729,8.427478273898656,2.377494163341452
C00890,S2,0.30012232293317115,0.6638300387177788,0.24242535383462074,0.013094681841483276,0.08064992560611708,20.64755757083889,3.0454411544375066
C00891,S0,0.16776760309687466,0.11586455506905093,0.06394426742070033,0.7424886815508037,0.07770249595944509,10.562300876474335,2.9116851529712005
C00892,S4,0.35510471211126726,0.5767615436024656,0.19102954341401904,0.032131477606625485,0.20007743537689004,11.14231727176632,7.712613587270783
C00893,S0,0.20371042730841635,0.28524565359828835,0.011087678939175982,0.17813096034186018,0.5255357071206754,12.72875888339934,6.263380249394148
C00894,S0,0.2450656557596052,0.06685994100219703,0.12728058007456827,0.037189608104830685,0.768669870818404,8.555199089662441,3.37790822428242
C00895,S2,0.31686520115769057,0.6140951315663721,0.005694775133004941,0.06809025856800771,0.3121198347326153,8.972482864871244,2.5137279820185467
C00896,S3,0.7716812187147486,0.024199540656798108,0.07433167113154378,0.012322594833260899,0.8891461933783972,16.61163182496604,6.09621107968519
C00897,S0,0.07572455615434144,0.30767689118874153,0.1443856886683906,0.36602795950852934,0.1819094606343386,17.932811108955022,4.884284775140165
C00898,S0,0.0470738562871927,0.17906903405728633,0.5717855356439769,0.16006023060054203,0.08908519969819474,7.000708778384001,6.421541883663616
C00899,S0,0.13351364912180064,0.07698040795640017,0.2022304870998622,0.08117305118939626,0.6396160537543415,18.530720435267234,4.600934136024415
C00900,S1,0.3187631151061783,0.07880270386460805,0.28830958255920786,0.5581622387857027,0.07472547479048136,20.33487930747004,5.295388208835355
C00901,S0,0.14663815024566373,0.1598430346314852,0.24840335268277877,0.3650849273294634,0.22666868535627271,15.676049848462544,2.5239463932969306
C00902,S0,0.21731178057667097,0.35248172304032727,0.13291800059751588,0.2889570896808648,0.22564318668129202,10.822646480132093,2.753466713786871
C00903,S0,0.19725832952615688,0.0240421878833381,0.8694186618791735,0.04954311577686351,0.05699603446062488,7.604907525830056,5.003799466921691
C00904,S0,0.1548415637089507,0.14253660259609138,0.18206268931195715,0.3837650633937474,0.2916356446982039,17.632717897108346,5.119250317335085
C00905,S4,0.3118815915468551,0.36511933491458165,0.17121830870394855,0.2659405387285451,0.19772181765292451,16.162090791652574,3.204231012928964
C00906,S2,0.7762733713518558,0.2580916180740905,0.33348620248574923,0.16346282569594242,0.2449593537442178,19.48715168568353,5.005121030099772
C00907,S0,0.27277930178298665,0.006258794636558102,0.5652208350582285,0.31366886893968626,0.11485150136552713,12.660525763283335,6.572169385509017
C00908,S0,0.045957244850349833,0.6120314874901281,0.029986563953855325,0.25585739456892304,0.10212455398709352,12.688660142495223,3.664755402623353
C00909,S0,0.2453615298770925,0.5613940983165453,0.12210603863592782,0.07034704175721271,0.24615282129031416,12.215087598796096,5.907668668483683
C00910,S0,0.34381506147033875,0.364601355345025,0.10776363190793455,0.17992134099221205,0.3477136717548283,14.81200775778723,4.942942897536147
C00911,S2,0.2668748539666679,0.42070262728990904,0.09462739482056841,0.28610422691945225,0.19856575097007015,16.5309229158915,4.616702379201101
C00912,S3,0.6203802279968984,0.026087443586504836,0.9495274938027553,0.015434403642759035,0.008950658967980793,17.582507811981706,3.363851747751075
C00913,S4,0.2995122517275614,0.533029179568811,0.1841896983013946,0.07497356342650173,0.2078075587032926,9.718624266091126,5.860381125520949
C00914,S4,0.31666399875372736,0.10928594133817264,0.5265173072957532,0.06840200476011034,0.2957947466059638,19.50916800051838,7.314475798341043
C00915,S4,0.13573605468161828,0.7444451070239866,0.07510796179006408,0.056789071385809686,0.12365785980013974,17.951587660026355,3.2857997067268285
C00916,S4,0.0945966314692047,0.6673427448701826,0.08759171003618589,0.17556169886234818,0.06950384623128311,20.583124452525105,7.681879221051487
C00917,S0,0.2569727717099095,0.2262067542834684,0.24848910484926115,0.22923192971141354,0.296072211155857,17.208850136458686,4.675234228646924
C00918,S0,0.18828786942899556,0.2698811409343413,0.26400658566280216,0.0751719976453135,0.3909402757575431,16.29404845863573,7.110863932734537
C00919,S0,0.07509897602800132,0.0804147303116157,0.15188432671983104,0.41298942868573507,0.35471151428281816,12.73456625868116,7.289421207707356
C00920,S1,0.4008810281095678,0.2655294168625792,0.15694699648570312,0.49244569500366003,0.08507789164805768,13.69533337114504,3.3765866340566273
C00921,S0,0.03436437262163016,0.27545717113572077,0.38462331779263254,0.12276034636754683,0.21715916470409993,19.6241143685088,2.3254620017125305
C00922,S3,0.6987497104058378,0.008317102716823871,0.017704203880761882,0.6050385403688551,0.368940153033559,19.121529083584452,2.080239050127829
C00923,S1,0.3464230721457524,0.7175810268464653,0.15246290497733492,0.07075389699770578,0.05920217117849396,12.221867336302545,3.9768079448480105
C00924,S1,0.27004701490013844,0.5618787846357447,0.18169652021334878,0.0840560287343678,0.1723686664165388,16.245908815064716,4.152760229536601
C00925,S0,0.30262169145025264,0.6944031994855536,0.003170222725230214,0.23204913608812697,0.070377441701089,14.58551950800043,2.6679943304651292
C00926,S0,0.10145675354229147,0.1396098383603299,0.3065836588475714,0.17349116924696606,0.3803153335451327,13.03359115188649,4.172700673707714
C00927,S0,0.4903390369776074,0.09051960254820522,0.12387303210897171,0.6357766561132209,0.1498307092296021,8.228462363142619,6.7170913405957045
C00928,S3,0.7666300323704781,0.04079876845304577,0.12839434715781978,0.5457429341006093,0.28506395028852516,16.076043617747757,4.96251738384081
C00929,S1,0.2593551125299002,0.15852029754246297,0.5754447511201373,0.09699528427158598,0.16903966706581375,15.538496771806393,4.13541052888882
C00930,S2,0.2457287988397456,0.4426410439865052,0.21374630820729584,0.18634573032312093,0.15726691748307806,20.100026248189696,4.269499533524896
C00931,S0,0.2747029820444071,0.09073634180662744,0.17155245934185326,0.17038622053248245,0.5673249783190368,14.640321472750973,2.664020186242303
C00932,S0,0.1893271032700881,0.2380867433370167,0.2435826907872158,0.15651952498522648,0.3618110408905411,18.422739589786968,2.6234949445293854
C00933,S0,0.08215479383304708,0.07551716971071608,0.20735032929508201,0.5046938441803562,0.2124386568138457,15.587736817282886,2.4517304055511495
C00934,S2,0.13163401112807427,0.2747559873957366,0.1858852733468046,0.14132948801260245,0.3980292512448564,19.520722779078987,6.555494924650456
C00935,S2,0.551614339321931,0.5713812966789217,0.1952002635328557,0.04605244493040314,0.18736599485781955,16.452218240906568,4.607610819749502
C00936,S0,0.11724668534011932,0.30043824737620034,0.07438827583180785,0.35258744218267263,0.27258603460931924,13.031733154438955,5.54173701967019
C00937,S4,0.42097892393763325,0.6924821035711121,0.10473321161661249,0.006759013520505116,0.19602567129177048,15.74784695081022,2.293404074739649
C00938,S0,0.14645734304791352,0.14916225273230305,0.4242829044817632,0.04281998730866736,0.38373485547726643,16.262269723916543,3.819643538832338
C00939,S3,0.7997865607970708,0.04819148837692761,0.2781236376224219,0.6075132666937592,0.06617160730689121,13.796677023898962,5.044653007689929
C00940,S0,0.12894582868500915,0.25418770053689893,0.33400904650763413,0.18799959867291874,0.22380365428254823,14.58265108956481,2.3196576673229803
C00941,S0,0.13911894523891397,0.4690559303838286,0.06963377857503715,0.017714849594070086,0.44359544144706425,13.653678740270784,4.35403104446519
C00942,S3,0.6373593886861394,0.1927202327706138,0.2523015791057544,0.016940897532787814,0.5380372905908438,11.301218359059552,5.694100882416304
C00943,S0,0.13545440301556708,0.3627168426876725,0.5454740066692636,0.039612873446270194,0.05219627719679381,12.003114141549396,3.2378599341095655
C00944,S0,0.38157514551187227,0.02230319490168284,0.004138986980908169,0.9267977716862636,0.04676004643114523,9.785179151832969,4.633720230624934
C00945,S0,0.18126328811988324,0.35652549943043443,0.1115453640186651,0.5314676994022893,0.0004614371486112331,8.585606163026055,2.987931591151388
C00946,S0,0.05500307887373359,0.024111790022125382,0.7062968254941233,0.2569340613319579,0.01265732315179347,11.762018364339886,5.182079170526435
C00947,S2,0.5020020373864367,0.2811967772423436,0.07240138899185795,0.3102572131294371,0.33614462063636136,19.7623458985886,4.292850326271839
C00948,S3,0.37016142373238453,0.042348932105854685,0.03541212204706687,0.033941635864969434,0.8882973099821089,9.425855462488531,7.493105047573115
C00949,S3,0.7723315639558256,0.4588077355881189,0.2644999492707636,0.07041854684305746,0.20627376829806013,8.21787527893857,7.883120722140851
C00950,S0,0.13311314285218484,0.0806299085671034,0.3967412691202725,0.23621710099916896,0.28641172131345505,11.456934259098155,5.9940751889247785
C00951,S1,0.15242546390607495,0.10858594550009727,0.021665101533834264,0.053886114417924465,0.815862838548144,9.680191071508665,6.785448524564051
C00952,S0,0.049809697773173296,0.034374203784128136,0.3345596693268043,0.005596747868108958,0.6254693790209588,16.314310276196764,4.1492302420446485
C00953,S0,0.009213933963037883,0.08745891684699132,0.09327704238494774,0.8159128072515938,0.00335123351646727,14.853281812023805,5.250787202572638
C00954,S0,0.0372682136042319,0.4692370180023568,0.02697210723158365,0.030419624812375902,0.4733712499536837,20.925954741357543,2.5687892617742034
C00955,S4,0.20946839301615952,0.05975357540250202,0.24026724209077988,0.22586885533896148,0.4741103271677566,18.320673204260544,5.403671635101448
C00956,S3,0.673079519958663,0.13309660230546214,0.43925759570600986,0.26181587039071613,0.16582993159781184,18.557017754758807,3.278963473230208
C00957,S2,0.3064710830436846,0.09510865420097689,0.5697213453305652,0.019291341751526983,0.3158786587169309,17.06423555402552,2.580516098969433
C00958,S1,0.6152427264906308,0.331242170369138,0.30341354474275106,0.01649518225784745,0.3488491026302634,7.0442137401933955,4.623411317632659
C00959,S0,0.20331558001380878,0.020572852482030703,0.018068764225971878,0.9111559416054361,0.05020244168656113,10.780383155057084,5.533782370700325
C00960,S1,0.03910255184823371,0.002304423416765241,0.18537223483331144,0.059651206800425974,0.7526721349494974,10.737264229390984,7.525540992167333
C00961,S1,0.19605726490984118,0.007417812991421644,0.17776314770956167,0.06527006883454202,0.7495489704644748,10.316668676716628,2.7261649543212982
C00962,S0,0.3091313491985374,0.24356934126461494,0.2733109602603508,0.21852429905488313,0.26459539942015126,15.88673448751825,4.564402783961712
C00963,S0,0.22189259907169584,0.11067853785869718,0.41527026320365845,0.08177713192156469,0.39227406701607975,19.064536887905092,2.1799537040126844
C00964,S0,0.017833139167075115,0.7984364279738906,0.004460377763269109,0.002430206272401119,0.1946729879904392,14.200189145011144,3.5868027713122808
C00965,S4,0.44401402498068976,0.18909726533947493,0.017360475743464606,0.7478411189361919,0.04570113998086865,19.09890629144983,7.371141904855748
C00966,S0,0.3250586409703181,0.5295198647932162,0.10068434889491498,0.07067103141241017,0.29912475489945856,8.157809969802884,4.602070921545607
C00967,S4,0.16102685269447145,0.641131291909916,0.058937192807748236,0.07235139919808917,0.22758011608424666,18.82674406459285,6.471347117329213
C00968,S0,0.17710759283074848,0.0727437978439993,0.37552491139475164,0.31640133161207895,0.23532995914917001,12.01072505548867,6.880605516550565
C00969,S1,0.38861548418109626,0.7264972896810944,0.031203901519009113,0.21519282347434038,0.02710598532555598,8.6601328634672,5.469447723849215
C00970,S0,0.340619141317984,0.004456106285896124,0.02052938243928929,0.9375805772987539,0.03743393397606062,15.69981326035178,7.6815081209663045
C00971,S0,0.2644404719985314,0.29098102400068104,0.19557632671388522,0.08751057366577382,0.42593207561965984,20.91959270219955,3.223291013512916
C00972,S0,0.10404263394602926,0.26268612756111726,0.28532521392987387,0.3364338087527266,0.1155548497562823,19.10907840968496,7.5658088992084975
C00973,S0,0.272107190916987,0.8012486329161111,0.04661165948123884,0.0023245694205829724,0.14981513818206701,20.702915759052885,2.6248816755417677
C00974,S4,0.15855326570540257,0.17054647685467778,0.36342035718686583,0.20231004835069516,0.2637231176077612,15.754905580228698,2.8941062779128908
C00975,S0,0.19028979172317526,0.814135771568935,5.3755312066176485e-05,0.1588813725215087,0.02692910059748998,14.483637911590757,2.786431396231519
C00976,S1,0.24292327073848063,0.3992676399760041,0.24520766770477198,0.24467638068445727,0.11084831163476652,13.587889349174853,4.651315484029295
C00977,S0,0.04464385526985971,0.04336033829215307,0.15723407464724135,0.1982122719802558,0.6011933150803498,9.103643298541815,2.2819530363641127
C00978,S0,0.04566608196509315,0.07110282875907749,0.014079991732505135,0.2789205267360038,0.6358966527724135,18.834253370493634,6.811573364594679
C00979,S1,0.5306202668143304,0.061682195873442335,0.1818262757051671,0.18461798098785062,0.5718735474335399,20.38310990970351,2.0347641188187584
C00980,S0,0.2294723749706903,0.29161071784383347,0.23681121310300235,0.19529877905570361,0.2762792899974606,7.288964948741396,5.485226961340694
C00981,S4,0.2706809580085142,0.18381712159009547,0.12672096965439128,0.6656086080455562,0.02385330070995713,10.353439024242725,5.728833654411906
C00982,S3,0.8704106643572118,0.04955034849164474,0.6782811407923601,0.26588639952321447,0.006282111192780592,10.792201256353152,7.528517764044177
C00983,S2,0.6111175846450347,0.07452251095167368,0.08928827797162639,0.34553813618239093,0.490651074894309,17.938098566345058,3.2755284439946486
C00984,S0,0.0879793726505774,0.1704450270297611,0.03486066636048773,0.08193755217162296,0.7127567544381281,7.992224339841702,2.9581902750966917
C00985,S0,0.17766855801381465,0.379615816466745,0.006199894243292164,0.5407811823747861,0.07340310691517656,17.960309108272597,2.6452690841503386
C00986,S4,0.5289636655515616,0.2159070657094876,0.3178989953530307,0.4590335393492013,0.007160399588280342,18.45394419522266,3.2718011514769643
C00987,S0,0.1835981527182551,0.25734416907029806,0.06894479772118273,0.5703475620865072,0.10336347112201207,12.646545377874642,7.655314605459504
C00988,S0,0.08479488545603668,0.4753804059365353,0.19304158317642087,0.15049639826281017,0.18108161262423356,9.49931715783444,3.825978679338135
C00989,S0,0.08247658988744946,0.1389503724492901,0.4967129501566641,0.2170762076363053,0.1472604697577407,7.036104252977099,5.847224578544819
C00990,S3,0.6665988884845563,0.0018201328383890445,0.05280971683611867,0.03405262183728636,0.9113175284882059,15.236399539049959,6.771967019514374
C00991,S1,0.4529030282438089,0.31588842178564525,0.25247743539148254,0.1605976153361013,0.2710365274867708,13.777168009646118,2.6623337851956554
C00992,S2,0.3316260871706192,0.2438344786434429,0.1145678124388787,0.15598158073366192,0.48561612818401645,8.774622799132418,6.20371417067299
C00993,S3,0.7599738426464778,0.04114269124409979,0.912262973119714,0.022455446416612415,0.024138889219573915,18.408833793217678,6.065337471587251
C00994,S0,0.3463906605127875,0.17789968255915628,0.16417491392825664,0.6460495206990036,0.011875882813583606,9.022113270734504,7.756486433602083
C00995,S4,0.3264404287749597,0.11565917740819932,0.24374835304771178,0.6328846035623064,0.007707865981782587,18.865014703925883,3.2113988392140502
C00996,S0,0.009407946914953086,0.7849159550003962,0.08953098152441266,0.08899288448433905,0.036560178990852156,11.766740324556611,4.775918957730616
C00997,S1,0.2342469692463608,0.04307474507818289,0.7229984670872582,0.08298987042262346,0.15093691741193535,19.99978490512867,4.529573411706467
C00998,S0,0.13878016200194804,0.1042523490129933,0.17145065374131557,0.34119173294207755,0.38310526430361375,17.105337378921945,4.862578893931028
C00999,S4,0.17416243187086797,0.49638610940734107,0.15524362177385764,0.24606968296447543,0.102300585854326,20.671910178651586,5.0651323578433916
C01000,S0,0.15107516436312812,0.18162011376064874,0.0065675092231916345,0.24673376495033103,0.5650786120658287,16.70883850093655,3.2896709763245378
C01001,S0,0.03249435891467631,0.16682055234410786,0.5244573016627346,0.10419230180505218,0.2045298441881053,19.39419968841233,4.723847686058964
C01002,S0,0.09617753970962094,0.3659083842292357,0.014394944958788815,0.22452873379403643,0.39516793701793906,12.100783416764898,7.319665378628716
C01003,S0,0.012158733218501316,0.10361313012238085,0.15918225711845588,0.35562285279556166,0.3815817599636016,10.204580219761144,6.807962270276134
C01004,S0,0.17857610934730386,0.23199448963997846,0.12494868647450919,0.47526920910159426,0.16778761478391824,8.679569770290655,7.24116650897248
C01005,S1,0.11668404022695847,0.005129626882153844,0.12433021276277709,0.823914114935669,0.04662604541939997,17.33453625899031,3.0263942368968086
C01006,S0,0.1781528597823565,0.019030804080756736,0.07750219952835959,0.8539228289175534,0.04954416747333036,13.246198198836494,4.216693328400722
C01007,S4,0.3491836183315782,0.17515684502677023,0.26545683640950135,0.24223716257322325,0.3171491559905053,18.623473865842538,2.119982280161384
C01008,S0,0.18875958801937573,0.09769774527408003,0.3513198738535046,0.5341463520341954,0.016836028838219975,8.276301681239165,5.170915429454278
C01009,S2,0.053967284917825833,0.25719027398722133,0.07012084860075087,0.4427143782703901,0.22997449914163756,7.124066122456852,5.238283436831743
C01010,S0,0.07041471498530452,0.11329828084533015,0.19391447961532204,0.6735923471750326,0.01919489236431528,8.322475702293165,2.4288114008032795
C01011,S2,0.17214105120184822,0.2083610065334188,0.1690401770864031,0.3926467639782878,0.22995205240189032,20.482834874950104,3.285965564343611
C01012,S1,0.042148771011824245,0.10368880938415308,0.7413444442748083,0.002614851697966737,0.15235189464307178,16.137491673786833,6.522237256704127
C01013,S0,0.14211572215138515,0.745557383309002,0.15797292935616333,0.05129040590367174,0.04517928143116302,19.991928625140353,7.566970879824872
C01014,S4,0.3133837649211773,0.02681386752152937,0.004908253143793037,0.22587947786583173,0.7423984014688458,8.604543805844987,5.881721680126198
C01015,S0,0.1470133974387503,0.7497186141177042,0.02278291754906215,0.020525761482131262,0.20697270685110222,8.244414088285636,4.6227114837135135
C01016,S0,0.27985495761802465,0.6862496911084541,0.20131682475511697,0.09464782517275225,0.017785658963676676,17.59163033262359,7.49428339560486
C01017,S2,0.3748138255539758,0.4746308888245158,0.2927976098862621,0.18204608065410444,0.0505254206351176,8.459645669239231,7.886635855756066
C01018,S3,0.5924475157021557,0.17126850759409395,0.41726461546976495,0.2313600762220152,0.180106800714126,8.147105375129325,5.827273980947336
C01019,S0,0.2623775933412948,0.38347838691527286,0.5540708823861809,0.05883108697148639,0.0036196437270598473,8.656986889109001,6.579190522748252
C01020,S0,0.4609907143453743,0.11654425016514532,0.1695133619809116,0.1782450981869881,0.5356972896669551,9.790879842371652,6.065258591358311
C01021,S3,0.7214760935550526,0.38964465423421035,0.17964692613247432,0.21224042064562026,0.218467998987695,14.567885338583688,2.5647762929163895
C01022,S2,0.23995289654159815,0.3191029702079158,0.20347553804818402,0.2815484456551422,0.195873046088758,9.599468284383768,2.47745436232716
C01023,S4,0.31124979784741874,0.09365199002940869,0.23313110328238126,0.05898422642131666,0.6142326802668934,10.68268082114632,6.290167088009209
C01024,S1,0.27575480307587713,0.4074215862200873,0.32084620674436626,0.12211483132308126,0.1496173757124652,20.447841000438864,6.12198660048428
C01025,S2,0.31152041368131095,0.24199211292074596,0.6424691613827423,0.0439601409458494,0.07157858475066231,10.213755012582498,5.225181689615022
C01026,S0,0.08459854074347559,0.05481845306368393,0.544240853446182,0.12502738096702856,0.2759133125231055,18.671456200295363,6.3473076585566295
C01027,S4,0.06870425525610535,0.4950549837132117,0.11356881159911845,0.2068843177315964,0.18449188695607335,11.218155744857626,3.556806777443538
C01028,S0,0.22450515818734476,0.5839831266781209,0.004575312816221148,0.24920293800820495,0.16223862249745308,11.45770885658317,5.806153522920921
C01029,S2,0.12852059415580885,0.10383484517146203,0.8266020384204112,0.05853839069311993,0.011024725715006846,11.77071341293201,4.970419151666465
C01030,S0,0.03781586010892667,0.21833187110544555,0.6205711657897472,0.1568185480111457,0.004278415093661594,20.55432616270289,6.296414263068482
C01031,S1,0.14931729648884579,0.01772185515606587,0.015251875636460223,0.5914449370165439,0.37558133219093004,12.661454137218943,3.8096697520878036
C01032,S2,0.3382512952115643,0.0412016804316096,0.014659428499978977,0.1672208887566087,0.7769180023118027,12.490196748951902,3.778388488706167
C01033,S1,0.24174343347527752,0.09647873912208227,0.04010350599438957,0.0045637864905785225,0.8588539683929497,19.879376503532868,2.3695133367819774
C01034,S4,0.3190136711497907,0.3071526940282868,0.051015483792652035,0.2860489867682089,0.3557828354108521,8.989872108245779,7.387734997442113
C01035,S0,0.009737074398146568,0.0970303789510462,0.6350482673720252,0.044187096456394535,0.22373425722053403,7.3943198570759785,4.65095509889468
C01036,S1,0.3101051092129938,0.8026175926238738,0.02068450428962091,0.1620191266631121,0.014678776423393252,14.622157028943798,3.232143096191483
C01037,S0,0.17376021359287067,0.06242599306178438,0.05745508851521321,0.07894928399009946,0.8011696344329029,12.278493374777224,4.623558686673116
C01038,S0,0.2512337372254258,0.018285878420699345,0.5083845270694307,0.43275175133634025,0.04057784317352957,10.693991590510759,2.607236541622665
C01039,S0,0.05946339877843578,0.6579446770594025,0.10501205098635802,0.07316466940076001,0.16387860255347947,11.758030924829496,7.866184130517177
C01040,S0,0.12187742705098373,0.08801261576482698,0.38126854666016124,0.24914445424031972,0.2815743833346921,15.524911811454434,3.6326760433754353
C01041,S0,0.09660609909523349,0.43197384407585443,0.12619735591272266,0.266922677687284,0.17490612232413896,13.090346018903517,4.1250912980836
C01042,S2,0.2985272728202952,0.17345724575633817,0.048759773796294724,0.4453172567479755,0.3324657236993914,13.818150227250285,4.201565344437272
C01043,S2,0.17122664475472096,0.0306190808402493,0.11109136598770922,0.784235293439929,0.07405425973211258,13.293860623916746,3.9126346920253763
C01044,S2,0.6090839656283077,0.10793496754298691,0.5769007172051509,0.026414443780930764,0.2887498714709317,20.85557403534615,5.132032179322693
C01045,S0,0.21281709000281732,0.19528922062810303,0.1506363533028805,0.32106084060896356,0.33301358546005283,15.51385727174761,5.609571885892037
C01046,S0,0.14602077780861705,0.19378015237185472,0.2662355192544864,0.3919387698467354,0.1480455585269233,17.427926841232967,4.546265010742203
C01047,S0,0.2392343384641003,0.4689305898979417,0.16538090033112776,0.14426155510362593,0.22142695466730455,8.434102722961995,7.504029216477414
C01048,S2,0.2788415544549261,0.3817930174061406,0.40859699967208196,0.036536635045529654,0.17307334787624776,14.609651935585159,5.5351468933155985
C01049,S3,0.9318775205547659,0.3862237918111578,0.12614009170604273,0.45217804636761244,0.03545807011518718,13.861458453055826,2.4110140427419346
C01050,S0,0.2136148729185955,0.5093022922799355,0.07825050038850223,0.1229474565418704,0.28949975078969187,14.282560760748979,3.629923530960623
C01051,S2,0.5178215657244274,0.10458051852112323,0.11605316616273191,0.5127584249753918,0.26660789034075316,20.09095123792437,5.407527608370452
C01052,S0,0.2215669628699065,0.12371431555317675,0.6885447000946583,0.066829614436456,0.12091136991570907,9.11771672468635,3.735498634366322
C01053,S0,0.13277852266058257,0.5771914418251488,0.03496625579301926,0.22857272621133765,0.15926957617049428,8.64769585290711,5.994209221259819
C01054,S0,0.13502189070959916,0.14637604936824888,0.2904073765042244,0.5102122774936754,0.0530042966338513,16.983408138004624,7.800203858455292
C01055,S0,0.09098856452563141,0.6023990186530901,0.21292555787525255,0.17737474293451058,0.0073006805371469636,20.523853466918098,7.454573707820304
C01056,S2,0.45144377050980955,0.030708198931766243,0.07549311809267617,0.11588807087022902,0.7779106121053285,14.569193347292355,6.913673912724218
C01057,S4,0.17803198475578283,0.7164242007617352,0.01920738850387386,0.1675923012929014,0.09677610944148966,10.183701776286988,3.8972598038177066
C01058,S0,0.08539144015624718,0.05930138384859934,0.2987154275614832,0.578622076514693,0.0633611120752243,17.67343072578786,5.6665607862575875
C01059,S1,0.13577710204822824,0.009795166372073203,0.8414697470129633,0.02054445989409963,0.12819062672086387,7.868911016765029,2.250825064182921
C01060,S2,0.26814117667097614,0.09754728587429892,0.26950523401100324,0.30154971635460653,0.3313977637600914,9.357590438177056,5.98865751801339
C01061,S4,0.5961179899952898,0.5757127215054045,0.3282873217628831,0.045397268510642096,0.050602688221070176,7.1328808867341555,5.518698589861998
C01062,S1,0.2138364897529672,0.2753149099261086,0.33513746077342527,0.08006666992329704,0.30948095937716913,18.271496376020295,3.366549801383884
C01063,S0,0.19327454929552274,0.029543465651275472,0.10320586049980576,0.7762275012360855,0.0910231726128333,15.515265135020739,4.350209677633056
C01064,S1,0.04861611094731075,0.24617794968157902,0.10724057650612034,0.11563920770817425,0.5309422661041265,7.959307162845075,4.14136601591253
C01065,S0,0.05395530652538584,0.5357360552728885,0.20008678993018866,0.06122028810146436,0.20295686669545843,16.30904133124153,3.6789406492365684
C01066,S4,0.2222260546647816,0.14961336168230507,0.07666367389090362,0.43344646319275,0.34027650123404135,19.65135289062617,3.393818025027975
C01067,S0,0.05202558634284027,0.05763842761174452,0.2190102009764364,0.030520925333200537,0.6928304460786187,12.14580226760215,4.510220285279626
C01068,S2,0.2074485882174591,0.055674915893281336,0.6830465536046745,0.13602324815847705,0.12525528234356717,13.300895062498242,2.244447540227675
C01069,S0,0.06475762217676967,0.24207007690616825,0.20305141372397498,0.37803304937865473,0.17684545999120205,13.869320783349323,5.974585304710908
C01070,S0,0.11674542480554469,0.38559072705701924,0.10241338815486326,0.19072432562937505,0.3212715591587425,13.163259569097187,7.471323712416839
C01071,S3,0.9064395617566563,0.001994298020785603,0.016890231551286085,0.05773136753657884,0.9233841028913493,10.638698836028592,3.348047537111719
C01072,S1,0.2610276410919012,0.04357776469929168,0.4860903980111813,0.3418371500629649,0.12849468722656215,13.054446411851735,3.42285541105485
C01073,S0,0.061154724300312824,0.4146758601681655,0.14409130589538013,0.056335098858059485,0.384897735078395,9.195167774360444,6.173113981364337
C01074,S4,0.19034690063952675,0.15311777310423463,0.25089808614458126,0.0692978544407675,0.5266862863104165,12.187591993552058,3.2590182624191995
C01075,S3,0.5545142344528328,0.14879849849278612,0.23123973889017826,0.3174934400404767,0.30246832257655887,17.06888839653507,2.5795094689792277
C01076,S0,0.0271991616537834,0.008305286373249496,0.01786726355249728,0.6676675966878858,0.3061598533863673,13.06666052563752,7.264430525926844
C01077,S1,0.12732126299024768,0.05681933776253081,0.13128473212467454,0.74703223819244,0.06486369192035452,8.719113903838245,3.8110976317901573
C01078,S0,0.18927203090963174,0.4800257101814763,0.3822770710322697,0.045991385124005864,0.09170583366224823,18.252636400378442,6.2709082061447265
C01079,S1,0.11952456058462987,0.7797685270716754,0.12367409308145573,0.0005790216440274605,0.09597835820284148,14.562897904447572,2.469044895287905
C01080,S0,0.2859888795035418,0.713926598789596,0.1818370863737998,0.03997023232652341,0.06426608251008085,15.110005644433947,2.9602612810533655
C01081,S0,0.0710041506880465,0.02663862860030651,0.6245615351442758,0.2699959071605528,0.07880392909486494,16.85983499904416,3.510198044704519
C01082,S4,0.22252741347480465,0.22428507520568985,0.4480220142492827,0.040017419134924105,0.2876754914101034,12.103827492148186,6.083527827723524
C01083,S4,0.25090567838658334,0.36260415896200426,0.06454626198000438,0.12515589222987972,0.4476936868281116,17.53249472909392,6.641855740034971
C01084,S3,0.967689406533721,0.0007356032417703079,0.07565201422421058,0.10975638465354884,0.8138559978804701,9.988307918457174,5.233119829779772
C01085,S4,0.18627741850862817,0.4000818806341325,0.0008487340092872245,0.5681404348086223,0.030928950547957836,9.199522871221344,6.614984334987927
C01086,S2,0.3138143556959511,0.9084060190720292,0.04763275340058061,0.021804159385668955,0.02215706814172128,15.492556193124894,3.1613178965711377
C01087,S2,0.27923321367809467,0.3259180375550629,0.31961485338644074,0.20172813770038023,0.15273897135811618,15.439692328819161,6.861570831532632
C01088,S2,0.1857001743348616,0.001742294071546496,0.11795791181012065,0.7067732644072932,0.1735265297110397,17.786792430255094,7.5228069445877495
C01089,S0,0.04599424152920032,0.6629560225023617,0.24365885853288172,0.06644057189294703,0.026944547071809623,10.117530344408188,7.148100014658676
C01090,S0,0.030669734648637356,0.07722478782124301,0.39358477335718123,0.197725941158624,0.3314644976629518,16.148598618748018,3.513593617762632
C01091,S0,0.2554837019527915,0.07443233932643886,0.670388502203242,0.16640389923377966,0.08877525923653942,15.003311615386657,4.537541563951713
C01092,S1,0.2314035644394094,0.0405730856316563,0.7977287646737065,0.06876490368031664,0.09293324601432046,13.566364939301002,7.961892240086365
C01093,S0,0.10635980575618074,0.11574201905484277,0.3557517536046716,0.12839861638481612,0.4001076109556695,17.26676228704067,2.437136060772799
C01094,S0,0.44377229504974763,0.0027125354330442466,0.1889922221441729,0.013440319745928646,0.7948549226768541,14.676819998762559,2.333521764964027
C01095,S1,0.14215354844836645,0.36868630055169527,0.0815070568058402,0.30092710209083645,0.24887954055162806,18.667768115200033,3.230853003286051
C01096,S0,0.004723786291406312,0.17694640953511093,0.1760971825270208,0.12119681817595755,0.5257595897619108,8.781534074062888,7.017741085650416
C01097,S0,0.1496452188347687,0.050434255519228366,0.020165814884051485,0.05933696886080414,0.8700629607359159,7.723992746561029,6.1877520971326385
C01098,S3,0.6354109372211043,0.2371844639182956,0.6286035572314288,0.013490118511660657,0.12072186033861486,18.410723643833425,2.7898998660717362
C01099,S3,0.749382134758447,0.02443770912987746,0.11314567520274132,0.4482031343054048,0.41421348136197633,13.896317813998625,7.053764358312298
C01100,S0,0.05931802762927984,0.1570898073215034,0.49909368428569045,0.26120720594550856,0.08260930244729763,14.899408828318528,3.2210855182010976
C01101,S0,0.13760594858597408,0.06442343432130838,0.0928464629354088,0.8078659203446098,0.03486418239867311,15.517219454970363,6.445293571574389
C01102,S0,0.3569904627687173,0.18836785819616964,0.000731714774329642,0.6215586064595215,0.18934182056997909,17.628308146741087,3.4462417085947346
C01103,S3,0.7861471369156882,0.10424151914779807,0.6071816383121125,0.0881238988811288,0.20045294365896069,11.275306698832829,5.477721542792567
C01104,S3,0.8182423019915909,0.04411964812108749,0.09443539673100146,0.22483435142611652,0.6366106037217946,10.320443034629413,4.449099854028965
C01105,S0,0.45365976535387886,0.2832609307105163,0.06015750929016033,0.1856408003173735,0.4709407596819497,9.82054500607805,2.0263562824366677
C01106,S2,0.20890514695690549,0.16109694743691327,0.06940859182314219,0.040227551350841224,0.7292669093891033,13.13523593545689,5.4834497715071135
C01107,S0,0.14309939585333342,0.26101090014135875,0.36004996381836984,0.152886936018022,0.22605220002224932,10.328049452125153,7.125945128190985
C01108,S0,0.0702011845833101,0.2590446645261924,0.17886382282888066,0.3130034606702984,0.24908805197462844,14.677473849097765,4.396661739121191
C01109,S4,0.22802844444247009,0.005403793924738624,0.051170043056768186,0.05887750061128027,0.884548662407213,18.49500235425688,6.698399188658589
C01110,S0,0.09903876206870307,0.1838517299369858,0.21879874668999302,0.16532091844373453,0.4320286049292868,20.490447615936027,2.0353858155501814
C01111,S0,0.2708123653337093,0.49770169542324827,0.14124039390014465,0.2312269593020394,0.12983095137456777,19.007615907091814,6.437965719820359
C01112,S0,0.18035581582546253,0.10828633284561372,0.019627214349855093,0.7883560415146675,0.08373041128986362,7.527402258766552,6.282247733178779
C01113,S1,0.3104310056141712,0.15204510994342263,0.18689112930022891,0.6525989316835168,0.00846482907283174,19.127654629713003,3.4706795301115836
C01114,S4,0.3027626686081315,0.5412350163135055,0.031082145478915982,0.24774058319002396,0.17994225501755465,7.520796291155708,7.114557812851057
C01115,S4,0.34205577725490854,0.1476981666867501,0.04968763027457346,0.7806411386976114,0.021973064341064975,12.767113230060943,6.218565424907712
C01116,S0,0.11615884651375476,0.407482821616101,0.09216851550044913,0.3733539338724454,0.12699472901100445,9.501138249783933,5.759006489110622
C01117,S0,0.24365317516353022,0.06014957346687703,0.07848583256855529,0.31450284750970375,0.546861746454864,18.20099410233704,5.800591570439771
C01118,S3,0.4418183061263158,0.23623561442288626,0.15717990515035243,0.43976211476561766,0.16682236566114372,11.71073770015104,5.24434937805098
C01119,S0,0.12158747357907634,0.6621823485270698,0.02155055464188968,0.17025496869347242,0.1460121281375682,12.322738844418055,7.573050110403397
C01120,S3,0.4272708439414232,0.43083760266539056,0.2970043799180271,0.10468485713996055,0.16747316027662162,13.095809704955542,2.448504665985718
C01121,S2,0.33404784299524487,0.2787723996316202,0.40497518233038365,0.15269834767544893,0.16355407036254735,16.54400341864615,5.998126562595974
C01122,S0,0.092197159478772,0.7286907531941832,0.06568291908889777,0.18966061294518882,0.0159657147717303,19.30255253932635,7.498639267842947
C01123,S3,0.3136691062564704,0.7277133110634035,0.13592131681552697,0.11914279307571254,0.017222579045356783,18.930476366728065,3.4300749545714453
C01124,S0,0.11828516118856337,0.3700691627480228,0.3648707304113173,0.19246760562844986,0.07259250121220993,16.453867026089732,3.59662889376642
C01125,S0,0.02627284721406256,0.14139245088727928,0.17197902153586053,0.40753382777344266,0.2790946998034176,15.342897248066809,5.089351700444659
C01126,S1,0.04745457910990972,0.4761074127514101,0.22326744997057904,0.14647766175942414,0.15414747551858657,7.095246025975815,4.813993482248889
C01127,S1,0.0404367212489144,0.01669535240841724,0.179615161103788,0.07480510418639079,0.7288843823014041,7.837850758330107,3.749542228091907
C01128,S2,0.15871656432605988,0.10691287238587385,0.1488841038995107,0.037291637965725835,0.7069113857488895,20.988960329018656,3.802352015312153
C01129,S2,0.5310551190912258,0.08176302030520743,0.20773139460498394,0.7098626051436465,0.0006429799461619843,14.936846126760503,7.714832890297312
C01130,S4,0.20417970459898283,0.7551583461987408,0.004545037510732864,0.19040481390241118,0.04989180238811519,10.416248298986332,6.2624288363916705
C01131,S4,0.2179099682139864,0.1768964007912006,0.7030433684952563,0.07839290553057626,0.04166732518296687,17.713239608228392,6.9129131841286355
C01132,S1,0.767367063637606,0.8827656689871515,0.09142348907326811,0.0009267698296383759,0.024884072109942028,10.93850961114918,5.445200180747608
C01133,S0,0.19886895661164047,0.09139320765838493,0.8346368083375123,0.014542033266926187,0.05942795073717652,20.112394015488718,3.81797194557225
C01134,S2,0.19738408675380326,0.060455509082949284,0.36876533138646617,0.31181797369939646,0.258961185831188,14.972215125020753,3.272259018325628
C01135,S4,0.11896501010646487,0.1682083919986095,0.11123910897882547,0.08808866077856982,0.6324638382439952,16.36294237822845,2.030373000790847
C01136,S0,0.35756557936376987,0.367431582337746,0.4707013649793581,0.11197330259571853,0.04989375008717755,15.540082597718191,3.450011582947594
C01137,S0,0.4740395497180236,0.5802458059345239,0.16204052428080554,0.07272953155958058,0.18498413822508994,16.229733783554344,3.9106367305195784
C01138,S0,0.05631116819615796,0.10443893719219771,0.18703233219567636,0.37718075582773897,0.3313479747843869,10.932823665472178,4.260454881615346
C01139,S0,0.12457348196827152,0.8732342814947072,0.0019538093814527244,0.09040349094770739,0.03440841817613264,19.638878797269637,4.482159474335192
C01140,S2,0.39524771829849026,0.10268804151785878,0.06967802796264116,0.5406815982236393,0.28695233229586065,12.211013472629986,3.9715652406202846
C01141,S0,0.23493015519554847,0.33989658134807804,0.36183736340125766,0.16611117658283478,0.13215487866782935,10.68770450042519,2.4811952129201114
C01142,S3,0.7737277007658577,0.2992367426851773,0.16860181236037067,0.23841644881866042,0.2937449961357914,10.326744179209122,5.250188372919637
C01143,S3,0.6557041423712346,0.01829927491001015,0.03606960092474579,0.09716310224965548,0.8484680219155886,8.234882785518407,6.205318768627769
C01144,S3,0.533381037835713,0.013981701730251228,0.016319658058666045,0.8434952003274339,0.12620343988364902,20.70078451330835,3.118532032232422
C01145,S0,0.14490313496094984,0.09352371411535888,0.5888523468300496,0.020747665544718862,0.2968762735098726,20.37119815309371,4.136932685638655
C01146,S0,0.11239588696209354,0.12616175173053132,0.14604910842608448,0.00625205533135971,0.7215370845120246,17.501818464586222,7.413806449205404
C01147,S2,0.3542377414398636,0.26132182735827214,0.06090283896309763,0.6161607460839633,0.061614587594666835,15.142976550300503,6.70404925920317
C01148,S3,0.5733047702570995,0.17442212865436135,0.45529496430169025,0.0899799874243005,0.2803029196196481,9.00300964350102,5.268784790154672
C01149,S0,0.18087724689329504,0.01139235308769853,0.683996184032071,0.043099187838186864,0.2615122750420438,9.9242547929398,5.249329466043763
C01150,S3,0.39244421399947826,0.214122815703112,0.29675385651776526,0.22080326707732045,0.26832006070180237,20.13955781581788,2.442147654988977
C01151,S0,0.022984924020999994,0.8298391066298071,0.003250053198576667,0.02988777431612995,0.13702306585548635,20.74749022112292,4.616331342391686
C01152,S3,0.7777372495612919,0.18801172882521094,0.3904718695131061,0.14316798003711784,0.2783484216245652,15.038975977357026,4.907740162847622
C01153,S0,0.01994692048063912,0.0604260852463384,0.5393068126799734,0.37109458112545696,0.029172520948231234,16.058136542597946,6.008617500413514
C01154,S0,0.1911634228712092,0.7714128606844759,0.008485008380123697,0.12974366386830513,0.0903584670670954,16.94046107063438,4.016952349835627
C01155,S1,0.1725991276819156,0.10814460504188451,0.07278660277459799,0.8157979092077309,0.003270882975786654,16.33407547356949,3.226470375592527
C01156,S0,0.034002410638347295,0.19699036231980094,0.42757352814250443,0.16225336747419158,0.21318274206350296,13.168624978998277,7.160322738138802
C01157,S0,0.29658987328171993,0.00602029847847861,0.3048589473579354,0.20952518908090575,0.47959556508268003,18.962590775852675,3.9747251846301976
C01158,S0,0.031921621701136264,0.131571122558423,0.6731871992301596,0.0781211841487642,0.1171204940626531,12.033292153906368,2.8734857919167593
C01159,S0,0.4298053899548999,0.13531374559028864,0.012997260620435765,0.0918305498504937,0.7598584439387818,16.02302935825187,6.923499217577184
C01160,S2,0.1491572299621191,0.9867018492126689,0.003721917536146421,0.0004636467432246983,0.009112586507959795,13.32669743887133,5.740295666705986
C01161,S0,0.02562709956549356,0.0501100972822046,0.03433529892166679,0.3104773787194639,0.6050772250766646,7.588664414130735,2.398833980380131
C01162,S2,0.612484192678629,0.8262747130287934,0.019996422958503082,0.014506311389599784,0.13922255262310376,17.466000105471277,4.91926275991822
C01163,S3,0.6071052460457085,0.028519792139402308,0.3155552603898819,0.10887083836421292,0.5470541091065029,14.925497823935906,4.8529819827347405
C01164,S0,0.07002914804236145,0.13971615387491979,0.7691370617988654,0.058413644684496065,0.03273313964171879,12.832983301976995,2.896870862262523
C01165,S0,0.24893436792619433,0.19028509872874072,0.10811197490566304,0.3861106282487403,0.3154922981168561,10.140076204272699,2.0363336366979863
C01166,S3,0.34780900956389044,0.1987407876095303,0.0432838691456107,0.37426274440848273,0.3837125988363763,7.67677896966473,7.541428498353774
C01167,S3,0.20755799171397446,0.15598049041951217,0.4290073595344962,0.23548516306776288,0.17952698697822855,17.690874765325557,2.211642445196642
C01168,S1,0.4044607501532623,0.10914357194083268,0.03208491112995067,0.7950467268081349,0.06372479012108169,11.221257727421468,6.465926941029635
C01169,S3,0.7538263679272734,0.35322020128044546,0.40911813993249235,0.20207942331520287,0.03558223547185928,16.880358587712735,4.418222340206909
C01170,S0,0.34132100126938125,0.5223360262523453,0.15991714099678653,0.24000499554476978,0.07774183720609837,10.418543584404759,5.832871943195728
C01171,S0,0.2477885247680338,0.40782090260033826,0.39644598405641485,0.0018295857706011611,0.1939035275726458,12.408850095009228,7.214450077392648
C01172,S2,0.3811421602974577,0.005891495144394922,0.170059652462766,0.11730458870064692,0.7067442636921923,15.61050517672226,4.727310351086924
C01173,S0,0.38646915774448604,0.5359230070909616,0.06466353064767384,0.394147488352354,0.0052659739090107315,12.936739707971796,4.892478676749806
C01174,S2,0.5050341783326692,0.661370734472257,0.23256506353764447,0.09526778187382487,0.010796420116273728,10.765402968506892,7.096648895157775
C01175,S1,0.2544451075022641,0.46890209891482426,0.25563351042819776,0.1797656795386265,0.09569871111835156,11.569304683434407,3.103337041377938
C01176,S2,0.3666342020592755,0.17624294706989055,0.4151817143458111,0.20331515029508013,0.2052601882892182,12.30156991422134,2.4840197327325106
C01177,S0,0.15781756440786504,0.36224626287682066,0.36017875696115687,0.09275678940294241,0.18481819075908013,19.76102430492744,3.2902326871675145
C01178,S0,0.20549319992799708,0.13395798036100964,0.11597340716123011,0.03626065827845,0.7138079541993102,19.140334875466387,6.679743268896644
C01179,S0,0.24090101294157187,0.02484386209042938,0.025308799573550214,0.9339665413895795,0.015880796946440946,15.803206015253462,5.044840709226378
C01180,S0,0.2180935249726583,0.013307049355415334,0.17228979100510236,0.7423205734689945,0.07208258617048793,10.446461513499298,2.4138453926137613
C01181,S2,0.8046141372743728,0.12897766371327418,0.13576805512168952,0.5304948984925851,0.20475938267245117,18.57120834398268,2.728350118712436
C01182,S0,0.07920313722197907,0.3320394412324456,0.19165880342328492,0.20764803273000404,0.2686537226142655,17.243284330258632,2.8097017717443196
C01183,S0,0.12631485205240894,0.088431334068533,0.24936803756986686,0.5380358228377669,0.1241648055238332,20.95367671326001,2.0605132458784614
C01184,S0,0.17900841029738526,0.047370815401924095,0.3357792167083176,0.4495126291369211,0.1673373387528372,8.498290685726813,4.7528509064222
C01185,S0,0.11987543543137719,0.7734031480239802,0.0497498536905018,0.06878544389915746,0.10806155438636053,16.09947772218431,6.796196773072101
C01186,S3,0.8747585739040216,0.13224446575443474,0.18941668312723878,0.17952835615819718,0.4988104949601293,12.285015838021764,2.135781716248731
C01187,S0,0.09485083687608589,0.18226583948242348,0.37297612636080935,0.3860324719179999,0.05872556223876732,16.710069804768796,7.468364280904816
C01188,S4,0.4730101244193531,0.5933035600821018,0.36067120304141986,0.031819135246872556,0.014206101629605639,20.355181893554278,2.3150685958369595
C01189,S0,0.06923457058474536,0.16005078171767054,0.06773527995657184,0.00833220756364844,0.7638817307621092,18.2447308187996,7.672614729539284
C01190,S2,0.30663054628761954,0.32913493589917286,0.19782632290069016,0.03488437728847889,0.43815436391165796,17.30221157746012,3.2880636673367847
C01191,S0,0.16931716125351942,0.815903505894145,0.14350605144197215,0.03252567631015472,0.008064766353728207,7.153234448753862,5.735254909164566
C01192,S0,0.17115901235502623,0.14157910106847196,0.057022212669202224,0.007346013416415817,0.79405267284591,13.702965614730408,6.747067992480834
C01193,S3,0.8160174098972224,0.7416840634775228,0.08697985100498062,0.1147374807860325,0.05659860473146416,14.225591589390778,2.167933701951098
C01194,S4,0.41257680554979265,0.4588760505401136,0.12006831313848813,0.3783168750103854,0.0427387613110129,14.873303168229551,3.001804735897746
C01195,S3,0.48375553549597505,0.10771330463648252,0.1277563863061299,0.46867674331606696,0.29585356574132066,15.132006913561293,5.917671030316998
C01196,S0,0.1353023704952927,0.010763672252598392,0.7420074037413302,0.0463395077727332,0.2008894162333381,8.863831690011697,4.855571550387135
C01197,S0,0.10958070539321621,0.060962254995103785,0.4410426799270835,0.43330755643007074,0.06468750864774195,13.764507442299369,6.686723153432826
C01198,S2,0.24580749844703878,0.8213284472929354,0.0746196273126846,0.009209453470844205,0.09484247192353575,15.734266887846305,7.240824424770863
C01199,S0,0.24077507553968458,0.09397003114307047,0.5195295768628783,0.14071983450008094,0.24578055749397035,14.498400361640368,2.160531561240215
C01200,S2,0.45333401516766814,0.1190645035240686,0.5675199066107388,0.12468650953042987,0.18872908033476268,8.473520315073417,2.9338073858380476
C01201,S1,0.2635104121626368,0.4130577506343563,0.14912946533601495,0.32370793303930634,0.11410485099032243,14.141296585483573,4.930558522434889
C01202,S1,0.10195979804322776,0.10524812378251934,0.06044647117584789,0.670719265680149,0.16358613936148378,20.503683143029278,3.8867320712813056
C01203,S3,0.7607407332461096,0.3766829822485235,0.04932106475292258,0.1051191521096335,0.4688768008889205,11.695284313994323,7.758883604384238
C01204,S2,0.45289652896823057,0.2781186356777798,0.3175757925618035,0.13813906350192723,0.2661665082584894,20.610605523031904,5.2820480366191696
C01205,S0,0.01370524299312295,0.02398173932755492,0.16940548158785818,0.10389627522630485,0.7027165038582821,8.098421939748697,4.444057001156265
C01206,S0,0.16715575759108098,0.3696587410069361,0.4026095279280043,0.11031063660186625,0.11742109446319327,11.02043841074123,6.9811295184309925
C01207,S1,0.1007712587089807,0.05656875441308022,0.048982953920598066,0.6467841269112834,0.24766416475503827,9.663349315647169,6.168719512444534
C01208,S0,0.19646871425504758,0.12381127504920983,0.8241086531506795,0.050826206672699964,0.0012538651274105646,8.499664509534465,7.383975477620117
C01209,S0,0.0964158513042818,0.2722932817789716,0.18050273592371338,0.3220510732791003,0.2251529090182147,17.992996965944215,6.078445444546922
C01210,S0,0.23434382680115745,0.27836540633989304,0.20202744275616774,0.3061189856969054,0.21348816520703384,11.976186200142415,6.271481256546853
C01211,S2,0.3326345175944894,0.03243527543499021,0.15673986377742227,0.7927403392601954,0.01808452152739208,9.428590042692393,6.063481311269477
C01212,S3,0.7183101693936729,0.0662245215882681,0.20596244828519295,0.11682934064229498,0.610983689484244,16.933803869240947,5.608849534399375
C01213,S1,0.4468398689556888,0.031607885782733956,0.03989124209247943,0.915107359698177,0.01339351242660957,18.131341974169793,5.296809996171869
C01214,S0,0.12887757825737,0.07572454953173978,0.7066983250804081,0.1504662924378423,0.06711083295000982,11.002814144799718,4.267169759274873
C01215,S0,0.09576927123803959,0.16575337132317458,0.25286815186493977,0.3249715853924713,0.2564068914194144,7.195455630630314,3.6590138815061275
C01216,S1,0.13277899148413574,0.08272310298799442,0.3774722081593771,0.5241688950179174,0.015635793834711267,13.634579670228277,3.8325390022444847
C01217,S0,0.09806168488706798,0.2555712759658712,0.025427095510679426,0.015185232033432049,0.7038163964900173,13.892293542729425,5.7123813454951
C01218,S1,0.3531352489532946,0.011569347381764733,0.8088412266971935,0.012882149031362245,0.16670727688967948,19.111844518371853,3.444168537890158
C01219,S2,0.5331542569829337,0.3126423854874452,0.023268061183670627,0.08450132889387475,0.5795882244350093,7.071575183638564,5.4508861680042475
C01220,S0,0.15113908003130064,0.01441793224897805,0.1666664035010139,0.1779801862331882,0.6409354780168199,13.55239924915638,5.913930533016433
C01221,S0,0.06268268662262014,0.13270612382480204,0.24891759624934096,0.4828681910438564,0.13550808888200053,8.470195656934973,2.3241895489013755
C01222,S0,0.052228493577996936,0.058220886205986574,0.262444367635278,0.028117110202254086,0.6512176359564813,11.065238550896654,5.145807054728052
C01223,S3,0.4313311734319603,0.18685884312096543,0.30706782632502194,0.45426624249760006,0.0518070880564126,13.784884031134121,6.7601122113178445
C01224,S1,0.5282570720821591,0.22696114894513067,0.7159464672829039,0.03208350915195923,0.025008874620006324,19.346024462005225,2.8683918957843577
C01225,S0,0.13528146110413497,0.04880082831115137,0.1857716801050037,0.4891528794869605,0.2762746120968846,14.754045344434584,6.526702407664239
C01226,S3,0.9029223641706017,0.05927467560776804,0.5392886325418468,0.08209888184943633,0.31933781000094885,20.99546907379566,2.786341886548689
C01227,S0,0.23691580300038056,0.18281746160205525,0.6472217202520456,0.14467359806594995,0.025287220079948946,8.257064903177232,5.632935371108562
C01228,S0,0.1769548882303253,0.012501477368518636,0.17671936376474004,0.76395600499775,0.04682315386899141,14.443307369429647,3.3480846976009495
C01229,S4,0.22903007364911632,0.05548332563141069,0.7702960366730728,0.04766085373790159,0.126559783957615,12.088052754401751,6.351711807210569
C01230,S0,0.10162813513873134,0.15017257930739056,0.24716011515647293,0.13268526049767798,0.46998204503845853,12.750704516011284,6.349685751558749
C01231,S0,0.07893901045365762,0.1056483615294788,0.05448171404875892,0.11116354826365688,0.7287063761581054,15.011455017176917,2.5494057966843306
C01232,S1,0.06978143577237418,0.013262679860363174,0.06847237485142604,0.661872770222218,0.25639217506599277,13.298927263245181,4.938546086352391
C01233,S0,0.08898803678409449,0.12244274167463756,0.2314600183294523,0.33761978313694696,0.30847745685896316,20.162314576873865,7.061944887543464
C01234,S2,0.44275386032076947,0.030466996520436527,0.12829783691760555,0.7895594993678234,0.051675667194134474,19.903050589856626,2.677096939558278
C01235,S0,0.38752665878761533,0.06473748010725344,0.3675050574444484,0.23927909371717251,0.3284783687311257,14.392962667021049,3.0284526147000683
C01236,S0,0.21283598313791913,0.05583516166729774,0.8594078110047656,0.05842938324168123,0.026327644086255386,18.829086772697565,6.5092793728568745
C01237,S0,0.13726929420345393,0.022922295387753647,0.4345051237528126,0.26382813093531793,0.27874444992411584,7.2664795129569475,6.64525855714548
C01238,S0,0.1134155847052876,0.13686980671211285,0.09220528148568734,0.2898270308979409,0.48109788090425887,10.219968361875534,4.750450037655255
C01239,S0,0.44913052895432,0.02832129759856696,0.4543149915866025,0.2813368900519503,0.2360268207628801,16.81376172437858,2.393195624963303
C01240,S0,0.07982399755646048,0.32864877296971656,0.48247534710249007,0.15979902555861883,0.029076854369174603,10.92259458461749,2.9925748935745893
C01241,S3,0.8420703788721011,0.07807536802738166,0.7628468323946298,0.09575349499279928,0.06332430458518933,14.282761799129451,4.220004586659876
C01242,S0,0.2883380799643618,0.07835607176885555,0.6536945964453068,0.08969881111924549,0.17825052066659205,10.102014297863224,5.047044033306612
C01243,S0,0.025563536396182217,0.10027553626996666,0.35690401100917696,0.4547265803318347,0.0880938723890217,20.16441168317522,3.6968621429010318
C01244,S0,0.09133828908708706,0.7004509515104878,0.07329343841167651,0.19817386591863834,0.028081744159197456,13.85690386146335,7.772705411918985
C01245,S0,0.26145262634579935,0.1977516001425049,0.09211260867760851,0.4443256972213973,0.26581009395848926,16.491041866890534,4.410649326576353
C01246,S0,0.10055810040517078,0.1152392868168825,0.24172875908292824,0.4493749901869858,0.19365696391320372,20.429894570046855,3.9518736000463863
C01247,S1,0.38156625919434467,0.08301364288584864,0.5693148948963929,0.2890009591600056,0.058670503057753044,16.03588989008407,3.115225252662829
C01248,S0,0.05643511800441689,0.21483394992710259,0.01251325058401471,0.10452047282342207,0.6681323266654606,19.379893383895038,5.066336723008556
C01249,S3,0.5660563320106795,0.1211521655089775,0.07085452416392259,0.7342285898377955,0.07376472048930431,10.084009432569053,2.5458820307803323
C01250,S4,0.500161060420715,0.8133376611442413,0.019632580304388563,0.11740241446296873,0.0496273440884013,17.12320438841054,5.8319191339486265
C01251,S0,0.28090987867527867,0.029014225152833653,0.6796941434541063,0.16501841899751,0.12627321239555,20.832234757884805,2.9268175801884735
C01252,S0,0.22370777487877913,0.10511107570655139,0.36839456882618205,0.2775545016010618,0.2489398538662048,9.038470799711046,4.2983532832266835
C01253,S0,0.2711051616868726,0.10022051962166806,0.24790306546191015,0.6126015492796447,0.03927486563677699,20.55632981798283,4.447854683034496
C01254,S1,0.1071104715891365,0.6379445462884409,0.22091926846713433,0.055983712789183085,0.08515247245524173,20.83210125988711,5.522826992332023
C01255,S0,0.23566324976379824,0.014977216280111406,0.26157376304557084,0.19604954966035368,0.5273994710139641,12.486197472770737,7.020561990240718
C01256,S3,0.5348302887915592,0.42633425935836,0.25209692891826196,0.20201774221610141,0.11955106950727667,15.43619295340468,6.686165501520543
C01257,S2,0.32891593597100705,0.10637907086744879,0.0676082586163201,0.13680459275441345,0.6892080777618177,18.422168707739132,4.164221501618426
C01258,S3,0.8593421391954937,0.002063277407097309,0.5042195784403909,0.4434220964103316,0.050295047742180216,15.404800368725365,2.8611157726910403
C01259,S1,0.049457358616622704,0.050818101680249146,0.15390456086644166,0.4615002125925188,0.3337771248607905,9.332562059988247,5.391431110231299
C01260,S4,0.12607927828566162,0.08292281180354413,0.5768111399570659,0.046175502797615606,0.29409054544177443,17.99197902867029,4.217365940867404
C01261,S0,0.014508598194725556,0.2286947858042565,0.052953230751194166,0.6139500181835137,0.10440196526103566,17.823719893031516,3.7120577499377525
C01262,S0,0.07326714244639705,0.07392504410032785,0.13618369586527543,0.027982287489516203,0.7619089725448805,20.960042418094343,3.496768193564379
C01263,S0,0.11301934223317044,0.2737630354025579,0.4155918941703005,0.0895776892906024,0.22106738113653915,14.957052322230531,4.364146218691607
C01264,S4,0.3984799308736226,0.17323017955788592,0.1763440705768115,0.21427302514747007,0.4361527247178325,17.344147013250794,5.683407261274477
C01265,S1,0.06201971577988461,0.038750433800525286,0.35243458316097664,0.04277987117350849,0.5660351118649897,15.787229469501566,2.514134271775987
C01266,S3,0.6281273629081435,0.14465993359625595,0.0205461245983312,0.6562230186638445,0.1785709231415684,7.396319515823561,5.113253728401775
C01267,S0,0.029917928267697503,0.010793938200736795,0.050695262381438816,0.4289626098504667,0.5095481895673576,15.286136633480018,7.603315092621585
C01268,S4,0.3265530228899767,0.08722700830383363,0.253532140367747,0.33254735280226827,0.3266934985261511,8.278084295909428,7.609048964276377
C01269,S0,0.17531698232145326,0.37935247722247645,0.11053335903118192,0.29451776147353126,0.21559640227281035,14.435097413397067,6.636260583110595
C01270,S0,0.19819606404014956,0.03980785667974345,0.269314265934278,0.6301566818337677,0.06072119555221081,9.398824949691623,7.091157177748997
C01271,S4,0.3232078044868903,0.125974836965897,0.628644538364584,0.13685804332245288,0.10852258134706616,9.865893627069159,4.9041060661555615
C01272,S0,0.21119343129759507,0.09864681721419084,0.6992009378133607,0.1688165875051349,0.0333356574673136,18.527961130157642,4.917087077476406
C01273,S0,0.020519717009979677,0.546957242167393,0.18898238189800828,0.06656654988974348,0.19749382604485527,17.25223108244011,3.481716201435127
C01274,S1,0.31082820026510843,0.047080037813011365,0.039287810070610114,0.8785197226768865,0.03511242943949203,9.480970055400393,6.874074327165091
C01275,S0,0.07215786190469743,0.24885692896646835,0.1934667001463208,0.24874982132740958,0.30892654955980126,7.155628070389289,7.098926108727352
C01276,S0,0.21366780612965763,0.028298898164965926,0.24412711970480694,0.15334373731982678,0.5742302448104004,7.637478991991635,7.691351435512652
C01277,S0,0.07033319649367355,0.5794792973593574,0.11324531594681979,0.17207964127685804,0.1351957454169647,19.493437109638478,2.216465780809214
C01278,S0,0.16949543413658788,0.07478015254907039,0.4867294710281471,0.018926320707390726,0.4195640557153916,12.666139577171494,4.1346642113800405
C01279,S3,0.7581768203424946,0.2055136687001858,0.29775174671894633,0.18066432270066496,0.3160702618802028,14.375259918898085,6.653624286498063
C01280,S1,0.34238985235035035,0.11769337346573318,0.6605342740380653,0.19585869447926704,0.02591365801693442,18.680295215217235,6.262551250879881
C01281,S0,0.13677479310473736,0.2867235317914163,0.4613701005728617,0.08479688045814363,0.1671094871775782,16.04445847640984,5.043305454040388
C01282,S0,0.2971798737931246,0.12364664770975191,0.21314633753139456,0.4178480670002488,0.24535894775860478,13.348447458446389,2.2735531110687335
C01283,S0,0.08946701086846316,0.6515273543754121,0.102941547013705,0.11652718909461286,0.1290039095162701,16.498288638483253,6.427391432387879
C01284,S1,0.22555033130903376,0.1771297095201605,0.4371454058194013,0.0753782537608214,0.3103466308996167,19.84915780427378,2.985740820881535
C01285,S4,0.24852761678611968,0.020992721411077078,0.13443378439304063,0.5781393175708046,0.2664341766250777,18.188714594671247,7.609461918634553
C01286,S4,0.026578320250483033,0.33818914203414957,0.05517493217138714,0.5300492112062613,0.07658671458820192,19.430318900900865,5.724164389887011
C01287,S0,0.10354510070557046,0.32557109961085656,0.11660622292982295,0.16631994900484678,0.39150272845447365,8.780386063989052,3.1182879994002377
C01288,S0,0.11059476476913926,0.06668255261172674,0.5303308524076058,0.3695676753348777,0.03341891964578985,19.535631676318985,2.8089141051203272
C01289,S0,0.056111276741234666,0.18786043600113136,0.35893130930117617,0.19231297763154828,0.26089527706614424,12.494107995712174,5.22415988435554
C01290,S1,0.232703376577931,0.2514725039233229,0.0718853235503354,0.27638747549595033,0.4002546970303915,20.730822051887863,5.243737295876327
C01291,S0,0.02835458129337505,0.3824908496545042,0.057339302964596814,0.047007023790058965,0.51316282359084,7.242360707412836,5.407071159904497
C01292,S2,0.36255554572098725,0.17426944109686232,0.0620752524811099,0.07122609164598727,0.6924292147760405,9.335471574294509,2.497427315166066
C01293,S1,0.14063282113757195,0.34829352756519505,0.22585075197738771,0.08028643097840628,0.34556928947901094,7.271013748713537,7.817756601164374
C01294,S0,0.060956913350137844,0.12003563492088254,0.021717975081769442,0.005386946302110978,0.852859443695237,16.363485283210814,7.646330324389833
C01295,S0,0.4153286927052998,0.12510247973892702,0.23791452516077022,0.43125735791223085,0.20572563718807185,20.3940582767641,5.846623026929501
C01296,S0,0.1407778024837213,0.14015736282597,0.08533377325434903,0.681247050655533,0.09326181326414773,15.285280551861787,7.364671118948769
C01297,S0,0.21413057675235625,0.02696316660982889,0.5855579313062045,0.23940243643328513,0.14807646565068155,18.43393697500381,3.9199899785435166
C01298,S0,0.3865891145320677,0.10402967764928928,0.8594031640441062,0.01102394970239142,0.02554320860421318,9.542585477890565,6.478160511176623
C01299,S2,0.14152043129418188,0.5396157156253326,0.12657114835159908,0.18190888921273604,0.1519042468103324,17.111623420962864,2.7398168151049465
C01300,S0,0.17160771235570146,0.1435432270975985,0.1372609742955313,0.31263348784589207,0.4065623107609781,20.651250386700347,7.570945960124767
C01301,S0,0.036849805710152964,0.18902605704003184,0.4995962281405478,0.16023266767246871,0.15114504714695154,13.305759315398447,7.5916805527340605
C01302,S1,0.033968072794776843,0.22401219038436382,0.2720708122807506,0.38705682590239104,0.11686017143249457,12.912523026355327,2.9195152870952175
C01303,S2,0.722494995905331,0.720509319332178,0.0421546648346567,0.22487535868474698,0.012460657148418347,18.267160836821496,2.0915022611509277
C01304,S0,0.11581659240368992,0.030917863051445962,0.058091100161460976,0.0021690462906750947,0.9088219904964179,16.449112436385942,2.8687257665653156
C01305,S3,0.4979811634793152,0.6389202109185698,0.2305834855819755,0.028151273977527567,0.10234502952192714,7.389930074260166,2.199037111087557
C01306,S4,0.10483348332838605,0.18990960476121777,0.302354038651238,0.4982921027922794,0.00944425379526485,10.959466116353251,4.722345147976414
C01307,S1,0.08945382223903982,0.20145236347370848,0.18751233392839778,0.3596611867766954,0.25137411582119834,14.31184664223331,2.728856340214609
C01308,S2,0.46748880133851956,0.09330670020116813,0.26553318584617136,0.3843911484240753,0.25676896552858525,11.823386325008869,3.7795499539097044
C01309,S0,0.18824356465992143,0.013614112606890067,0.6707249342039828,0.1439366686334646,0.17172428455566247,15.654149243511041,5.421377369596688
C01310,S4,0.20453043842763022,0.21064566910360477,0.4432791414044967,0.20256705356929172,0.1435081359226069,8.337784812958619,3.984140727625962
C01311,S0,0.016232572832235455,0.7352006158884365,0.2193416457530326,0.03155341454629583,0.0139043238122351,14.17424099865093,7.8306102835698725
C01312,S4,0.29129541542466114,0.2653015844821753,0.21932363434854832,0.13718322758209675,0.3781915535871799,7.901459220586455,7.8908563375569845
C01313,S1,0.2178325170416268,0.04151554609114076,0.01536102319769271,0.2644822567711376,0.6786411739400289,9.793599162165215,4.197253318511159
C01314,S0,0.09692166929473435,0.27011891372434943,0.25147910209727187,0.12138194432543987,0.3570200398529387,11.703666535188379,2.416591456941511
C01315,S0,0.13534344653600633,0.5275614867449343,0.1670740581723051,0.09443332907812507,0.21093112600463548,15.749283537972975,7.993601751225776
C01316,S2,0.15737213323609447,0.28537401421873343,0.26296093330480114,0.06237263527364962,0.38929241720281577,13.13966142912988,2.706473921812877
C01317,S1,0.42217495817297407,0.8542158356767374,0.048463879953492585,0.018332677461272213,0.07898760690849772,19.400858898965936,7.233370964328709
C01318,S0,0.04613800409649305,0.4145487792363635,0.03945851884777733,0.3072392789816581,0.23875342293420104,12.903600564552585,2.414085023138483
C01319,S2,0.6416618207205174,0.3268544381976197,0.21238634670488388,0.13234321984662978,0.3284159952508667,17.08672596527357,7.716854844052816
C01320,S3,0.7897388548792891,0.2851178421809863,0.3307681545437239,0.16012310210207378,0.22399090117321618,14.392286369594087,5.994686598336937
C01321,S0,0.14098743527928265,0.40279322619503094,0.08244024017282374,0.4533718040703024,0.061394729561843026,17.47836393782336,7.222395252054222
C01322,S0,0.18038135660223176,0.3471092120498419,0.09312303886900536,0.39123392908441007,0.16853381999674266,18.93470064720762,7.374879132902107
C01323,S0,0.17166666280877424,0.04333968908500524,0.31212715130858953,0.27709422625549596,0.36743893335090927,10.135341211454898,3.7416729736097603
C01324,S3,0.8914730033547834,0.44594891781233587,0.353214227486227,0.16970103025197883,0.031135824449458196,16.01007549405379,5.113165091297053
C01325,S0,0.4002360723705979,0.0751265206893812,0.05801918386302001,0.053213978161367886,0.813640317286231,13.930858633434932,5.8388986449950195
C01326,S3,0.6236371622008401,0.6170626677607987,0.03926344410394596,0.0699958741350029,0.27367801400025255,17.183534082059705,6.61242290117413
C01327,S0,0.25707553127611077,0.8894008026872914,0.031760050731069425,0.029231784381836094,0.049607362199803245,8.229622407759384,6.398146660544495
C01328,S1,0.18297420817396398,0.086315837219336,0.038284983961609495,0.1089849380826415,0.766414240736413,15.804795113855292,4.814656523038365
C01329,S0,0.10644500893655147,0.4597738737142355,0.42529201611288675,0.012397546061250238,0.10253656411162743,17.76242064305077,6.52610199262454
C01330,S0,0.155266025833422,0.2828912627776758,0.36535672909166994,0.08164805823281662,0.27010394989783776,10.980843700346135,2.2867614031247143
C01331,S2,0.5518966728937641,0.5488149807920957,0.09082490998117826,0.16153748894673012,0.19882262027999584,8.812195265105942,5.6911648436944215
C01332,S0,0.059205685450189595,0.06359064615407614,0.04441305022153724,0.5215993190511642,0.37039698457322234,13.123810040948317,6.92342401826188
C01333,S1,0.28910847883928437,0.24569065868604428,0.3682869669634026,0.13547636488914086,0.2505460094614123,12.466331543128618,3.148057883135044
C01334,S4,0.3641276670946783,0.0952815212458741,0.13737109017413002,0.03690091845934387,0.7304464701206519,19.843919271942013,5.05740607305351
C01335,S4,0.060113141836260604,0.10607965828277166,0.06740026363168682,0.0014172909887740714,0.8251027870967673,7.07390629337966,2.8222612347922436
C01336,S3,0.7177206283229167,0.030069857165985554,0.3449791940542087,0.12955364099739713,0.4953973077824086,14.599561795435493,3.4025263548363505
C01337,S0,0.34886301349197096,0.4374959963525438,0.4513426555415569,0.0700076737643628,0.04115367434153655,9.226902832171683,6.836874357219134
C01338,S1,0.08600921149097178,0.11907053066475687,0.4049444242041548,0.28140979824665696,0.1945752468844314,19.187500200612668,5.159560111378885
C01339,S3,0.819689887493251,0.016275408606166053,0.10073488779772684,0.841158042182763,0.04183166141334395,16.55929284373653,6.054137051745217
C01340,S0,0.10821732217024907,0.18028202816267128,0.7397456644273616,0.046299459522358685,0.033672847887608395,16.28000079104404,2.1338496414612016
C01341,S0,0.08027320046882962,0.2740968849807166,0.1954620360088858,0.21466415208500028,0.3157769269253973,20.637449960648354,2.4751869066140957
C01342,S3,0.8787173971694788,0.08391744830532862,0.46790077723807566,0.10693192428613407,0.34124985017046167,20.101904141209722,3.464944321125894
C01343,S0,0.2202303895065186,0.08357512523825919,0.727850876836953,0.047262679219968635,0.14131131870481914,13.788477761044817,7.531289787716083
C01344,S1,0.23223651223683803,0.07743010992775815,0.6138404792550854,0.24828793402498012,0.060441476792176305,10.156269686795891,5.377034339960661
C01345,S4,0.312271749626004,0.14147443910928428,0.51270313754171,0.06369011540623389,0.2821323079427717,13.401517303422308,6.009440862123458
C01346,S1,0.31864418079077217,0.21706718105714007,0.14318853033562629,0.6098346687833166,0.029909619823917027,7.083344019488331,7.82115597775679
C01347,S0,0.07990526791251176,0.020901733712739824,0.01714389298728833,0.9399062966548398,0.02204807664513187,7.515309874343748,7.8742022130937634
C01348,S0,0.06009381106305572,0.13705028042174247,0.6596662070334328,0.05690318638354169,0.14638032616128308,11.10438204376277,4.898412066123016
C01349,S0,0.16397791932007716,0.08686646323611238,0.4972283501097887,0.24675495193798555,0.1691502347161134,17.04481693080336,5.330431939519332
C01350,S0,0.19477947506541032,0.27110312453268953,0.26848582152841444,0.25209717470897247,0.20831387922992348,16.616464953317692,6.039682416731441
C01351,S3,0.8126651827286893,0.03928190142783325,0.17247566077748103,0.7410960481655826,0.04714638962910302,18.6277322148323,6.538794387390727
C01352,S3,0.536794904224668,0.048170833363311925,0.3802719097340618,0.4587385280697451,0.11281872883288123,20.27809600696755,5.309050203500313
C01353,S0,0.14006190186494422,0.13578122578978924,0.7617867485342913,0.07972498086767467,0.022707044808244717,8.089504324122878,5.135718813225697
C01354,S0,0.25585868793881034,0.15310563704311772,0.27658640532314904,0.2853331229754105,0.2849748346583227,8.943609554386722,3.3407050518212626
C01355,S3,0.8863538467628138,0.2012292560309912,0.29760643848495566,0.17306468226594157,0.3280996232181116,9.38651266025815,2.5863811009526256
C01356,S0,0.12255534830090208,0.12586377390340944,0.03696989839332545,0.7331322386998625,0.10403408900340241,7.7246654234643835,6.65562697909055
C01357,S1,0.3756204543730461,0.024783246989119816,0.000277623405961205,0.03127708652642721,0.9436620430784918,16.536228813041884,4.524430295696676
C01358,S0,0.12239240877061079,0.2660750212940355,0.5940502171476768,0.08036427235587539,0.05951048920241226,9.78610577865047,4.162766180421889
C01359,S2,0.49040938472001944,0.353450550613262,0.5566522030449669,0.06278117518883636,0.027116071152934774,12.66805086058255,5.881999465408725
C01360,S0,0.13692088687432563,0.2355766483499426,0.19152174111885287,0.3957849706564546,0.1771166398747499,9.652579770094867,4.374739365271367
C01361,S2,0.1460151609600117,0.0007832585064712031,0.2804876345104579,0.3415306810147535,0.3771984259683175,7.480378403723066,3.5729723101750723
C01362,S0,0.018537354092110592,0.7606944173664029,0.020946014509618253,0.11207496453762829,0.10628460358635052,9.243601855907848,4.9378750729106144
C01363,S1,0.21120479972231126,0.04234606967411404,0.12792993490270566,0.5540747376410653,0.2756492577821149,15.987208679275602,3.685651570119129
C01364,S0,0.016799368694657944,0.20048550740825774,0.22629376740378865,0.21851730204799596,0.35470342313995773,17.09538893498427,7.439468910685955
C01365,S0,0.2969122906508967,0.16899505102592743,0.05041244225250905,0.19591783186966602,0.5846746748518976,8.787787899614798,7.052797108413845
C01366,S1,0.16960146995596598,0.25995104657481266,0.3754012437370856,0.029921047940573795,0.33472666174752785,20.184057763845082,4.129902552496758
C01367,S0,0.05395735745177119,0.4665105449581836,0.09102876189735652,0.225098808544001,0.2173618846004588,17.647820122463376,3.4057440587316674
C01368,S0,0.12901165489513777,0.24273958712212554,0.12414336808504747,0.20214096007681895,0.43097608471600807,16.091702359720674,6.560639859865534
C01369,S0,0.14869296377603033,0.1629896756623701,0.4043649219031077,0.21843576938510756,0.21420963304941468,12.078901799568081,3.0085079059098296
C01370,S0,0.5081479621173404,0.3130666335523202,0.21081615609468726,0.41288117328986734,0.06323603706312529,14.306347029294232,4.105527667766354
C01371,S0,0.21746193474706305,0.025725507849317993,0.6403579620630883,0.048175358625003724,0.28574117146259,16.209751187994986,4.610880328867284
C01372,S4,0.37983715230336956,0.0008634211810071957,0.06930247303728969,0.8780621945289314,0.051771911252771724,12.450391405843519,4.46422769691901
C01373,S0,0.1539009851176292,0.07980046911566802,0.26002388739609195,0.12801796705194915,0.5321576764362909,19.879170221863227,2.1791976343686215
C01374,S3,0.8079803690969045,0.18537444659921543,0.14435872765216204,0.4286372251177381,0.24162960063088437,15.067145516087717,7.780629139448144
C01375,S4,0.282204628651805,0.08871593705908301,0.32805954269957993,0.3261347601098545,0.2570897601314826,9.089176218254245,5.187694906615742
C01376,S0,0.2991372036356519,0.13743680943580291,0.6557042144226436,0.027608098248465187,0.1792508778930881,18.609734912217935,3.802879057202178
C01377,S2,0.3510491702939637,0.0017378610331562365,0.10718877516443476,0.049606242630812536,0.8414671211715965,9.454335928938766,3.0418337845316548
C01378,S3,0.6465515356092227,0.17096389818797356,0.12050676864671576,0.11385989419248929,0.5946694389728215,17.255440226090492,6.353385249265644
C01379,S1,0.2774973391839121,0.16908655725698485,0.6164240135481409,0.00653072404120193,0.2079587051536724,12.091636251436533,7.223843560568582
C01380,S0,0.3436947978426466,0.1304876436282255,0.39748483073240126,0.2281784543382759,0.24384907130109734,20.308360515988134,2.082140703579004
C01381,S0,0.23825730050486904,0.4539668555378938,0.44826182053864544,0.08587901707089818,0.011892306852562498,9.43201515822982,3.0442293926897084
C01382,S0,0.2852512960379631,0.752526181278149,0.01346634462005183,0.0874349300552494,0.14657254404654985,10.519986330757018,4.824145852684086
C01383,S1,0.05149278834212066,0.11004632562003984,0.26881820927350436,0.5413924677721578,0.07974299733429797,17.059213281039888,3.2471081844178578
C01384,S4,0.671059220333736,0.22795861758121885,0.32693979440583504,0.09743461266437367,0.3476669753485723,8.56497644641744,2.925053826837259
C01385,S4,0.3200039453770685,0.1481700215341979,0.011842017493047198,0.68153957949973,0.15844838147302506,7.763065306362475,6.455929522188044
C01386,S0,0.03689661307027856,0.4613092655346729,0.22284864042866237,0.1648602984360176,0.1509817956006471,15.152302595204802,5.06744156332276
C01387,S2,0.43836957415526623,0.8303986593456865,0.13383477846617858,0.010485994444880013,0.025280567743254934,13.865240692034961,4.723839503168014
C01388,S0,0.24059058419174353,0.21199307532487857,0.18705066264399867,0.039524877667073466,0.5614313843640493,20.216891577202844,2.265352362431048
C01389,S4,0.4280467839550712,0.015389051123373592,0.17399780297361078,0.3149974607070147,0.49561568519600085,12.338867697993333,4.3435082737768775
C01390,S0,0.37544907383536635,0.13277344055604628,0.6096151135351258,0.055923923562701754,0.2016875223461262,14.215133486528492,6.299912767475238
C01391,S4,0.21708365863158316,0.060427191345664544,0.007424162021729622,0.04655914872710228,0.8855894979055036,10.46479851009034,2.7395367050036703
C01392,S3,0.9512701792452599,0.1276452859928059,0.07487396290352624,0.5500398630730655,0.24744088803060227,14.286083549795972,5.453011707977767
C01393,S0,0.3295545228934116,0.07353325259692697,0.6313200462472166,0.27452478845813916,0.020621912697717352,7.6432210959156945,6.744858798370721
C01394,S0,0.08200995386703241,0.3768866702752846,0.02803897311624406,0.42020019184946183,0.17487416475900944,18.71222830223487,4.7744395545415905
C01395,S3,0.9017078584393519,0.01889612279458952,0.010410342816445891,0.9427618984506451,0.0279316359383195,18.726777044852945,2.5710935059571822
C01396,S0,0.1262137214459312,0.09950057085071713,0.13191520377946786,0.5991989471559288,0.16938527821388624,7.835753584937185,3.425318040980927
C01397,S1,0.17969378436102704,0.0909105333002995,0.4385836015893481,0.3531432252053619,0.11736263990499048,18.823329032032127,7.280934018557029
C01398,S4,0.11343982725540828,0.0037018517753445016,0.1033979222067384,0.7451332061389343,0.14776701987898275,10.1663920515137,5.115133410133888
C01399,S1,0.4805235121592706,0.1263813847498623,0.33870303903092597,0.531796115487659,0.003119460731552759,7.00265514925542,7.2977580598894445
C01400,S0,0.025544332955895557,0.09921434467446721,0.6958666065101705,0.060343844570684736,0.14457520424467762,9.920588884275512,7.310599665881192
C01401,S0,0.2785125216214475,0.3900303986258081,0.2980918383477096,0.11312439915547254,0.19875336387100978,13.64654540874264,2.415321739945888
C01402,S0,0.22030665743771854,0.07727383044028754,0.15962435458437454,0.38147335013236,0.38162846484297785,13.493078753484358,2.011889633443027
C01403,S4,0.20864817797608584,0.6478785387989003,0.09296967744160232,0.04157189478480345,0.21757988897469394,13.266604993416117,7.09960944743972
C01404,S0,0.22091875532783176,0.06726268285521135,0.7262323843837403,0.1284481331369417,0.07805679962410672,20.000803966993,3.3326046246861454
C01405,S0,0.08808652654875976,0.21313537075509334,0.08392097109805724,0.6229744284964991,0.07996922965035028,12.832751345676172,7.325648216232082
C01406,S0,0.09876635851809674,0.24408524546644236,0.5902848108073598,0.06982579141705599,0.09580415230914181,15.168846675953327,7.129364592984277
C01407,S4,0.21402378887883416,0.40946927592525667,0.18797580887023885,0.30305536249111725,0.09949955271338717,12.726061863108496,4.8422747772367885
C01408,S0,0.3220638357228024,0.42078941393796443,0.44810584777239787,0.10955953117745341,0.021545207112184203,16.83963922038314,7.824715647461323
C01409,S3,0.5436410115808481,0.00844153956813171,0.5029715228125932,0.3947617085012008,0.09382522911807423,20.456391476144127,3.987292004839386
C01410,S2,0.4033676019211192,0.19251537083472098,0.4001677962343496,0.2640799360272471,0.1432368969036822,15.052036026215022,3.7993265548382014
C01411,S3,0.9402763793559876,0.07992857942871316,0.3441306164587017,0.5730844572422402,0.0028563468703448514,9.392292827294593,7.384797694064342
C01412,S4,0.1840228145943735,0.2622296982076514,0.08953743861261272,0.12396651414996211,0.5242663490297736,7.969009154177646,3.9809164859704715
C01413,S3,0.574428428682371,0.002914519809831847,0.030702073940239407,0.1702638674897006,0.7961195387602281,9.067001486283107,5.158936259541084
C01414,S4,0.2122204814763899,0.04524113800349376,0.2451005687696269,0.5071900542549909,0.20246823897188856,14.804445786396046,2.368768304178304
C01415,S0,0.08728865474821967,0.43462833734572875,0.18896333935433635,0.2549774800721033,0.12143084322783168,7.846142989694231,2.4495273561573283
C01416,S3,0.6711888168451061,0.007725289830407173,0.01927176493301675,0.6145702751272677,0.35843267010930857,14.224672112067719,7.795354775538721
C01417,S1,0.3532322095073974,0.13180957919418823,0.2742262311954447,0.5502380012671328,0.04372618834323416,16.94040758761151,2.1397829792454135
C01418,S1,0.2935960101193659,0.0036070223616536607,0.20204773880113733,0.7878887175249785,0.0064565213122306465,12.101577905170227,5.091083279897333
C01419,S3,0.7137290096256361,0.028996655290580795,0.011044187215928437,0.26125082023559526,0.6987083372578955,13.167174687743412,4.2362729359533775
C01420,S4,0.2804058883638535,0.2769361662513829,0.17250389497444754,0.1213862845854131,0.4291736541887564,17.666738580135195,4.895525422337421
C01421,S2,0.3197127305957352,0.10088844032076387,0.0009727094930171747,0.22572171317476628,0.6724171370114527,7.164236033883665,4.410692039505335
C01422,S0,0.3783913927629612,0.2305674671658635,0.3185648544625942,0.3912603551687267,0.05960732320281578,8.065183438327379,3.651528501513994
C01423,S0,0.21073925093188908,0.10380879334407474,0.04079024499920499,0.3429760930439114,0.512424868612809,13.099686962652726,6.829699908792097
C01424,S0,0.17467551610421367,0.8200056911397466,0.01154725041494475,0.023472437863484255,0.14497462058182448,20.66037580184109,7.401869570792523
C01425,S0,0.049243542209508474,0.5912939833569565,0.034024829672240485,0.06143737173065573,0.3132438152401472,20.84113185006984,7.80677110930423
C01426,S0,0.5164797415295487,0.7416009940146099,0.0559175774461219,0.12067798868371257,0.08180343985555566,12.87303281345498,4.178867600322799
C01427,S0,0.01529513252632956,0.13638188708297777,0.5924206085702347,0.18925471421276244,0.08194279013402528,11.31099542916524,6.4814797502812524
C01428,S0,0.41770138255428957,0.013850040600597507,0.8949174752393455,0.00572082940133393,0.08551165475872316,7.478198762340425,2.695542181845423
C01429,S2,0.4394985930576792,0.11179466199766624,0.06905644755148274,0.07438385380333334,0.7447650366475175,15.299134424375238,6.154604505860009
C01430,S0,0.042597801209245965,0.04870986503497923,0.9136030902994544,0.02075407713598939,0.016932967529576886,9.023425280532432,7.1735289977427845
C01431,S4,0.18363324519826438,0.08919997682651643,0.06717314912148775,0.7441270838305287,0.09949979022146718,18.61956362953339,5.337250655937477
C01432,S1,0.19417537188857378,0.2327348323006279,0.07034508488616155,0.05906553238080376,0.6378545504324068,11.242175988111802,2.8200472764868043
C01433,S0,0.292452438688959,0.3604759247395355,0.18580816025027,0.2917226905091446,0.16199322450105005,14.134614397401926,4.099335770380605
C01434,S0,0.38582667123355513,0.16545251631596078,0.6933560331939808,0.07555641610027325,0.0656350343897853,9.937832005239581,2.185020543874445
C01435,S0,0.15798500761178327,0.28225549230003794,0.3708936128757928,0.21893972586316546,0.12791116896100377,13.41692452532548,2.717063389179168
C01436,S4,0.04072707304377443,0.0018569279651943242,0.6643092986369618,0.030858532196361234,0.3029752412014827,17.470225703188582,5.35409153118904
C01437,S0,0.11591406367273925,0.08997614034566254,0.18278219906628146,0.5973530248796541,0.12988863570840184,14.282791171593061,5.547691541543479
C01438,S1,0.23814162151120066,0.29192286793844996,0.4086873109568282,0.03862602591593185,0.26076379518878984,16.53308581477082,5.1202919091123755
C01439,S4,0.31779613496317627,0.057141314719227294,0.16606132211022845,0.6770716417443015,0.09972572142624281,9.96597642068493,4.138323603084306
C01440,S4,0.12443971626967326,0.2765948646996598,0.4064074326198608,0.18123765511943668,0.13576004756104262,10.197704331417631,7.592810208861871
C01441,S0,0.28611740851127376,0.008021524760910725,0.5692318900676859,0.41226888221688335,0.010477702954520014,8.08087776464464,6.79403124315478
C01442,S0,0.12251863275729706,0.1614919865798218,0.16760479383567195,0.6363619302093753,0.03454128937513095,20.548836872849797,7.063421413290444
C01443,S0,0.12386795609485653,0.26474746236811414,0.31814280175314064,0.12305898017963854,0.29405075569910655,14.428633414390928,4.348645304495482
C01444,S0,0.07083915815052476,0.21627228122896935,0.15810023303135257,0.12226532107318425,0.5033621646664939,8.433991137795424,7.6857464532611
C01445,S0,0.10324144883029023,0.6506174873789357,0.14267262339053458,0.20440643342618076,0.002303455804348959,9.215013859459633,7.511729834813992
C01446,S1,0.47337986664880183,0.5468952166741118,0.03855131070153445,0.26122255466909444,0.15333091795525938,11.040119098464338,3.972799902534928
C01447,S4,0.17422040419737123,0.15562770123971398,0.11138721805297697,0.5792432056287942,0.15374187507851478,16.89942180356175,2.148106208206873
C01448,S1,0.35859454278220393,0.8099440845833196,0.07470250869076765,0.10671282990314998,0.008640576822762883,10.812186867785373,2.648910704112578
C01449,S1,0.1254804720047415,0.3919248968278803,0.06604765479775924,0.42985261724618323,0.11217483112817714,11.347799832034852,7.125358106349947
C01450,S0,0.007535338696008884,0.2995120202225055,0.017606649353464583,0.557173884714433,0.12570744570959694,14.774177273637193,7.799382275200236
C01451,S3,0.4527526279890277,0.11225094969521067,0.01807865048999254,0.7055853453728407,0.1640850544419562,9.611206114775577,3.177140298010602
C01452,S1,0.21082394963737103,0.07254624166591557,0.17019268678593474,0.6907793302898175,0.06648174125833234,16.002927523517,6.913438503366429
C01453,S3,0.6796899875628817,0.19375916988058234,0.18453693452174852,0.09086797939936712,0.5308359161983021,16.116099146632195,7.523349274512091
C01454,S4,0.46750146141937027,0.24900909352901018,0.44927242920775196,0.2343364435880538,0.06738203367518387,18.895918668895455,4.736256764974557
C01455,S0,0.2640474130603803,0.014208517204140824,0.7732181624363763,0.15537885670244642,0.05719446365703647,7.669226556888577,7.515264097842042
C01456,S0,0.06665671338035606,0.8303852113753627,0.06913120617663648,0.0248895173019559,0.07559406514604493,20.27816786922662,5.384904294127283
C01457,S0,0.14628956397036688,0.1007791053643869,0.6267800418394311,0.017452951922523326,0.25498790087365863,12.304241563934804,2.7521453070574675
C01458,S0,0.30402684642666783,0.06539198861481856,0.09809816183832233,0.16144282657524656,0.6750670229716125,10.068043019631341,4.139774864379882
C01459,S4,0.21802494660715036,0.14521383358196654,0.039782827688486615,0.44527233039865277,0.36973100833089406,17.13254175119593,7.835244457336379
C01460,S0,0.20804612291396746,0.5340048625295113,0.1739596862004024,0.2825216025247167,0.009513848745369658,17.763049440307675,5.789541580034836
C01461,S2,0.2010523143991955,0.6981058874050691,0.13438740120867043,0.031291456645986246,0.1362152547402744,9.579168271946433,4.528707108693665
C01462,S1,0.11749507099381933,0.31940072295023436,0.09509611258844233,0.38403594236498345,0.20146722209633994,9.304823964775029,5.2012952480300365
C01463,S0,0.06854900375704327,0.07411434243615024,0.06257575616103751,0.020213034469309547,0.8430968669335027,18.523729260896964,5.861734644248421
C01464,S0,0.029403258001651097,0.09215954772666742,0.17044133457893787,0.39848963356647205,0.3389094841279227,13.692936828658171,5.352655517677178
C01465,S2,0.5313038636576843,0.12774983611776541,0.0592895704081022,0.7583508125461641,0.05460978092796832,18.812502476387138,5.366916083107893
C01466,S2,0.7676023079046291,0.1508389165598543,0.16359700739983704,0.24809812009550591,0.43746595594480253,10.387822207040237,6.059744042727284
C01467,S0,0.33803719099193946,0.12015982173345252,0.41788539964813637,0.16601327138341712,0.2959415072349939,20.623925363467954,5.969552972160703
C01468,S0,0.1591875966291057,0.1251969249658156,0.17030939577359275,0.03790028280067333,0.6665933964599182,19.39883114809252,5.4035900548476254
C01469,S2,0.276495065314963,0.09912381803185465,0.320615164243448,0.14194618909410867,0.43831482863058857,13.536077341440954,5.40065334484264
C01470,S0,0.16306193444607442,0.4065910990611246,0.3287568518033989,0.059647488241567584,0.20500456089390878,10.567519195551757,5.23200320993371
C01471,S4,0.30409472433972473,0.052746229921550716,0.10478311707793482,0.4986296237465864,0.34384102925392807,13.238114265031292,3.3942737480968326
C01472,S0,0.38318777345246585,0.7382808180450721,0.07774923482158648,0.06312269182319537,0.120847255310146,7.818378935925376,2.1728372608955375
C01473,S0,0.03650503466416526,0.0734547995588464,0.24048611445801832,0.6300996990931876,0.05595938688994764,8.39465710716764,5.372975270107445
C01474,S0,0.011148161842697348,0.017599934862643715,0.09669583573737443,0.17986423374589217,0.7058399956540897,20.731822859883856,4.855357483332591
C01475,S1,0.05251297814841731,0.09839924380714149,0.3074548149914809,0.3447690707537834,0.24937687044759405,18.89845498571829,5.14484179238848
C01476,S1,0.32778021693207104,0.09758088876073394,0.7041257580757558,0.08061537791066614,0.11767797525284411,11.572871980897352,7.708735338107576
C01477,S0,0.09463804106938442,0.12944447997141703,0.23187210954961537,0.3346393557020376,0.30404405477693003,16.7432298747501,4.886389856853428
C01478,S4,0.13808424041986447,0.018888659873839878,0.11521988375765121,0.17039492597243142,0.6954965303960775,10.605008951313362,2.9643805633206695
C01479,S0,0.10246381119650795,0.7766760612489199,0.10107444105589206,0.12003149234423786,0.0022180053509502423,19.38313318356366,6.297792973817678
C01480,S0,0.03883237235549941,0.15061587467021267,0.37725547541711824,0.3606482062439959,0.11148044366867342,19.512532560563987,2.2424093405314416
C01481,S0,0.1516391352318036,0.23980331028082044,0.22561472338529046,0.4609612558631735,0.07362071047071572,14.668024923733142,3.647995157656469
C01482,S0,0.239844326482455,0.21108494379564094,0.1952070178932648,0.4577846375322334,0.13592340077886075,11.278580834253777,5.245009248145708
C01483,S1,0.07474679277603759,0.13419334541629757,0.06809505643626576,0.36286654736015717,0.4348450507872794,14.024662772619317,2.2378700915604255
C01484,S0,0.015647089610284978,0.012537061893528456,0.18703175705454236,0.54771045264373,0.2527207284081993,7.32212609933182,7.0948550675946045
C01485,S1,0.39383841977268275,0.6676737580463786,0.04692421194711995,0.21776074122453865,0.06764128878196288,9.5057605260615,7.664692103200269
C01486,S0,0.07307758911723501,0.06553045546632354,0.024988673755127845,0.8237015393347887,0.08577933144375993,17.61416837318013,6.722490323943165
C01487,S4,0.45217862279975146,0.09284618361384812,0.3802217546221064,0.22867195802074722,0.2982601037432984,12.083073957651852,2.0188904071759923
C01488,S0,0.4051475243182394,0.0774532455400417,0.14751553626078137,0.772152727949957,0.0028784902492199576,13.765830333040983,4.215287198029554
C01489,S3,0.4138219457250661,0.40198844844022685,0.16430790190529332,0.024232698141389963,0.40947095151308993,11.282510575439456,2.8571053230406136
C01490,S0,0.19045203865248098,0.06679012432189275,0.165057697800927,0.10066138023428962,0.6674907976428905,15.003017696858121,6.630092959582827
C01491,S0,0.39783081919301727,0.02071036417015858,0.8637710164839519,0.030002839279890312,0.08551578006599926,12.317842333814724,5.53274488103633
C01492,S3,0.8663940460194173,0.7996895820136967,0.06295040899799334,0.04579641881239948,0.09156359017591063,10.172632617622934,6.070136000571593
C01493,S1,0.18982147165490568,0.058015621489211223,0.07113277459502793,0.39124466869093455,0.4796069352248262,19.312772883576102,3.027054034477376
C01494,S3,0.45524617500468284,0.5879330384862217,0.2884997586920429,0.11610517749277383,0.007462025328961635,20.091180273263916,5.326955637177557
C01495,S0,0.03854608775582432,0.2929097119441332,0.15410242929455353,0.4990713532460404,0.0539165055152729,12.139685748894134,4.610659896912898
C01496,S1,0.4801654530656931,0.004724742100089416,0.004855728505313294,0.020589054340471823,0.9698304750541255,19.159022281207022,6.556664482306742
C01497,S3,0.7122844002348935,0.2682514985711021,0.21731467166066534,0.19464555972499248,0.3197882700432401,14.382599291388527,3.557019603118168
C01498,S1,0.44098811968524787,0.012563573693162616,0.025138065951225946,0.3497022702815973,0.6125960900740142,14.592680630536798,5.623587877085535
C01499,S0,0.2216869620298814,0.13247710187489267,0.021001730425971494,0.20643081515590245,0.6400903525432333,18.539012129999833,3.626409916043132
C01500,S2,0.1533932518439018,0.7048792580970681,0.09780162867867674,0.1409089211062913,0.05641019211796382,14.378077676368296,5.7610493248200605
C01501,S2,0.3648757024090128,0.12625257929942585,0.3369136221833505,0.18209311614950532,0.3547406823677184,9.248164815328881,5.839143858258672
C01502,S4,0.16723574211511574,0.04867323547831892,0.23879615055679823,0.13771555716197745,0.5748150568029056,9.144230182752619,7.238158862207295
C01503,S0,0.21606849431050698,0.5491268901604524,0.030388729994188145,0.25129941960518243,0.16918496024017707,14.801086431900563,7.0592654814709555
C01504,S0,0.18520997399421188,0.5159147461712204,0.059812027939541886,0.10767405557770189,0.3165991703115359,9.92084700754986,2.013797431009008
C01505,S3,0.7539607802565338,0.42858748661493173,0.22935661573254432,0.0694586825272122,0.27259721512531176,20.17413061421436,3.6870837828547263
C01506,S1,0.40124640407394213,0.26820458304093875,0.29128664877185595,0.3114008196696335,0.12910794851757165,11.540173738936314,2.8314991785138757
C01507,S2,0.6002327845902911,0.05183436859848327,0.0008874862710131558,0.7650934847594921,0.1821846603710114,18.02807040765582,2.9299150275165173
C01508,S0,0.3538962279675608,0.33276425211360167,0.5267253716227344,0.06020685485749017,0.08030352140617372,11.343276237004746,6.964771849094074
C01509,S0,0.20931586404183725,0.25962437905055796,0.41352976380901685,0.10088293615734492,0.22596292098308024,16.478242523904626,3.417498264227797
C01510,S2,0.6987514153136752,0.23820227956828313,0.24394824568703716,0.15303224750390423,0.3648172272407755,20.033295378010493,3.859578757971301
C01511,S0,0.26075873888540824,0.011742153273781928,0.03408702346577137,0.578667421512338,0.37550340174810876,12.766841511116983,3.2096879520410355
C01512,S0,0.1457707869014685,0.12346791729317821,0.08895352832337065,0.7662040866660781,0.02137446771737316,7.580592665236829,6.884860835014149
C01513,S1,0.3953100463801955,0.9393317290185662,0.010015574672295795,0.00986714467113032,0.04078555163800767,13.917438025813619,7.898690565463624
C01514,S2,0.5631206207846484,0.0709802394291372,0.17978269813173747,0.009973052431451069,0.7392640100076742,18.310010267981376,3.0845046470099957
C01515,S3,0.6519159281949372,0.13358568003206148,0.42273226372453027,0.39072553451789244,0.052956521725515765,8.957955861372572,2.5352613075965653
C01516,S0,0.007228955470030411,0.5092423397793551,0.021412197906612855,0.36888545124953875,0.10046001106449318,11.465925297223997,2.7199454942898633
C01517,S0,0.23254271810392585,0.5397578978993807,0.16589242149893071,0.26993231275581026,0.024417367845878394,16.773831005374337,7.193283285972548
C01518,S4,0.11706602216048995,0.3398849488598873,0.13057917944115932,0.1592638834549692,0.3702719882439841,11.86112382037383,2.902148416766135
C01519,S0,0.2754796073298918,0.03597781260880421,0.13179405709645914,0.8260523056915489,0.0061758246031878615,7.587962938146319,6.149400245624577
C01520,S0,0.276067971581466,0.2561357845301551,0.13279367763124417,0.21530771378498062,0.3957628240536202,20.68747120563805,3.798836206134064
C01521,S0,0.15508437561465985,0.06829914551328627,0.26918381504857825,0.012206945229316852,0.6503100942088186,15.151060225635904,6.079936309794988
C01522,S1,0.18929855041090166,0.2386432514759684,0.013828919771255286,0.03879482485556275,0.7087330038972136,8.55960925874841,4.969427494086665
C01523,S3,0.8257235389720889,0.6620687476001123,0.1403773666248514,0.09794804170979741,0.09960584406523884,11.470684102326011,2.084659345255581
C01524,S2,0.4161185733105228,0.11538874618228527,0.3124594395297446,0.4527360244574438,0.11941578983052625,8.911598989554506,6.24588531777897
C01525,S2,0.5660160063058045,0.3060090589596473,0.5937332672187916,0.044565235582977425,0.05569243823858376,7.808745048771682,2.9600370986684243
C01526,S0,0.1566559058474083,0.14115241109671625,0.13341072074449775,0.08739559521151218,0.6380412729472738,17.030049442204458,4.710386121650214
C01527,S0,0.18576803421112634,0.177173731492573,0.7123288617137014,0.06770195561823061,0.042795451175495096,8.169050162096122,4.91256331530189
C01528,S0,0.04206605640360515,0.033364397888015054,0.014944632160202455,0.1773509586988981,0.7743400112528844,18.89524011469101,6.088301665857243
C01529,S0,0.4941385491687901,0.2597435100929052,0.046567884802618996,0.012054992191880854,0.6816336129125949,19.62474294652166,4.240494084198899
C01530,S0,0.040854961404511426,0.3072937659964484,0.5753719686890566,0.06381810074729968,0.05351616456719524,18.692809732153613,6.380801837661683
C01531,S0,0.10019516579822843,0.7367400007230506,0.07794115888932736,0.1356895887617475,0.04962925162587457,7.464367766685494,3.9784281782721296
C01532,S0,0.07778838760302208,0.014960752556844053,0.6726029386958374,0.3110863093002909,0.0013499994470274606,9.874988778808042,5.52188026826571
C01533,S1,0.23242937125982452,0.3540940748314519,0.2107694950528087,0.3363364465689753,0.09879998354676424,10.762579567582364,6.384888392720241
C01534,S2,0.4272954121762404,0.0054226111809504126,0.2735290615325238,0.6834845198909554,0.037563807395570484,10.62030231125934,7.658684703774442
C01535,S0,0.12699344389515727,0.4037397472391657,0.297595390045247,0.07596983976962576,0.2226950229459615,17.41184995810322,6.0673513937543255
C01536,S0,0.40833081062127846,0.10735720116184091,0.5749645308636324,0.1806095043536285,0.13706876362089826,19.262340097297088,4.602505499038495
C01537,S3,0.8502081663366389,0.03217734553483203,0.6843101837674932,0.008202362636235873,0.275310108061439,20.856793787008222,3.583500982678351
C01538,S2,0.45706436266816564,0.2585274764671641,0.24166344261558184,0.28360404746299006,0.21620503345426412,17.07979489476575,3.5825408866892214
C01539,S3,0.645939210412083,0.0173006642017902,0.814573782190016,0.1299536395048324,0.03817191410336161,17.78597679487158,2.7960267861983916
C01540,S0,0.12610465718159883,0.2076501192172697,0.08410708230158377,0.30999981745440264,0.39824298102674377,12.269017597197209,3.4448362430610944
C01541,S3,0.7424599439936306,0.3613524974002301,0.19151955790948716,0.33346009914008345,0.11366784555019921,16.2004405986078,7.671798602111866
C01542,S0,0.1091669342065842,0.6147866415289223,0.3221402225207849,0.03582121940820363,0.02725191654208923,18.982120383499492,5.221378085750667
C01543,S0,0.04276426159045949,0.12854036735533558,0.22676601207131322,0.005392346149538598,0.6393012744238126,11.899677524072395,4.459094060039813
C01544,S0,0.037399206942015636,0.23237240522671387,0.0736431474314833,0.6241882784206231,0.06979616892117962,10.333206803206457,2.018671699518965
C01545,S0,0.29683634332338366,0.01117861640542751,0.5622348189712365,0.2965695163764218,0.1300170482469142,18.369712606244995,6.342921584113151
C01546,S0,0.07684470819054522,0.2907413680383536,0.16585426067388265,0.3833068682673816,0.16009750302038217,16.247701163021382,4.168540452989977
C01547,S0,0.14204022771352046,0.76119104584809,0.12508029770648846,0.03257880003976897,0.0811498564056525,9.009570144691686,6.669479018004761
C01548,S2,0.21922312198397417,0.09055400363081882,0.7591255389248217,0.14375925984029012,0.006561197604069451,20.473243096189854,3.5321493541117643
C01549,S0,0.12002500752498309,0.013624719784873144,0.5985686162123054,0.31204723317310956,0.07575943082971193,20.71934237196422,4.772706637795133
C01550,S0,0.48254342618123214,0.7311956067616481,0.03294959686518005,0.006146565873268373,0.22970823049990363,10.484906601902882,2.7944315852516493
C01551,S0,0.3293122198692178,0.24536405848529153,0.3462494635401441,0.12324535243485311,0.2851411255397114,10.855668869848781,6.970077105936225
C01552,S0,0.10408435039859872,0.329172843267555,0.22929770472075509,0.015599472696508802,0.4259299793151811,8.154093404437077,3.4795005504032432
C01553,S0,0.16276733978633798,0.24898412729543565,0.10183022292136465,0.4132130395144484,0.23597261026875133,15.611083187360865,4.534353891907118
C01554,S0,0.2955795198255332,0.6662427992895849,0.12479517311068794,0.12305431307504415,0.08590771452468311,10.156372370082337,6.957275080718556
C01555,S0,0.2477690663213991,0.13712968212542345,0.17544043508111473,0.5118324888736351,0.17559739391982673,8.221029570888083,7.986424122893115
C01556,S2,0.5269734107203644,0.2995614256326616,0.1047196661033214,0.09836846021413932,0.4973504480498777,17.689031442713965,4.138376388469921
C01557,S4,0.32785582000359836,0.8806727790036063,0.0022995527705378395,0.024454802839638603,0.09257286538621742,18.122123021719155,4.742231504923542
C01558,S0,0.07878642522332584,0.23687787494699747,0.6690415214624176,0.0587885775933686,0.03529202599721637,7.851876216535961,6.357278440516111
C01559,S1,0.16025972144719625,0.37747782086679793,0.5068209461327913,0.047117681514879745,0.0685835514855309,15.876735163875606,6.485103776250457
C01560,S3,0.8509410315234405,0.3021705335495992,0.46065248924205837,0.0667101067490108,0.1704668704593315,18.287410341796075,5.025599174283306
C01561,S4,0.3543996264031332,0.3534678104859796,0.24732094641954422,0.16398418774034806,0.2352270553541283,19.444593603063666,4.474653520478245
C01562,S1,0.4703225423996054,0.05625430849779295,0.25895287490633906,0.5364012625292174,0.14839155406665064,7.615454478863952,7.046162543238549
C01563,S3,0.9214560118218674,0.22557364548819478,0.439800567299217,0.13327389241129442,0.20135189480129398,11.545102263563038,7.493856783103814
C01564,S4,0.10463282482778442,0.7617993983342422,0.13852036599526335,0.06810626447843665,0.03157397119205788,20.32705636440604,6.6391392968946885
C01565,S3,0.7036598473395296,0.37477368957921964,0.15197252429463062,0.14821610808415295,0.3250376780419968,8.808588225954324,2.627009025355691
C01566,S0,0.1627065564977133,0.6681664513050654,0.193796552634771,0.11519696176460943,0.022840034295554184,15.83508388025313,5.745115323963944
C01567,S0,0.20783784855160145,0.33653786470383656,0.16057980896759036,0.25194906658843835,0.2509332597401347,16.597476454056494,2.330745952324454
C01568,S0,0.15098253291586688,0.2640152849924488,0.4658313683613953,0.011459493259070808,0.258693853387085,10.872163938334308,3.5161703665834425
C01569,S0,0.07488122682704637,0.15644995407824533,0.25424849385661447,0.05484105113012892,0.5344605009350113,9.900818390385751,7.551076849087014
C01570,S0,0.12993394322489676,0.011900442421967526,0.3217990685987124,0.06897425100024145,0.5973262379790786,7.8841933995619335,4.886613745729216
C01571,S0,0.3345119804886883,0.2607911661275439,0.206112070793966,0.18808133680562553,0.34501542627286463,12.103197085610876,4.124496986223751
C01572,S1,0.36625003055199234,0.022790377831687195,0.23307327899085528,0.08975733516659633,0.6543790080108614,7.342331057685025,5.563718617791558
C01573,S1,0.32056816518210723,0.6360286341571926,0.03942020591065465,0.03259287201299767,0.29195828791915523,19.952205338458597,4.809713619070665
C01574,S3,0.7767584565904734,0.8573503533838106,0.00732505461509257,0.11316467878230782,0.02215991321878903,17.8115412315028,3.266107332149735
C01575,S0,0.13508197358056434,0.07308161602728579,0.7615981989020901,0.020232316363593916,0.14508786870703028,19.058378084071585,5.998006371247138
C01576,S0,0.2101791072979089,0.3913497566731339,0.012246840076501418,0.38165561521285346,0.2147477880375114,10.462778795013818,7.585274945285255
C01577,S3,0.5905492035792062,0.21537718483585025,0.014078932455255766,0.49916147772059805,0.27138240498829597,10.877528199326015,5.6614144434523155
C01578,S3,0.31844156166892057,0.017888548717770153,0.052636029310518015,0.6915643640470873,0.23791105792462433,16.419130764133396,7.755316683668288
C01579,S4,0.1848356938265732,0.4225952004757057,0.11837570356065455,0.4417645363943579,0.017264559569281794,9.732723803881314,5.184736703170918
C01580,S3,0.851747665323256,0.26802937573619373,0.606179917515112,0.020749695374933635,0.10504101137376064,14.726441248948525,6.867658397411656
C01581,S3,0.6474877263551158,0.368806726902888,0.35484047173717675,0.122326405216885,0.15402639614305025,14.651100105825435,7.624228119305238
C01582,S0,0.0904362010209838,0.5754591335884597,0.16875518877931586,0.1322383826624799,0.12354729496974445,17.314564283008806,4.163049030552909
C01583,S0,0.2005806229452707,0.820359016464918,0.13286283155439774,0.025935969864354213,0.020842182116330044,10.461392536353557,3.5921873868567133
C01584,S0,0.08887694454094257,0.8467012082564319,0.024495797428219352,0.05453695372225937,0.07426604059308929,20.529748469857083,3.572775352682113
C01585,S1,0.4583915386599494,0.19231918315217283,0.1067542243353004,0.31904094888643403,0.3818856436260926,16.63438713475598,2.7824345206381595
C01586,S4,0.27855019253456825,0.1827279577061442,0.1227538994439886,0.5415675666122122,0.15295057623765507,9.702996638773762,6.185687387379817
C01587,S0,0.15372154383510814,0.1858397886541042,0.21454005746195798,0.4380465928330258,0.16157356105091192,13.692293063303483,7.573491629449914
C01588,S1,0.5315382545454456,0.02575814193023541,0.008857948235790227,0.03533627476946491,0.9300476350645095,14.490332937075397,6.740568846693579
C01589,S0,0.05629703581151963,0.07570978306281322,0.6677832201737293,0.06610006204230828,0.19040693472114928,9.08725131329164,5.176669797766528
C01590,S0,0.016180127948749158,0.05470635815563942,0.10218314654735504,0.8400449251913603,0.0030655701056451195,18.454973381421773,6.223643025974769
C01591,S0,0.05675655227524491,0.44110622057217125,0.028694142557795708,0.2894119581001096,0.24078767876992335,19.79936014470963,4.4316759731087245
C01592,S0,0.5889058545672933,0.09727401217157226,0.2045833685027982,0.06733428530002608,0.6308083340256037,16.872177084805035,4.195792780636907
C01593,S4,0.43861790315192567,0.330252496361755,0.32888184436287804,0.21349234406114836,0.12737331521421866,8.223570514062972,4.837651534833302
C01594,S0,0.03753496037679639,0.08535955460095546,0.10354782367666557,0.6866039978004447,0.12448862392193424,14.28869428305654,6.822071242395127
C01595,S3,0.6636750260762857,0.09952564716168386,0.4232706179804765,0.4068876739473429,0.07031606091049679,17.6050892254389,3.808025752392326
C01596,S2,0.44224736104445334,0.36683617643156435,0.07885635512436599,0.1688431324434496,0.38546433600062,9.29108554513913,5.248246159582992
C01597,S0,0.11806883566999611,0.13656820835759428,0.5953735215929631,0.02328183535955054,0.2447764346898922,19.91420140133458,5.796257458888421
C01598,S0,0.27336267506004314,0.1260067069612154,0.7212512649222454,0.09168749331221877,0.06105453480432055,17.867653414473683,6.582514974271237
C01599,S3,0.7960135847597947,0.26434573068175643,0.049665444329314176,0.6010095695908075,0.08497925539812175,11.354519920103428,3.7561500127984333
C01600,S0,0.13593743391416288,0.04420239517669119,0.2291701614277541,0.5156456311866287,0.21098181220892614,12.423641440992172,5.298579412929474
C01601,S4,0.28931884054503637,0.3188278613120156,0.3959384520314352,0.19316634126484014,0.09206734539170894,10.342339474537232,7.789258657815683
C01602,S0,0.2387947390199784,0.18818238709132762,0.4417901994368165,0.17041817599766107,0.19960923747419487,14.039125735364596,3.08473868886412
C01603,S2,0.10519900992980696,0.011186029290706376,0.8560681762510733,0.026723593427278203,0.10602220103094206,14.036602528862486,5.930887652081422
C01604,S3,0.7177066749374208,0.08912078932736817,0.0813518964441699,0.5600870956114743,0.26944021861698764,10.874084472264034,2.779492828890512
C01605,S0,0.27189027641161967,0.18073585333398884,0.7623197805155304,0.05104291985955209,0.005901446290928683,16.001725502040344,7.385108197829235
C01606,S0,0.16732781937872573,0.05156236505356973,0.05382408445771992,0.0887366005779972,0.8058769499107132,9.733972016648657,7.88533849900667
C01607,S4,0.09198737279638483,0.15705105412469766,0.26537797040336153,0.5032478054747357,0.07432316999720502,17.424255930942806,2.07066758859224
C01608,S0,0.1649966842012925,0.11506384002115091,0.03303369198848013,0.11651139852880515,0.7353910694615637,16.970639236409394,4.053045847518753
C01609,S0,0.23275975548773786,0.12598887109545587,0.11123754329386529,0.7258303869881017,0.03694319862257711,10.348737841281611,3.747720862672808
C01610,S0,0.3247149793274156,0.06395957356599383,0.24342959376717127,0.43030331220971624,0.2623075204571187,17.299976531302576,6.73395247076992
C01611,S0,0.10605173975445571,0.04074559443183747,0.02985929682801134,0.24259302903652416,0.686802079703627,19.554466608159387,6.324363045843299
C01612,S2,0.17071923330401198,0.5339593899146153,0.25607571646089206,0.0033327451825163655,0.2066321484419761,9.931487443667493,6.110999391750207
C01613,S2,0.5579001044891594,0.307315790555974,0.41323540901280986,0.20015912852384288,0.07928967190737327,20.83185521559522,7.2796595052667765
C01614,S0,0.34333538752184667,0.36129754194856756,0.13116852111002456,0.13882655982390957,0.36870737711749835,20.583694425898862,5.898056583722933
C01615,S3,0.8579371950860288,0.05895380887023192,0.30067694111329757,0.07646826342148867,0.5639009865949819,11.40169092893773,7.959491223820789
C01616,S0,0.05540213565208867,0.20104252469645253,0.6425006015075411,0.002745372547849455,0.15371150124815702,11.786047787473244,4.609331863169791
C01617,S0,0.029274795073002055,0.8489893464241982,0.0361798515769262,0.0231415617876117,0.0916892402112639,9.150105692270138,7.004997222332554
C01618,S1,0.45435471231888347,0.2239059628637865,0.07730819388803105,0.6015344243590997,0.09725141888908287,15.845789984591297,6.567728316059292
C01619,S4,0.13363703510532532,0.567466437228051,0.1799883636943667,0.15518835890723995,0.09735684017034225,9.75459796463603,6.825801294933732
C01620,S0,0.20277330368762464,0.34800429575562325,0.17263437538847662,0.37392893152559203,0.10543239733030818,15.365854873187045,4.624579962691186
C01621,S0,0.21255144175805504,0.3988900569692413,0.46786027830087856,0.05980931643636448,0.07344034829351585,18.38313302027415,2.0002832589753288
C01622,S1,0.39827174301005636,0.2205511522261242,0.3162710748164654,0.15695842278537492,0.3062193501720356,19.784672006112547,6.655027914008361
C01623,S3,0.4818460923271171,0.4764749413960982,0.06646921647322622,0.30122808996566935,0.1558277521650062,11.15961314476321,3.5313324436651663
C01624,S0,0.05070359597906381,0.284281945075657,0.17339433156390846,0.332813277121599,0.20951044623883552,13.11224107623769,2.5387867822362784
C01625,S0,0.07964491319454339,0.29364748349660835,0.007310552005771805,0.28827532322518606,0.41076664127243373,11.483610214579311,2.023095062742291
C01626,S2,0.37399621412439193,0.1159129171804043,0.8661848015991606,0.002130091795375941,0.0157721894250591,19.344412775337645,3.118655897081128
C01627,S0,0.24069868284535778,0.019217409499470848,0.07216405070234752,0.006189925439598426,0.9024286143585831,8.68062018622536,6.0179808797533765
C01628,S0,0.15414792958124357,0.3221399288074005,0.35764257855253245,0.19579621805191558,0.12442127458815153,12.89482553425902,4.381163371771176
C01629,S0,0.05618366703310404,0.2571830887993427,0.02537378904441888,0.5671862750699078,0.15025684708633066,20.364620773707287,6.251332915813421
C01630,S0,0.21557635054161162,0.2465229069331031,0.4296022288631094,0.19210746747996338,0.13176739672382412,14.485448015176015,5.064912363249261
C01631,S0,0.09693394783903386,0.28994965863022054,0.3266678011043952,0.2805869130231146,0.10279562724226973,10.55672150416149,6.182534487672376
C01632,S3,0.729425987747845,0.9544654938233521,0.01949922738992308,0.007889573271338103,0.018145705515386797,17.239156683866273,6.799184264712331
C01633,S1,0.06417003826147447,0.27179112847845716,0.12159258989734424,0.2731441724905061,0.33347210913369235,11.20335424427781,7.072745107609905
C01634,S2,0.32039595230524387,0.12667483445398828,0.19095876002354273,0.05294014539238405,0.629426260130085,16.650337478753364,5.3569538735385835
C01635,S4,0.6468342164773422,0.054328605447575,0.3103771974152945,0.044362722862184414,0.5909314742749462,13.660876676078223,7.645463172536305
C01636,S0,0.12657504037998843,0.7863824867714546,0.11524146901303463,0.051963224489474776,0.04641281972603612,12.091947252685287,5.69058149672218
C01637,S0,0.15595194509700197,0.12785495841354383,0.13317913281702762,0.14726341353644956,0.591702495232979,15.97395814487202,4.890345323647266
C01638,S4,0.47973146674227546,0.48493655315893575,0.2656935108131927,0.21908379958450455,0.030286136443367005,12.271932005467868,4.5832098325900175
C01639,S0,0.14183098427789637,0.13536174527037237,0.3374642993640671,0.23604606491546062,0.2911278904500999,13.952563925141746,6.000563712477161
C01640,S2,0.3095561439542784,0.024933770332727354,0.19663083649893245,0.432079314514906,0.3463560786534342,12.792646666591967,7.605011067315246
C01641,S2,0.3616444706533765,0.23088597478995787,0.47767405305011046,0.22055041206076212,0.07088956009916954,16.935573260495158,4.175249960227804
C01642,S0,0.07285132734690591,0.025526803454580405,0.15737507992372343,0.7137513866348284,0.10334672998686777,11.969028845129735,2.6661375794293822
C01643,S0,0.11542824654144489,0.04904929057934392,0.5950666313331038,0.21836546926311998,0.13751860882443226,13.838501521869661,2.7225134994273334
C01644,S0,0.1225716283422974,0.09648580423220911,0.6226216312746422,0.21845954208618198,0.062433022406966875,11.334040415658755,5.884284327176279
C01645,S0,0.10612884371909159,0.034609588065971295,0.6537442731867791,0.12825815421325362,0.1833879845339959,20.059783169255464,4.033416864303682
C01646,S0,0.05906846909935929,0.09214369530834082,0.03895306886637082,0.5093938597171509,0.35950937610813744,17.641073172845456,3.7697256501464436
C01647,S0,0.15256140367414597,0.6379380742940468,0.2685773387211033,0.04318405009176141,0.05030053689308844,13.03952794482846,6.4345532104886
C01648,S3,0.8297187712160354,0.04767618737509782,0.4485411581842127,0.07483071622878949,0.4289519382119,14.274917430867635,6.816843462502062
C01649,S4,0.2651229393166312,0.12371609632355951,0.6496956357802942,0.12146309279080567,0.10512517510534049,11.323311967167076,4.870012423911984
C01650,S3,0.6880266583828616,0.22717175202245343,0.12671534949964336,0.5438013910284426,0.10231150744946049,13.807184150403348,6.3991679640503865
C01651,S0,0.02612686899759855,0.3611152160494395,0.2619585071773371,0.1930197458499335,0.18390653092328982,16.921911288127447,5.381736742294244
C01652,S0,0.18564540971285023,0.34386890839926476,0.0948529159841216,0.2167115102906716,0.3445666653259421,11.472155407549241,3.852900812105495
C01653,S0,0.14614793982741311,0.32155438628340116,0.41447465211102874,0.12731674874792157,0.13665421285764864,15.053648919756602,2.0881909898520643
C01654,S0,0.1173554204411322,0.37077586100496407,0.1489593108438578,0.43181369612512394,0.0484511320260541,13.57244638192833,2.1769877766072963
C01655,S4,0.0682253202298249,0.18366919885136945,0.4550745989571159,0.1691439901992228,0.1921122119922919,20.91899262087596,3.4467912690113964
C01656,S0,0.028618158738732614,0.008976316988498375,0.8186903240143756,0.04120920308769848,0.13112415590942747,10.193863216110676,2.126556225205293
C01657,S0,0.13858919399328,0.023998599074213547,0.23463095706878911,0.06182912617412692,0.6795413176828704,9.934797344863064,6.181101730543548
C01658,S3,0.7544821298616052,0.0984798472049151,0.8439831738487446,0.025154794902934617,0.03238218404340573,13.186308840459018,5.399798538439184
C01659,S0,0.07332171517553682,0.15646911478092218,0.05884642644341802,0.7222223639920041,0.0624620947836557,7.079584047438041,3.2411401671703333
C01660,S0,0.2032220461717656,0.07479239314132693,0.10230224870986875,0.04681556141159635,0.7760897967372079,18.67532637523529,5.443617139285264
C01661,S0,0.20371137554116947,0.04822450904791172,0.14459468605796033,0.1918536800319835,0.6153271248621445,18.726406057710797,4.362134725851223
C01662,S1,0.3046756047934565,0.37375283191711894,0.27252172448007417,0.2657312086943637,0.08799423490844335,13.825037501181356,7.485447725165221
C01663,S3,0.7274889017816266,0.6345330637587626,0.023757800283144413,0.024137091872027228,0.31757204408606576,11.485326309407181,7.588381364913411
C01664,S0,0.04099528884814457,0.006842092969379891,0.8478266098575372,0.12673642598779805,0.018594871185284766,13.167520753758609,5.5198992610082245
C01665,S4,0.11743659547131213,0.02267689760306991,0.5870584492781338,0.3170234494185682,0.07324120370022795,11.268482410540608,2.2688318200703605
C01666,S3,0.8882109004280269,0.2538673019847098,0.20133121334455617,0.3719898814768527,0.17281160319388134,9.718915307812075,5.272471511475228
C01667,S3,0.5940035225681208,0.17078044022172736,0.32148418806902856,0.2140156053889769,0.2937197663202672,8.928051341718216,3.143698832914705
C01668,S0,0.05926366213018181,0.259995092539187,0.09898629836303408,0.4042696955503807,0.23674891354739824,17.10960272844803,3.3111748602513433
C01669,S0,0.09266805624525351,0.03494985093173474,0.904078650754788,0.009710963117689328,0.051260535195788014,16.79188158214737,6.526702491512879
C01670,S3,0.7100332183525101,0.18966359258604945,0.14753757781512705,0.6383276295264999,0.024471200072323715,8.755586264352344,6.360223198613669
C01671,S0,0.3256802878825731,0.21304472282258224,0.11291219762796846,0.500885751895187,0.17315732765426217,11.865113225172642,7.474599772712436
C01672,S1,0.2576394735439466,0.044913824491571386,0.7743109951523753,0.16258178891281355,0.018193391443239754,12.660562456720044,4.570302791403945
C01673,S2,0.3316970963152542,0.5148218495885515,0.13655568563915102,0.11175838334306581,0.23686408142923188,17.031187109368545,6.665822292563705
C01674,S0,0.11357375720845701,0.00529562603279491,0.00837268002154321,0.7646562222068902,0.22167547173877153,18.610306195576207,5.07885001030388
C01675,S3,0.7398642611809049,0.005076082292833456,0.07163933374150788,0.2328108271452847,0.6904737568203739,8.163789891167708,5.837583616128627
C01676,S4,0.3926334386842666,0.2029626115016257,0.02649978641162581,0.5498645792993018,0.22067302278744677,13.114467637927191,5.6183716781832205
C01677,S2,0.3358804056942034,0.2778158573342046,0.34981030959543724,0.27079963776784177,0.10157419530251642,15.852428116787841,5.856765727950247
C01678,S0,0.2477022460809449,0.28177317223281895,0.4877105624229813,0.1414467864445961,0.08906947889960357,15.515406509393987,6.369686246281354
C01679,S3,0.7343254067423318,0.2941095895987659,0.35654821148453425,0.14196822799341913,0.20737397092328091,19.527031182132113,4.4377750595631476
C01680,S1,0.6431405609899215,0.01650685004280707,0.21577432897195242,0.10233632262936998,0.6653824983558704,11.941265097717178,3.3096479599299418
C01681,S2,0.45856420974956275,0.42661719983661495,0.13455265842062522,0.3217895309523639,0.11704061079039593,18.178338323766724,5.522881254053306
C01682,S3,0.5223707190814583,0.1102451177968779,0.03920469749471354,0.38883860706889367,0.4617115776395147,13.615648648234558,7.100010878249138
C01683,S2,0.5572006017543417,0.27156416858493254,0.01994247529052386,0.6456850141497951,0.06280834197474844,12.891941849847814,3.1735685597528156
C01684,S0,0.14266591765867168,0.040079885421889,0.2127188740741767,0.10105557525077367,0.6461456652531606,19.024773238900657,4.936771575438787
C01685,S0,0.1804217576827459,0.282663754234846,0.10575774673801633,0.3090583485122657,0.3025201505148719,19.619147016789604,4.778673998865321
C01686,S0,0.13942475558567646,0.014167492961667054,0.03811081875243156,0.2898194489259144,0.657902239359987,10.926428099352457,5.705708149483276
C01687,S1,0.27168129019408227,0.17370254575913857,0.00820775547385159,0.7806464650741545,0.03744323369285541,16.87429978902134,7.630503210267815
C01688,S1,0.017282280559974855,0.49649714409939205,0.09595067107814283,0.2812770257342627,0.12627515908820244,19.026807907491783,4.172454975277776
C01689,S1,0.33385801815194904,0.6251832265202544,0.014758447442847383,0.24033220261553018,0.11972612342136785,11.978991373329304,3.857922403511162
C01690,S0,0.18440431889167425,0.2419503328948721,0.2657490969629534,0.08792466142508018,0.40437590871709445,11.625406692588335,7.373642316047833
C01691,S3,0.5518700448043421,0.1608658415733392,0.4934062222540134,0.06602560840805714,0.2797023277645903,10.23504455906729,7.081263580308263
C01692,S4,0.10144152760431306,0.15300948656480223,0.08392114901932357,0.7201157776120373,0.04295358680383682,14.773189074738875,3.321275400422228
C01693,S0,0.13662540846636265,0.04439608788235321,0.0353443700726449,0.6791759116041347,0.24108363044086722,13.3339900599526,6.335813652707815
C01694,S2,0.42761762491327365,0.0186583696815941,0.27160817965292466,0.5937208347162,0.11601261594928113,15.87254552986764,7.924573616844802
C01695,S2,0.4523975932046208,0.6491232931165536,0.19982170890590512,0.09319448463746853,0.05786051334007292,20.418953317753143,6.1536722031839
C01696,S1,0.1413104318953641,0.3855552470114436,0.10927215310429407,0.17219141387194656,0.3329811860123156,18.636119271655797,3.7320074124542906
C01697,S0,0.008543519541490208,0.006584866343586679,0.06710570468126648,0.6350362563997868,0.29127317257536,14.586043687399343,3.3283909578399733
C01698,S3,0.779123863642235,0.3194951696789894,0.3455400696316845,0.1680905971470301,0.16687416354229606,11.783259880210615,7.537669914019151
C01699,S4,0.1423677012669615,0.24721651407787384,0.1562575393741436,0.2962457497183985,0.300280196829584,14.808903441656259,3.2055695934409583
C01700,S2,0.3127646607437357,0.0344106545400225,0.014986075181617126,0.8255066696504719,0.12509660062788858,11.14432859371156,4.521016945223767
C01701,S4,0.22784736237421688,0.07306785703582563,0.334398945346078,0.1250926508131604,0.46744054680493613,8.774993191178789,3.465856844430852
C01702,S4,0.6620987672491928,0.29090733327013174,0.18803862870326649,0.057541274058805277,0.4635127639677964,9.448031557799258,3.39471604731199
C01703,S0,0.0948826433683426,0.032398671704951164,0.18856624077646716,0.691940577267819,0.08709451025076272,8.315070622594435,3.215417500019865
C01704,S1,0.020726164358442965,0.01605638615565934,0.04228991199960119,0.8651908622749299,0.07646283956980969,9.604621081448315,3.069027955807054
C01705,S0,0.14553177970736994,0.15371048317831612,0.31399918551419265,0.4613302401513307,0.07096009115616046,19.72178249332287,4.924613341187093
C01706,S4,0.03705850232953606,0.09872902222302335,0.0044915741983730835,0.7621098913704025,0.13466951220820098,7.96256260844014,3.7695430898345945
C01707,S0,0.09903531380367356,0.16932796189312804,0.14034721769398043,0.5508699787999175,0.139454841612974,9.172618065307795,5.713008227546787
C01708,S0,0.05849326871720351,0.3271464171048982,0.22273589769740812,0.320382987140612,0.1297346980570817,13.804833363066933,2.613240755593146
C01709,S3,0.8008178552909286,0.1750042735155891,0.3609912047880731,0.3532864679040921,0.11071805379224556,13.910880738402028,3.5392786546081436
C01710,S0,0.15535443999758358,0.002889408742179631,0.0015307535756661956,0.9763076641747306,0.019272173507423548,10.069024147497222,5.3832376320489175
C01711,S3,0.5090086980819793,0.5680028232132222,0.30184429813350344,0.01695093054550457,0.11320194810776976,20.527065256373866,5.701626798083934
C01712,S0,0.0541816233034354,0.11135455860301183,0.13932528583730372,0.33190661371634345,0.41741354184334106,10.787663485205282,4.829601158485655
C01713,S4,0.006501082761040263,0.04289770607360206,0.4018100504847283,0.16866098402615332,0.3866312594155164,14.319204192469096,6.268176763423938
C01714,S3,0.7894309605505195,0.20949717331578507,0.7466385925391829,0.03437363195942713,0.00949060218560499,14.523386587202037,3.626360888515226
C01715,S0,0.33213294218624795,0.020194268938290513,0.7735582012037026,0.09316569196619723,0.1130818378918096,12.629167435612988,3.614571541989787
C01716,S2,0.3811094175564466,0.10045594526233774,0.050984787349597646,0.7192043287291571,0.12935493865890757,8.829156884218426,3.8963062471638983
C01717,S0,0.1375136515387629,0.4191215784619661,0.2055595917201443,0.2077358695947383,0.16758296022315142,20.0899646935133,4.552944918013039
C01718,S1,0.35795693668868267,0.011256209209809036,0.21730712074566494,0.7554722956246674,0.015964374419858606,12.342033306120205,4.2311306781233515
C01719,S2,0.6441392228097649,0.06760294459408973,0.2644794979345412,0.14409449562771143,0.5238230618436576,9.87772426001479,6.75030138756147
C01720,S3,0.8681757065001336,0.013164686535485264,0.05299112807083083,0.5224550425563359,0.41138914283734807,13.987508285613279,2.700922272225386
C01721,S0,0.11328305313997782,0.171038408808287,0.047333636185071304,0.006805739647144459,0.7748222153594972,16.172660742311564,4.226350142530538
C01722,S0,0.1642518663672341,0.4136843681618179,0.20221113288870546,0.16869756560559593,0.21540693334388067,11.33795957131285,6.997011272958053
C01723,S2,0.303904716276363,0.1219956901691221,0.36837992034350087,0.09407733187050092,0.415547057616876,7.848022481752935,3.589569088881276
C01724,S1,0.5447746223147887,0.049738892163006955,0.05460400810423171,0.004552317932582534,0.8911047818001788,9.32439440632345,6.480279044727773
C01725,S0,0.11263491335531774,0.04191031722591937,0.69811349150488,0.11846402887061873,0.14151216239858183,16.55647566781644,7.2028126379291795
C01726,S0,0.5671690934484734,0.4510519350885665,0.15194290092713014,0.3900784369346938,0.006926727049609626,7.2015815280413324,5.9930326463661
C01727,S0,0.36357828839519424,0.179693210460192,0.02916006220727008,0.04016346708293073,0.7509832602496073,15.26663802548698,7.705041970711314
C01728,S3,0.6746047267714373,0.2963279791446948,0.39067493279676474,0.19324496678941408,0.11975212126912632,11.096555103685002,2.183763241015609
C01729,S0,0.15865148793582062,0.048122175837273976,0.020952912565702097,0.23633891378276442,0.6945859978142594,14.147207658740218,4.306445336283243
C01730,S0,0.23404115645763338,0.18908339701657995,0.011142434415686532,0.10683937477643848,0.6929347937912951,11.818702362009486,4.243637980082916
C01731,S4,0.07551354655761343,0.25152063603750685,0.21187147419630212,0.281985864270091,0.2546220254961001,15.009680182476071,6.229248698301726
C01732,S0,0.10486588539789268,0.8167786292455319,0.0844719768451166,0.02741885766634012,0.07133053624301126,11.584591206570142,4.4341325020855225
C01733,S2,0.1312997155054163,0.11039278242166452,0.17196199030883735,0.14919609487587765,0.5684491323936204,15.180245379784818,2.7354347157751286
C01734,S0,0.07559171741411756,0.0727177223586153,0.4262757109626024,0.13517221644555022,0.3658343502332321,20.731490859023072,6.6602599229580495
C01735,S3,0.8677700375241091,0.023711786700807324,0.6976741814282378,0.22943726397298164,0.049176767897973254,9.39689840819585,5.307026682813594
C01736,S2,0.2573303361488786,0.08036578014807473,0.10372748628492216,0.33385094948316957,0.48205578408383354,20.615961099674116,4.773067617655039
C01737,S3,0.8356886252661476,0.4276684173588469,0.13980492875498954,0.29557205725817803,0.13695459662798543,10.65632474879345,6.927675951942938
C01738,S0,0.14121894967680207,0.35218960928734955,0.22868134114310623,0.22836531179052574,0.19076373777901834,15.065808976710006,7.960921429231389
C01739,S1,0.4338042908315541,0.7985351274966742,0.11514576313931925,0.027819980813954138,0.058499128550052557,11.596764228345897,3.9381764161293793
C01740,S2,0.35955389834837875,0.18076095960171726,0.13446416092311994,0.21858860285533455,0.4661862766198282,17.601359501557,6.37911702348079
C01741,S0,0.001301052808258461,0.4081032792411581,0.2052461736778692,0.3253466855515469,0.061303861529425796,20.419331195990576,3.1367178090352175
C01742,S0,0.0298333946323818,0.003876500827050272,0.4940001014542697,0.08116709000456335,0.4209563077141166,14.217073337733726,3.9526674384088185
C01743,S0,0.0771040086918103,0.6175323500554738,0.11631539908102415,0.1706324150750585,0.09551983578844349,16.337737356891367,7.801843611029364
C01744,S4,0.13961409371378966,0.17561112098797524,0.1687431025301199,0.32324195622782137,0.33240382025408355,16.336102505317356,5.860766367088699
C01745,S2,0.34480415973441425,0.1770272158372794,0.0042177105759443915,0.6123767021338684,0.20637837145290774,16.47025147068726,5.393980441702811
C01746,S1,0.14682282251746456,0.2633033592884729,0.10565845990423617,0.5415714678423436,0.08946671296494736,15.915469405976266,6.0728414430977615
C01747,S2,0.6705804897095207,0.003897913799690622,0.3234369948193512,0.20467328908579846,0.4679918022951597,15.554485048984187,5.1081011189775225
C01748,S1,0.1255279983371087,0.07319443940111782,0.8918461155338661,0.025755759292209423,0.009203685772806596,19.141568681495432,3.015781862701702
C01749,S0,0.06054387541843144,0.12950454189449445,0.553495753745999,0.02666876852393596,0.29033093583557046,11.048159247738713,6.089381462150483
C01750,S0,0.18472334347450556,0.40064403222694406,0.24396143030685102,0.22391128760276158,0.1314832498634433,12.963182872700457,3.302633553452109
C01751,S1,0.18490344138485915,0.3692615019619795,0.07330796465445927,0.3666763511784528,0.19075418220510854,15.072637374515322,3.0383616350860443
C01752,S0,0.0832501129609846,0.049108007697054826,0.06743628031901341,0.05515450577811529,0.8283012062058165,19.72415962240008,7.8075070843968
C01753,S3,0.8878609593463888,0.1529145811483215,0.21878912540244325,0.2857944540691019,0.34250183938013323,8.578033429897197,2.614443615629731
C01754,S3,0.45367819532918224,0.2778507935185097,0.3328398307010995,0.2910802920758798,0.09822908370451088,10.585895335738964,2.8897590712881716
C01755,S0,0.3930598728350549,0.15240342514901742,0.0698985440506457,0.39088304167425375,0.3868149891260832,8.591769602357784,5.407807758331479
C01756,S1,0.26020151656710755,0.47944611764449757,0.2919418081839692,0.09693148902984133,0.13168058514169204,14.004748372571322,7.119654871639024
C01757,S0,0.03213856581077745,0.3709020166009434,0.23485318063692565,0.11518496074384044,0.2790598420182903,18.32953123788227,5.906570920699893
C01758,S4,0.13125882947241285,0.6181471500065446,0.29939379499488966,0.06672313000926171,0.015735924989303825,9.217991381090489,5.935716385839262
C01759,S4,0.24841687795716505,0.19897149157241362,0.2923279812849388,0.12268450824706904,0.3860160188955785,11.392220605951865,3.38486447176487
C01760,S4,0.37927389996885286,0.1127116873638745,0.1949492715495823,0.6413624300818871,0.05097661100465623,11.375937432062308,4.714187650792612
C01761,S0,0.05039843209674321,0.03394586128201735,0.8084754649292321,0.0875927241286831,0.06998594966006767,8.88321232915026,2.397408048538039
C01762,S0,0.22486000832542627,0.012158600162611524,0.24489479282226825,0.0793614375343772,0.663585169480743,15.648245012272985,7.567881168673826
C01763,S0,0.0414975334706874,0.7782662639446446,0.01015675300718596,0.00275657593302725,0.20882040711514233,20.710083618228552,5.013192802440166
C01764,S0,0.15653623485181084,0.8627750375979246,0.004591935652069482,0.1295827760685455,0.0030502506814603157,18.98581540366054,4.4793910005742905
C01765,S0,0.3119409768059028,0.011649125000197807,0.312348193939652,0.04955988638010278,0.6264427946800474,12.251778673542635,2.5278216559629487
C01766,S0,0.20925064364855936,0.37503451849446495,0.14244020777751512,0.38229346346317855,0.10023181026484147,18.739666894772228,3.680622228029099
C01767,S4,0.1996139730027323,0.008542369386238499,0.8744316107288503,0.052238689317287125,0.06478733056762391,7.033580402679103,3.816789183763621
C01768,S0,0.12900143639987602,0.0554738108509268,0.6302342442194574,0.2904311432869069,0.02386080164270886,8.045518322674134,2.2792491835891564
C01769,S0,0.20992234013314515,0.6598517630352015,0.14406652386771188,0.15469401768462115,0.041387695412465425,12.222166290404434,4.020530193102289
C01770,S3,0.7397336883076283,0.2751581542698731,0.31375325403286586,0.3984690516277239,0.012619540069537128,17.00138609963747,2.973633628239535
C01771,S1,0.35952441798293217,0.1147071536093609,0.5131450006355857,0.20189618367685047,0.1702516620782028,8.919995013148103,2.095044744781741
C01772,S2,0.09705667735804731,0.09204789885136194,0.40485926378095327,0.19268600492754107,0.3104068324401437,16.259392044874673,7.338987623941918
C01773,S1,0.11057758289190298,0.28717505720080705,0.08762929232013392,0.17199621723898656,0.4531994332400725,16.635658761814156,2.642224121313724
C01774,S3,0.4839780934655732,0.023489649933027573,0.07372740990647302,0.8438368077267967,0.05894613243370259,18.352034673493954,6.3260325331401965
C01775,S1,0.07975446673010127,0.6307597322394989,0.2216421303995481,0.03328047205654382,0.11431766530440927,18.37116156197598,5.46315203533069
C01776,S1,0.23877189373928553,0.06094591658485576,0.09183396503707511,0.3352628692219259,0.5119572491561432,19.462445782888153,4.1698439173508755
C01777,S2,0.16600071400886188,0.07660565984823166,0.8973573735211183,0.006030594261707006,0.020006372368942874,20.640027492991923,6.19877821264268
C01778,S0,0.014020589955453628,0.14236876316936284,0.15307757991191606,0.18800584356060185,0.5165478133581193,20.571299847509543,7.007917999245046
C01779,S0,0.10827219456249919,0.4810224026839926,0.21938872376930482,0.1600421408156138,0.13954673273108878,20.035226477363118,6.907516870846655
C01780,S0,0.15490631194403368,0.19339406760880087,0.4591481059846887,0.34580998166333554,0.0016478447431748098,19.455446245211505,2.885386262263058
C01781,S0,0.055489304825808744,0.30472675667560284,0.22202320887979662,0.09707218029648536,0.3761778541481151,17.139304599391693,2.8637664699986543
C01782,S3,0.6638097712111926,0.00011912182294971063,0.05589734578477945,0.32785254065168457,0.6161309917405862,7.332206415947189,7.280347040358658
C01783,S0,0.29522127632035156,0.7401576122284178,0.02028364494439972,0.09484529745836758,0.1447134453688149,19.446003948553766,7.2460841382967836
C01784,S0,0.10496697552882041,0.12103261573494821,0.047070778598919276,0.3265523843046483,0.5053442213614842,20.620553267889758,7.1436851147222535
C01785,S0,0.06778769263352234,0.3648717363828115,0.38595050705606154,0.2267234947772445,0.02245426178388249,14.30357435025077,4.706691653191444
C01786,S3,0.7845594378115065,0.13071654070995659,0.7843147526897697,0.04827936398845077,0.036689342611823016,19.542749582388247,5.992209434746241
C01787,S0,0.2064409005842876,0.13089479080237662,0.46815741095100505,0.21091249446583699,0.19003530378078134,15.637068592983763,3.2511163616238146
C01788,S2,0.3209379377920401,0.09096751918707748,0.3227943771493735,0.29312907975597,0.293109023907579,13.654650476066765,7.971000712324621
C01789,S3,0.6339598467589921,0.7819509991414766,0.040792543494918926,0.11157123905025339,0.06568521831335104,8.351342469228292,6.860506037020542
C01790,S0,0.16596506067357122,0.001790536536375074,0.15466651488531677,0.3347494946085134,0.5087934539697947,12.051871420056901,7.042267131572553
C01791,S2,0.21453616397356653,0.38417959941378105,0.3016145938013952,0.07379509505400807,0.24041071173081568,18.369531213820565,2.7835823254079957
C01792,S0,0.06664183339580473,0.681153571025215,0.14177033261231237,0.1324676968919867,0.04460839947048603,18.13235159327297,7.599327231702765
C01793,S0,0.09412467609863974,0.06759780631158985,0.1417298015425438,0.7082297740309065,0.08244261811495979,19.720788690236283,3.4916165885094004
C01794,S2,0.07588613096473469,0.31804932010207543,0.2241360680570508,0.23611010547279573,0.22170450636807806,14.029674079906687,4.799449335923941
C01795,S4,0.03378360228928213,0.37473857898525625,0.21594631423579164,0.18485834455597405,0.2244567622229782,15.860075389686632,2.064996038154714
C01796,S0,0.05007538867175035,0.3969759504102908,0.286854448724872,0.22804136057556473,0.08812824028927255,9.983505351112012,3.4564689899426213
C01797,S1,0.10023036358349946,0.2912473574754635,0.2524994071083107,0.0914545193641202,0.36479871605210556,8.455130073535503,4.634566837576357
C01798,S0,0.11987729430075736,0.25863421375502593,0.13097396481436308,0.11820166715871575,0.4921901542718953,16.00091873734936,7.368138571879474
C01799,S1,0.25261376089546267,0.22378271958649898,0.6065791107723603,0.13872626754927564,0.03091190209186503,15.333032118307862,2.567940288690375
C01800,S1,0.1785774720868424,0.019911689380326357,0.03937160746012101,0.8049605825174804,0.13575612064207232,11.926643056910468,5.5503818364474276
C01801,S1,0.26391000975899914,0.2100089635072177,0.4280872563414264,0.2115791538315193,0.15032462631983656,19.597653327801638,3.3772846944717303
C01802,S1,0.28279044826531446,0.22081563704093193,0.03617068086331622,0.09995199821964228,0.6430616838761095,18.120530172654775,5.9449020385496665
C01803,S0,0.17267825486545693,0.20176885726859942,0.32977384902217943,0.2568986060328215,0.21155868767639974,10.750448679266457,3.037762321845084
C01804,S2,0.15035072286335355,0.035943774386938944,0.7491990890496097,0.15223353648724766,0.06262360007620375,9.303281162080737,3.560800019062161
C01805,S2,0.3798257928224481,0.6664685519423686,0.0825725445099924,0.06906133828902954,0.1818975652586095,11.486264215245944,2.964692456054245
C01806,S2,0.48572498522720936,0.03558129356927268,0.03166233407320282,0.2948328655192111,0.6379235068383132,18.604197413585823,4.779495058771977
C01807,S0,0.0030134203800672166,0.1924644721643127,0.25444531874124804,0.16609024264002892,0.3869999664544104,19.83817260867343,4.559160650868965
C01808,S0,0.00889308328334766,0.012897235840159586,0.07852671971046554,0.03704466181395821,0.8715313826354165,17.963378211036787,5.94883007985465
C01809,S0,0.2367804555252884,0.015871113549997373,0.017869876570519104,0.9125101267661759,0.05374888311330764,7.658939988377809,7.117063694474707
C01810,S0,0.24423963470172744,0.06793419668782112,0.4616381713947718,0.19194632111022994,0.2784813108071773,12.88125140911681,7.7105166770330085
C01811,S0,0.20354179057417424,0.13161246668317497,0.563509090266048,0.18766066036592438,0.1172177826848527,20.890846839115124,6.062842937736448
C01812,S0,0.10526835127447196,0.1563539931559551,0.26518896205140324,0.4562594624548491,0.12219758233779243,12.846289222606273,5.596887536235759
C01813,S2,0.68571431924644,0.10190471950711885,0.07132535128751502,0.12739232224690747,0.6993776069584587,18.504247286565843,7.932729292449163
C01814,S0,0.03893712261463836,0.37587165898512176,0.263803384554172,0.31424868981304704,0.046076266647659,10.947220330491085,5.323125985338676
C01815,S3,0.947757787089386,0.10559491880897472,0.40539531653620886,0.014787180715242937,0.4742225839395734,10.997323352444374,2.9463770489139165
C01816,S1,0.2565519359232288,0.09543648473241675,0.061833692588970056,0.016830313561045664,0.8258995091175675,18.374330841959626,5.90131983485745
C01817,S2,0.5170047319662184,0.8230584953358787,0.0021334082808691012,0.14216080577788548,0.03264729060536674,13.446551098937201,7.0408857019233135
C01818,S0,0.25198267573303196,0.6251944401031441,0.27421408489371063,0.01422621567531574,0.08636525932782939,13.688741958211136,4.292845249527806
C01819,S0,0.4006693887996163,0.05947303943483783,0.7100810834983134,0.017397716078229097,0.2130481609886197,16.402972276928732,6.4346819115821505
C01820,S1,0.17026580682862696,0.1912526674729764,0.1929054784130497,0.5022585692687385,0.11358328484523547,16.154343085275745,7.2083771250507915
C01821,S4,0.302104539747874,0.01140415251482787,0.25557638433063534,0.043013433560738126,0.6900060295937988,9.059974296700684,2.8773945987944445
C01822,S0,0.2604584705831944,0.29022179157769207,0.22329122365319504,0.44524034389648803,0.041246640872624966,14.134927300250387,4.104794229609356
C01823,S1,0.15095087077487118,0.25384956645731493,0.19410987358452264,0.08550350544262295,0.4665370545155395,12.685181729029736,2.7658737154392847
C01824,S1,0.30295194558434124,0.3508154436007995,0.38528719557674573,0.08909668380951065,0.17480067701294416,10.719403610221375,4.215832445193078
C01825,S2,0.4376567432116151,0.2698621024191566,0.6498971450496576,0.04982853087716943,0.030412221654016598,13.857379670348827,7.783844983447428
C01826,S0,0.08448942759604042,0.6984344347197015,0.22797972290006077,0.04836353729172056,0.025222305088517208,18.931589248168113,7.887322259623677
C01827,S1,0.2579554829702004,0.07559366345677733,0.01798060566343285,0.8946729347543513,0.01175279612543867,10.991197046207024,5.726976837020001
C01828,S0,0.33104150472726657,0.16319784355006287,0.23593181988376874,0.25258558509463286,0.34828475147153554,10.32905018889365,4.500394938814647
C01829,S4,0.1919392332334098,0.03428754995708718,0.016219153338967562,0.8455933319617508,0.10389996474219447,14.29464357147054,6.036287630422743
C01830,S0,0.40586942115187646,0.2579007602988464,0.570721904192242,0.14657529883633974,0.02480203667257179,18.610722125355665,6.522212568980676
C01831,S0,0.11248350088222216,0.09130599607526031,0.0015970842732143304,0.06530678786877395,0.8417901317827515,18.348334336767806,2.377887506710474
C01832,S4,0.3509530111501852,0.02215004334174296,0.46563105974591523,0.08569344905957658,0.42652544785276514,18.824983889506573,7.538609736131027
C01833,S0,0.08242200388992732,0.2607238489587653,0.09813452183463567,0.4672021013257298,0.17393952788086905,11.460506767916844,2.1066255905233993
C01834,S0,0.0420892346605726,0.36989021195142724,0.3323566144065736,0.023455252806751474,0.2742979208352477,14.084347753889489,3.4198570082493376
C01835,S0,0.22028545090926452,0.5033349635194726,0.04847680840475731,0.13068419492825542,0.3175040331475147,8.115822724070359,4.144437526477137
C01836,S0,0.19949812427829736,0.04259771803946545,0.09535719510134913,0.7748263346917481,0.0872187521674374,17.806585719307172,5.765519513761161
C01837,S0,0.08800464628277466,0.07692970190643456,0.24781972552216272,0.5914116746716448,0.0838388978997579,15.042134989590538,3.2967468058730924
C01838,S0,0.22288511935677857,0.4865808907243959,0.002356977608028159,0.42576465021561716,0.08529748145195876,18.69044130420385,5.466470114726189
C01839,S2,0.2584322690386721,0.7808712013687068,0.009779725832244493,0.1069924287726652,0.10235664402638352,9.959924168761244,6.047063588260398
C01840,S2,0.28669634519995063,0.020946677160908447,0.0026410148956479296,0.9014499849862728,0.0749623229571706,12.20399696140757,6.214139541459678
C01841,S0,0.10221750952216972,0.33046404857918066,0.2889950974635543,0.1643050667603431,0.2162357871969219,14.272739354915057,5.435350830287246
C01842,S1,0.2793123034548337,0.06091395281058732,0.7378675687479065,0.19032872565150136,0.010889752790004918,16.182934190157507,5.848588487793607
C01843,S0,0.057606785459066716,0.06680984146020699,0.14041004330221757,0.2063612888539997,0.5864188263835756,20.619347240278845,2.917409299787079
C01844,S4,0.07239994249545625,0.0447336564699117,0.3935538985524771,0.219340980752645,0.34237146422496617,13.591295124381077,7.069876349362032
C01845,S0,0.4354513659431813,0.10753790072439545,0.6550879490408964,0.20221296903121605,0.0351611812034921,20.991720204298375,6.319860644914523
C01846,S1,0.39413434226968996,0.0270222679047954,0.5338581118760363,0.2565523781867564,0.18256724203241195,10.315892268373682,2.564950578988424
C01847,S0,0.41604320450298443,0.013661265935865958,0.14097268026106852,0.734437707222182,0.11092834658088348,16.01104545914521,3.2125047114518104
C01848,S1,0.3190561191925115,0.0005396811196384412,0.17045392024623718,0.36113388480804354,0.46787251382608086,7.014606438992036,2.138796357237782
C01849,S0,0.20888580668372536,0.3426047051555436,0.11845992646438677,0.3099824742225082,0.22895289415756162,14.51051701179375,5.677574073053256
C01850,S2,0.2955829461602939,0.0744073014025571,0.005651588257898858,0.6561409369163042,0.26380017342323997,16.187965569540545,7.251702966301167
C01851,S0,0.09948010698935782,0.9079548482681916,0.053879136434095955,0.037835081841502125,0.00033093345621021115,9.700582005505282,2.9208329073400074
C01852,S4,0.3803150441861123,0.13380586679010317,0.002462650717006168,0.8194425297616273,0.044288952731263244,17.037613981968224,5.37145455178954
C01853,S1,0.34657476379769686,0.1268134042125755,0.037038549480526026,0.20432832158574735,0.6318197247211511,20.465519487314236,7.0861289280646815
C01854,S2,0.30045850362074006,0.22801329634608586,0.5087602503778569,0.10363729315496167,0.1595891601210957,19.223342499048826,4.136086610620436
C01855,S3,0.5024029182534541,0.5032344315845659,0.09307897654912688,0.1535883292782948,0.2500982625880124,18.62837496385459,4.963759605787592
C01856,S4,0.33553212856547737,0.014279680819390983,0.7752848448840992,0.012112969475766688,0.19832250482074296,20.482856957506996,6.441137173120658
C01857,S0,0.5033785592826194,0.06023119790580662,0.012661576538910117,0.24045839819758724,0.6866488273576961,9.14668326709704,4.132421083557182
C01858,S0,0.08027152255742083,0.02843796020427809,0.02302658387942635,0.27100484937829983,0.6775306065379957,13.954804464749621,2.1122282313275784
C01859,S0,0.23025372354376514,0.36975593854321337,0.145335656358466,0.36538212337228243,0.1195262817260383,8.405753214776597,5.142594047160713
C01860,S0,0.30978326636544734,0.17525566694956118,0.2354753537370773,0.4010139151140018,0.1882550641993597,19.95031124531058,4.63117490310391
C01861,S1,0.2613909476141057,0.2721898492151225,0.22393052996407153,0.18661281137817606,0.3172668094426298,14.368342644566631,2.6898089688052984
C01862,S4,0.2515493884687283,0.12045186230546945,0.23081132848322386,0.12349594890134338,0.5252408603099633,11.766558184588268,5.035529881757546
C01863,S4,0.18028308723084543,0.027177443148835953,0.3628284525742804,0.19597888954584441,0.4140152147310392,20.47800059727677,3.1967159736222426
C01864,S1,0.1838596663313646,0.6314163547680172,0.22932737888980317,0.006740964533713003,0.13251530180846668,18.12912270645758,2.809148494390484
C01865,S1,0.06861638647154564,0.12419922011679892,0.15926126563108423,0.34912984725671564,0.3674096669954013,19.080824200247665,2.3675738402946207
C01866,S3,0.7783686312338858,0.07694229570282951,0.010008874567350915,0.7078392807457656,0.20520954898405394,13.637200012401696,7.86288759498221
C01867,S4,0.23679373169258716,0.04193629164898678,0.6824212140927389,0.0925299379410098,0.18311255631726436,12.581892379113068,4.044447626480751
C01868,S0,0.22136220218036548,0.2382392199660654,0.005647819123144384,0.12378059142706412,0.6323323694837262,7.193507058265164,4.549691940111202
C01869,S1,0.4305978135295535,0.6157894338987202,0.09899155241707079,0.2607351911156311,0.024483822568577958,11.33943189588593,6.06778138645481
C01870,S3,0.8366787494036346,0.11466339713514026,0.37512898711100673,0.4829762093297503,0.027231406424102864,13.491474684204876,2.6312375598831728
C01871,S0,0.3445536055395189,0.11213571215998387,0.07942206477518284,0.2904776685584735,0.5179645545063596,8.900895374118774,2.339488303189465
C01872,S0,0.24601588573364044,0.17580465291015027,0.3656783946811003,0.3821942965424474,0.07632265586630217,18.857876403712243,6.5803496982757474
C01873,S4,0.2638070382287252,0.6892577776734921,0.11350438287850574,0.15454640067596553,0.04269143877203668,12.998787887315647,7.848550738667479
C01874,S4,0.1947410448350322,0.22076486920180186,0.5830803186295163,0.16180973892456593,0.03434507324411611,10.477456797612453,5.713748949559879
C01875,S4,0.09750519522712665,0.2991114837217571,0.250338748386718,0.06703561136520564,0.38351415652631937,10.827453893674047,2.6715687935863195
C01876,S3,0.547441694137346,0.13566240393385412,0.8294709006340254,0.010165646512588047,0.024701048919532394,10.800832413080679,6.022518678525534
C01877,S0,0.0521672467564524,0.18324843369621144,0.18206928083928844,0.0568695010841762,0.577812784380324,17.907296604793604,5.93351700798966
C01878,S0,0.008177486301647049,0.009729163222704916,0.7612474287670888,0.0887782171332104,0.14024519087699597,14.534013323968875,4.32233906881857
C01879,S1,0.2605046406988257,0.14546042760986905,0.17559385488012524,0.14908657590473126,0.5298591416052743,18.947568237343148,3.211996762567322
C01880,S1,0.12309763880307184,0.2229580031696537,0.1797053318316841,0.2864801603261722,0.31085650467249004,14.165209616119816,5.849271274357808
C01881,S1,0.3680133412044038,0.20336429481282514,0.67759019645979,0.10380465935393061,0.015240849373454303,10.282130408507854,6.274516082917039
C01882,S1,0.3217941164927649,0.30818639029663,0.05423791884666684,0.09859957230945217,0.538976118547251,11.783485710809934,3.9656356179745704
C01883,S0,0.1818978492680119,0.39455966705375256,0.156743997646162,0.33380054909021367,0.11489578620987195,11.902740955623257,4.083743487781377
C01884,S2,0.27314340357391975,0.44785466918312256,0.032145164793232345,0.4450205770171219,0.07497958900652331,19.91699222284859,5.725507036332995
C01885,S0,0.21008245397545508,0.0999103941728842,0.02687661870416649,0.8073601913232068,0.06585279579974246,19.754997252942168,3.1025372213699356
C01886,S0,0.24486554046774553,0.02795941563477774,0.5641638196398195,0.19271006448389175,0.21516670024151083,20.79772022953278,5.459876352683422
C01887,S0,0.05345153614406,0.04049324490975492,0.021549416748613954,0.937273118965878,0.0006842193757531479,19.788489772993927,7.762215387883053
C01888,S0,0.07615758883838786,0.6140204747670168,0.1610396576845364,0.19843938882676546,0.026500478721681448,13.235891146545713,2.2324353381086124
C01889,S3,0.721189285133623,0.10021433597875815,0.20398068730253863,0.21036681022437306,0.4854381664943303,18.5675078761017,7.659150682573136
C01890,S0,0.16019565991683823,0.14603584721550458,0.0778855552179924,0.5764959878278189,0.19958260973868422,20.11169111525853,4.726350267173931
C01891,S0,0.2171064314258646,0.8041669070135085,0.048971868999228875,0.10783705812832402,0.03902416585893858,11.885722310253001,2.515578796780226
C01892,S2,0.4008267148029618,0.4077166156869811,0.023520348546303006,0.3223253828858268,0.24643765288088912,11.837827690020418,2.4092548288243023
C01893,S1,0.3561398416531555,0.12259427373120589,0.2728754363274178,0.5639242061412176,0.04060608380015876,8.807530142390682,5.612577287521026
C01894,S0,0.1728020491206152,0.1937726354640986,0.24405367144280332,0.2031084901924611,0.3590652029006369,9.815887677114835,4.988670117756978
C01895,S0,0.24400475672734492,0.7641899445542174,0.1449353183958914,0.08054844937504752,0.010326287674843622,16.09801664672821,3.2877975846675467
C01896,S0,0.12010099593900402,0.6432313303638078,0.12804992723901062,0.14784704756064915,0.0808716948365325,18.29141520720266,6.024631645438835
C01897,S2,0.25402063564857025,0.41748543246550585,0.15473309190142673,0.222565046835698,0.20521642879736943,12.748222147959563,6.19569898060064
C01898,S0,0.15796149128555553,0.03966951131634085,0.03402818601317987,0.12356279855673916,0.8027395041137401,13.807632622014133,6.724749401826187
C01899,S0,0.10960800074831709,0.7031895609180945,0.10850612334687447,0.1119065124607751,0.07639780327425594,20.109365319483395,7.985300062729077
C01900,S0,0.27144859991031245,0.0007059888434215804,0.03032159474978741,0.13626521714617204,0.8327071992606189,16.825865318652696,5.320251764817376
C01901,S1,0.3375399284883662,0.08531650249380834,0.25664727839688173,0.38291311323376553,0.27512310587554445,8.877602188712267,6.604844224000566
C01902,S0,0.20225519825277527,0.17398871906973104,0.14788493496818952,0.14065774605394346,0.5374685999081359,13.72761026853515,3.259264393662457
C01903,S3,0.7379645525142303,0.0791385475982554,0.17725670842717597,0.4850758876805461,0.2585288562940225,19.22220549694171,2.726156592874631
C01904,S0,0.06505581364144111,0.37331387570902824,0.6192863344752966,0.006116325208958723,0.001283464606716488,18.023672302727775,2.9693192923187204
C01905,S1,0.36310894966299323,0.3232235578275091,0.1810199161503769,0.0002316808140816826,0.49552484520803236,12.792717755937623,4.1731376877496515
C01906,S0,0.08626078999487104,0.036904812983672854,0.680112327810345,0.26691125152076006,0.016071607685222065,7.834621602830323,7.927798200605966
C01907,S0,0.15032779399513083,0.7979390400269136,0.10422137110083975,0.06757416120429467,0.030265427667951886,14.879918329749932,3.925912695718284
C01908,S0,0.14963722830358678,0.11447470790811635,0.05347537488564135,0.8198009130206082,0.01224900418563404,19.670980372713196,5.158171368891193
C01909,S3,0.7231948468301995,0.6542063769547121,0.2933337709172179,0.048736630936225205,0.0037232211918446882,15.92970715069547,5.752227919183193
C01910,S3,0.733364943809445,0.5439190879210981,0.12672724675929334,0.1875576180122398,0.1417960473073687,14.059505243692026,3.293012075344451
C01911,S0,0.19062611261281087,0.3022939196741542,0.18399294460400867,0.3260573165703577,0.1876558191514793,13.809711748445068,4.05342161140296
C01912,S0,0.1504585473409418,0.21787830831261817,0.2180659559192981,0.455527437359715,0.10852829840836885,17.785076486556335,6.949075647134302
C01913,S4,0.21341460328808076,0.3256238570502728,0.18622072701616932,0.08905787804201583,0.399097537891542,17.691232042038113,5.96287254393132
C01914,S1,0.2424742664757825,0.06181879483446085,0.7291512634155387,0.08763948455814599,0.12139045719185451,9.27356558771233,2.2184788240612052
C01915,S0,0.12496339123079714,0.203215422896309,0.09341798814492996,0.42034947627175984,0.2830171126870013,17.315639902534517,2.208194551346084
C01916,S0,0.1767919575561586,0.1787968799017271,0.2824021640970368,0.34676478626997126,0.1920361697312648,10.995670102788825,7.3351396176978305
C01917,S2,0.20265312877520378,0.3653833734560979,0.035409830988339046,0.5464738660083693,0.05273292954719367,11.921674371553541,6.41983840310505
C01918,S2,0.4284586117864484,0.1285175599086039,0.20567546154486538,0.6165450715898706,0.04926190695666014,16.45178426229399,6.5640447175206225
C01919,S1,0.07984051051553764,0.07311378177635706,0.023616917195696255,0.8145720430470408,0.08869725798090602,17.974116450053394,2.2954370228787973
C01920,S4,0.4638341223449726,0.24886571074908423,0.6245805110032371,0.0035068495792237604,0.12304692866845496,15.270037132201313,2.603540482100028
C01921,S0,0.26868426829980974,0.1118084382727416,0.6474279708337694,0.04904569114453035,0.19171789974895864,18.265800921916217,5.187890171263993
C01922,S0,0.17314924766009218,0.14869571305600154,0.05547721277355407,0.6027002874368139,0.1931267867336303,12.995512981837937,3.3848707998536067
C01923,S0,0.037825480821369994,0.07697977458223718,0.032420252656357354,0.09816688548401857,0.7924330872773869,7.635166252274682,2.3232710459650923
C01924,S0,0.021777716427046467,0.6268460196573881,0.06239933589206249,0.24425022383700043,0.06650442061354901,20.785480085317797,2.7639760530421373
C01925,S0,0.10952705858813273,0.2216230120004981,0.19559817477729566,0.4337584689240785,0.14902034429812777,17.98239752166601,5.644640709173965
C01926,S0,0.27886872686955755,0.1522849242915447,0.10894845159032156,0.6843904558076433,0.054376168310490365,8.450120387495762,2.616673876955637
C01927,S0,0.13602502834296418,0.531385060628043,0.13821567721370254,0.0174399898393677,0.3129592723188867,13.32473120727047,3.54733114682337
C01928,S2,0.621742356542972,0.2352754024685093,0.0682835667543226,0.6879905363135235,0.008450494463644645,15.58904716510535,4.693706811676808
C01929,S0,0.3308344882662941,0.05077536107648896,0.07264478470584002,0.7368189287842463,0.1397609254334248,11.008961005080007,5.825555466904396
C01930,S0,0.15744075547787323,0.4648024334213835,0.19328590289428235,0.2506046796986091,0.09130698398572508,17.53143311180384,4.365786378105154
C01931,S1,0.24268119110428218,0.05573026735364511,0.3402327068220152,0.2067187130222018,0.3973183128021381,7.152193418192541,6.585196290398933
C01932,S1,0.42939153221424176,0.15739505816740176,0.345332481140302,0.26189044445934606,0.2353820162329503,7.707527587587844,2.8335309848812655
C01933,S2,0.06086234740784433,0.8216792976669478,0.05142653864688029,0.08310009541056651,0.04379406827560539,19.581395406819453,5.805854761457864
C01934,S3,0.8976718195502122,0.5502849092082069,0.0182229343683926,0.050174565402525684,0.38131759102087476,12.745436303106919,7.868792060340806
C01935,S2,0.5612866661071343,0.27828503082530087,0.20269079016764108,0.5102046872308463,0.008819491776211767,16.151875351746433,6.015278195885184
C01936,S0,0.14524206381862845,0.19863982988225898,0.23388084877378174,0.26877848954824674,0.2987008317957126,20.850956463175063,4.276505848210245
C01937,S0,0.16955793251856688,0.18102682822061525,0.08706764789778654,0.4200472225217792,0.3118583013598192,10.056532621642766,3.36377666283164
C01938,S1,0.30678358304338854,0.0867854845969858,0.28717671370257747,0.4312089635321138,0.19482883816832294,17.084379953437878,4.994005192451198
C01939,S0,0.16199886696343943,0.6744390345691906,0.09825375882405829,0.004977102537165112,0.22233010406958587,8.753472147763745,4.911171679458273
C01940,S0,0.1681011639628005,0.5039934999668709,0.052197057596334695,0.4034013342175237,0.040408108219270544,10.545474265944817,7.076809610788764
C01941,S0,0.14499549546818735,0.31741009036350826,0.20454466215226375,0.44572145863731605,0.03232378884691207,12.970744219704834,5.723237581489683
C01942,S0,0.4832752449944225,0.010321498509808603,0.08920343186706324,0.008380287228409777,0.8920947823947184,9.806606887755196,4.691232091468121
C01943,S0,0.10414678636169779,0.029300108661848918,0.7855310954841527,0.013978279583234473,0.17119051627076393,9.97954339085711,5.490423296041562
C01944,S0,0.2867419905744067,0.09413940225098347,0.3207161023212027,0.19018485342818564,0.3949596419996282,16.33098268773982,6.366611306242885
C01945,S3,0.8532815386485211,0.2904231709063991,0.23965153685495427,0.35019114819417446,0.1197341440444723,11.620036805128985,5.23094915026185
C01946,S4,0.4240034019871736,0.12086936499821528,0.1916951804046972,0.3007701544659512,0.38666530013113637,12.629741131037042,5.478466871875592
C01947,S0,0.22435061519544214,0.11759301624351168,0.0997539953529108,0.2676872627128189,0.5149657256907585,15.230669953910082,4.203511344304598
C01948,S4,0.38371575306670935,0.024731212429151196,0.22600148172844223,0.6285957535187032,0.1206715523237032,16.975535495769275,2.40865830491905
C01949,S0,0.06026562980749146,0.9499902848803127,0.01108389119497465,0.017832190742575818,0.021093633182136855,12.979244171995493,2.7261580394685563
C01950,S4,0.36116963587959816,0.7540500965997045,0.04272081631218349,0.18006802794516527,0.023161059142946576,13.940673217783406,6.97987431931981
C01951,S4,0.04408571085146914,0.21846625973319955,0.3419168072000318,0.33169662993978016,0.1079203031269885,7.0733431345956745,7.758033511621448
C01952,S0,0.20929172707194177,0.847823412097645,0.04744607939751297,0.07228271019152706,0.03244779831331489,18.717817735745108,3.1807044664112176
C01953,S2,0.33446375610392304,0.5435877223271749,0.07308832942104247,0.31997112836677716,0.06335281988500546,9.827069768127405,4.934433398133379
C01954,S4,0.28555281698928214,0.20018477394415823,0.19523283990583573,0.35717619809691487,0.24740618805309122,13.137659431350752,6.161650112724889
C01955,S4,0.6241189370169307,0.12786804213640815,0.5077319590952285,0.12459199604012713,0.23980800272823619,8.760982667886765,5.7015502497953445
C01956,S4,0.06394338888541475,0.10700378064529344,0.1536018594036481,0.10313954000752518,0.6362548199435333,7.970229643049347,7.176256093306505
C01957,S1,0.38317546915527356,0.09788032421569276,0.20544520015647136,0.2761724321616113,0.4205020434662245,19.430204161070805,6.612233333920234
C01958,S0,0.16132611656067813,0.7267992387008977,0.10785020719315165,0.010252414686226697,0.15509813941972395,20.70059538074208,3.293452667663077
C01959,S3,0.9318924682698723,0.7519819001469413,0.19587612247948386,0.027066826535490883,0.025075150838083968,20.304235224506037,5.039155492883236
C01960,S1,0.3487657727665391,0.18257416158813325,0.005142072433709254,0.35786541065157995,0.4544183553265776,13.433862451448368,2.4684984494779942
C01961,S1,0.13351307145092836,0.6155847636390324,0.18121007691129432,0.13800412491365047,0.06520103453602301,14.413706086226348,5.226881423822675
C01962,S0,0.11353106036738934,0.7615133126269102,0.00031868232496514863,0.23039334035434078,0.007774664693783674,13.082360179408386,7.805057744036606
C01963,S1,0.4442428928139605,0.125257446615408,0.4630535263034143,0.2727653452001494,0.13892368188102838,10.527014306959423,3.3456414579964617
C01964,S0,0.20569493100400293,0.027343229911744097,0.11922530800566454,0.8038317191544643,0.049599742928127015,19.708508993048014,5.802962708162492
C01965,S2,0.19800753158142761,0.10116277816220148,0.7666073540604078,0.03477317236050644,0.09745669541688426,18.03708075379621,7.0413618516273555
C01966,S0,0.013983985845426022,0.5457447866219678,0.1742432309024526,0.04135039003311781,0.23866159244246196,12.275633345350881,3.3670576060501345
C01967,S2,0.4650132588570152,0.05684635529193857,0.19064036293216546,0.6253386573731622,0.12717462440273375,7.290742778158901,7.675975877265219
C01968,S3,0.9523340289452363,0.804237593379355,0.08511042640352239,0.023851182901511513,0.08680079731561123,19.016459312419478,4.411970619663279
C01969,S0,0.2789451732489947,0.19044484069072057,0.42554113588579007,0.3266133281994079,0.05740069522408131,9.463642450495357,3.869065445151562
C01970,S1,0.31270858377384864,0.14378119372430628,0.02461235767871989,0.5227991626719262,0.30880728592504747,19.413681810984727,6.892021390797948
C01971,S0,0.6604776238960453,0.4571105735430102,0.07479698993999878,0.2590334941613998,0.20905894235559125,11.036492456106362,3.5147359763403117
C01972,S4,0.13629658495955563,0.2506537195454461,0.16650395846668498,0.1273379708201543,0.4555043511677146,15.407686747407343,5.880980858467049
C01973,S2,0.5358132656834083,0.0058508394708312005,0.9567593567575746,0.02234158886660988,0.015048214904984224,7.418763872203893,4.497984784776068
C01974,S0,0.04271728622785498,0.01279505699245025,0.0255212748740156,0.5306052380120578,0.43107843012147623,10.75150822590954,4.085450059930785
C01975,S0,0.15956328778680265,0.20866536130439878,0.507448634133264,0.21102961810364235,0.07285638645869484,20.404134067338166,3.9466567435126474
C01976,S0,0.19235464346457276,0.03850809351823501,0.23024049787908343,0.015901942836849592,0.7153494657658319,14.841295828712015,6.191043200832329
C01977,S0,0.19088243788658338,0.06861229508349113,0.2618769602244106,0.30130805867374494,0.3682026860183534,8.039716672306636,3.1998991665545367
C01978,S4,0.013234382867411375,0.18693871675644017,0.15209697804443106,0.6245201786612079,0.03644412653792091,17.03701237550059,5.68370199119437
C01979,S2,0.7545916515599282,0.4129347255365826,0.20450305193609686,0.06071665222198767,0.3218455703053328,17.44468817377492,3.8635545207043656
C01980,S0,0.3921181526466528,0.022676992826409736,0.235833291700912,0.5752651975727882,0.16622451789989018,20.366263599549065,7.665065195406693
C01981,S3,0.6997800287344711,0.03095757191320439,0.03074862427829437,0.8773414324801846,0.06095237132831676,9.748441061254713,3.6675661929249586
C01982,S0,0.10698185401487081,0.3672308147927875,0.508381472879118,0.101618478019422,0.022769234308672465,7.844352688517951,3.2502194195445924
C01983,S3,0.4513463505554084,0.07414777513709923,0.5926497670937166,0.1563286124453899,0.1768738453237943,18.92377430156789,7.789566749373994
C01984,S0,0.3289609069643325,0.33843600372405375,0.05408704101054847,0.6046928518515305,0.002784103413867341,7.657751328001381,3.6194743895467427
C01985,S1,0.04896432764095297,0.38046835618322417,0.23832649341753004,0.14813889999838645,0.23306625040085924,20.772086384398982,2.7471226940410327
C01986,S4,0.6955751340039998,0.44803599079873896,0.27859234772891733,0.25850214370766855,0.014869517764675187,8.828788788907364,5.122536119144938
C01987,S0,0.09803369453560098,0.9206613596455643,0.011612199364341816,0.014716759620213928,0.05300968136987982,9.197206591544644,2.800610725147935
C01988,S2,0.40205937345272286,0.33092438462907436,0.08123780739948452,0.06168323884072655,0.5261545691307145,10.880539708699924,3.3886897823485826
C01989,S4,0.31468954213088185,0.46716250454205765,0.2923510730535949,0.22557955933119497,0.014906863073152395,13.75944170073182,5.088329188470455
C01990,S0,0.3028761756572231,0.13247965971582282,0.3066096794473421,0.17890679897396167,0.3820038618628735,13.189426358392529,5.108110437032448
C01991,S0,0.044014333909713536,0.3211123452452231,0.042900131364445905,0.6084418699807371,0.02754565340959391,16.790498732239513,5.67155466463667
C01992,S2,0.3546356412350595,0.14562315275824547,0.17578358989126763,0.33423064963996085,0.3443626077105261,14.633443074590616,4.275039503874899
C01993,S0,0.006279831582173384,0.18135816732777715,0.2560185111271296,0.1711360030214818,0.39148731852361146,16.336325378493214,3.3025026177672734
C01994,S0,0.12484304980578591,0.003997413115588388,0.057625228891405596,0.22258686408812237,0.7157904939048837,17.385890330862438,7.369259919099454
C01995,S0,0.2452284258058186,0.5710413502631118,0.14455543039713822,0.15556627692463523,0.12883694241511492,13.915402868448645,6.00964243003543
C01996,S2,0.47386430729963863,0.23858043325969533,0.45891808068143064,0.15029904898220345,0.15220243707667047,7.713472184288715,5.116319023831248
C01997,S0,0.25813684271127896,0.6930832710542366,0.27135421998807463,0.03509548942046573,0.00046701953722293725,17.54543474434402,6.620301918638552
C01998,S0,0.28895652630339036,0.18503852861280023,0.27765845651120274,0.1917341818683999,0.3455688330075971,9.684821689881717,3.65816261390853
C01999,S3,0.5873959674497592,0.26440608878264393,0.17686179266625635,0.3728836906904611,0.18584842786063852,19.15056148914681,6.9776967504913125
C02000,S1,0.4776090586088239,0.37084427697827876,0.10106012343104531,0.10635309994891523,0.4217424996417605,8.441341161823091,2.359207679896021
C02001,S3,0.7798139586580998,0.17068546691247208,0.07958620761309945,0.47303398913198536,0.27669433634244317,14.567015861443966,4.90119993035616
C02002,S0,0.18039983525797754,0.2501680042431031,0.2248577472253762,0.19656248527576123,0.3284117632557594,10.036516289894466,3.091640026412447
C02003,S4,0.10385832135395298,0.2323328568890702,0.6219935485927726,0.12328238778666532,0.022391206731491954,20.285989338938002,2.022261432110644
C02004,S2,0.21557557136715427,0.1605230978534704,0.12223418156859478,0.30419512182704217,0.4130475987508927,9.695897183445952,4.942368483122089
C02005,S0,0.30592018681855804,0.04288228418482965,0.5153053474706558,0.43892537818987754,0.002886990154637044,10.981326037980011,4.1329979932342855
C02006,S3,0.5722606724180047,0.05136537262338743,0.015034332007950475,0.8936101523423001,0.03999014302636201,8.414749162057623,7.879540034605451
C02007,S0,0.11457970892629853,0.15252958025020397,0.17085878322111211,0.3005728853358628,0.3760387511928212,7.422322399877562,7.374363936604359
C02008,S0,0.22929010094575583,0.10857353261142369,0.23114094439063784,0.18490990956080305,0.4753756134371354,15.41610668387634,7.810611441982184
C02009,S0,0.21037243509815198,0.4015726020116883,0.4581556292415816,0.09059970403045009,0.04967206471628017,9.50220203116043,3.8294585386451856
C02010,S2,0.37767681931915514,0.508739120480583,0.00164845417836619,0.107436264401162,0.38217616093988865,19.643847762318373,6.510315047697557
C02011,S0,0.09190916292583734,0.03198693750251557,0.16107877916022667,0.30728644613231704,0.4996478372049408,17.600574128998254,5.220020565591054
C02012,S0,0.3518643418256349,0.5964860602612467,0.12643352179274414,0.15488013212727256,0.12220028581873645,8.052450513060943,2.572212437351417
C02013,S0,0.10653485323412618,0.8064565010844468,0.007087085359943346,0.17040324307100074,0.016053170484609216,17.52082488326738,6.8153427179863275
C02014,S0,0.06719593269332926,0.28235232763584744,0.24521803783969268,0.1714123356337968,0.3010172988906631,8.603415405689988,6.944348552430396
C02015,S0,0.011175711127043417,0.09595263250478399,0.057690898906713355,0.6125849418734683,0.23377152671503426,20.852299388571435,3.2618710070340944
C02016,S1,0.43350561426839007,0.07630176103022847,0.06198208271821094,0.45079721968662817,0.41091893656493234,7.42932496739673,2.9879136007784215
C02017,S0,0.16651567491263342,0.06707173973555593,0.01740645346689559,0.3081790414734216,0.6073427653241268,16.57899977485575,7.898109479648359
C02018,S0,0.13669019535682506,0.026774170781420244,0.3965343402516432,0.5039578312470445,0.07273365771989185,9.616807254803996,4.106112968862844
C02019,S1,0.12688510884015528,0.4621743227141294,0.08013777930827007,0.3166113188832403,0.1410765790943602,16.11173494268383,5.99145516985677
C02020,S0,0.0855269589760684,0.9724004479364033,0.007763649309191341,0.005946355773991533,0.013889546980413713,15.885181929521922,6.3586242611296075
C02021,S2,0.40555819566890366,0.0002448381649811988,0.007441688492685584,0.7891494501145222,0.20316402322781096,17.683957482950774,7.812553238724452
C02022,S0,0.3149358928308872,0.5064386283945981,0.2790435061779635,0.13064138598234537,0.08387647944509308,15.468210959735167,5.986961299377975
C02023,S0,0.18200451451345728,0.031110530234978652,0.2113726574954202,0.7189133034154911,0.03860350885411007,20.330042022855068,3.042641783792282
C02024,S0,0.009904118872316025,0.011408013047948506,0.518025837643795,0.12841836210939692,0.3421477871988596,15.12750668589584,3.563742178569772
C02025,S0,0.16588679018196437,0.020006099580967922,0.30364319641011883,0.3307629595861275,0.3455877444227857,13.944654419636136,4.340286786269616
C02026,S0,0.09253678421663537,0.7232309695247396,0.01073996509670749,0.13542800964918644,0.13060105572936637,7.317011023273949,3.8912728975896442
C02027,S3,0.944488814652024,0.0011487846476546967,0.028438553588574812,0.9081709614973915,0.06224170026637889,17.077531965350566,3.1362710264855496
C02028,S0,0.11190248698454715,0.10841447646790024,0.22854612301148466,0.2713786782726756,0.3916607222479395,11.182763422163966,4.274634876624756
C02029,S1,0.36304542724594696,0.299567775951128,0.08421427939822303,0.5295944973897408,0.08662344726090818,13.406533338564326,6.270990198770664
C02030,S1,0.08254151427177664,0.11051090352074235,0.0980224607884536,0.7084518123797702,0.08301482331103396,19.939075590113397,7.0093872058294755
C02031,S0,0.11374955810842936,0.18531741296679988,0.64209006661543,0.15592574509598772,0.01666677532178241,19.926452395523448,5.784078905953209
C02032,S1,0.10342729182446193,0.1167013685163019,0.04757344657069144,0.582760616492089,0.2529645684209177,15.680889529047809,4.586706839893496
C02033,S0,0.2808017791306973,0.16814234464763675,0.10822870015044575,0.5535398622190805,0.17008909298283714,12.73532812339269,2.788004229508055
C02034,S0,0.023054720439983488,0.3867265013392266,0.535967642984876,0.008992650240253879,0.06831320543564363,19.48684094338227,5.339831815056648
C02035,S0,0.2132854703800281,0.5453440394602024,0.16403601202500676,0.19832119444921653,0.09229875406557435,18.070148638399623,4.622416333363427
C02036,S3,0.7828896083857076,0.06291687488009808,0.0706971346546448,0.020464200974508063,0.845921789490749,8.586169835015063,4.394381934842361
C02037,S4,0.3035332371532315,0.21373901701816833,0.251834912418731,0.19003349238569647,0.3443925781774042,15.270373869841288,7.754542019908918
C02038,S0,0.10663294973921392,0.2842601509576448,0.10256056057678514,0.21082459132875142,0.40235469713681865,13.57661571895997,2.9333869845966967
C02039,S1,0.0711933807850497,0.37762149464531086,0.008574863530644275,0.36782410317981085,0.245979538644234,19.187576836321167,2.1319257358616133
C02040,S2,0.21734891511171991,0.3066448265145836,0.4899866879878252,0.020612630787452207,0.18275585471013897,16.85258577563937,4.917820894281685
C02041,S0,0.30395861650559053,0.16626669924200171,0.21366084975338367,0.5726395313329562,0.047432919671658455,14.333768596908257,2.8413039273845504
C02042,S3,0.8148013889529485,0.006704962406814121,0.2893225306241584,0.2091474522833844,0.49482505468564314,11.922517073844245,6.764136343654089
C02043,S1,0.3577290327146699,0.026609133056087638,0.592839870601032,0.35688843012169014,0.02366256622119011,14.99827765386386,7.020610306495834
C02044,S4,0.5175280019925982,0.11318310022350979,0.6688325213034025,0.07641346355655941,0.14157091491652832,19.73638045832749,6.196472372810355
C02045,S4,0.22520841715015216,0.12423467092819608,0.2844160260940814,0.42903461504379103,0.16231468793393145,19.477780447006985,3.4167314989257442
C02046,S0,0.09473655662947711,0.09554995045979403,0.03761473636852272,0.797606940829829,0.06922837234185439,17.33206172011444,2.729186599837165
C02047,S0,0.1304845222661666,0.15362533239183265,0.07134747769710247,0.6723321375294136,0.10269505238165134,9.165695136911694,6.827533094148223
C02048,S1,0.5380484902609337,0.9267965103706584,1.8016560654800995e-05,0.044210803010553676,0.02897467005813312,10.645881088657966,4.4256083377587165
C02049,S0,0.16639329427068358,0.013042703072532184,0.014119996486561434,0.7674999355334912,0.20533736490741522,13.89439274539448,4.700733745972219
C02050,S0,0.1024171851535229,0.08692740342928479,0.22319003059831324,0.6248049568889091,0.06507760908349289,9.867509272041502,5.16982269074475
C02051,S4,0.02171929430641785,0.8097741960091343,0.06430355781059426,0.10848389306533773,0.017438353114933636,12.521898659931395,5.940972096854965
C02052,S0,0.34133135122713987,0.4238037393844736,0.1338510217383274,0.3886267551999049,0.053718483677294086,15.492268374633058,7.390715397240646
C02053,S0,0.3401800447899753,0.03594753121129835,0.24766784669632189,0.5355977322535651,0.1807868898388147,16.18201603292286,3.075032140400955
C02054,S3,0.6703713903301433,0.1300710912024723,0.0005105908439224211,0.628349913302648,0.2410684046509572,11.60988973858835,5.408372182881819
C02055,S0,0.0365431362914929,0.17717514419365457,0.1086336666631681,0.6705032168100448,0.04368797233313253,10.200434870125829,5.9665744186128045
C02056,S0,0.1266848171967009,0.16863892416046955,0.12179378160587964,0.2981274784945288,0.411439815739122,11.06867898489636,4.123043966429553
C02057,S4,0.5529637531001549,0.2618609711906554,0.15172397203138438,0.12567944548898566,0.4607356112889746,16.06242724639764,4.634785021709021
C02058,S0,0.2871103506153634,0.1880754220464553,0.07258009473048886,0.08879418434583125,0.6505502988772247,13.41453804798438,7.998666738777424
C02059,S0,0.22343274925481713,0.09488955061175829,0.07285196901289623,0.7089560682997685,0.12330241207557698,12.559328755284735,5.507766868970461
C02060,S0,0.18250170447532893,0.09044921895816514,0.02090013936298765,0.24491292738469847,0.6437377142941487,10.044003038845656,6.212876425739231
C02061,S4,0.3567320122339447,0.01899127414959114,0.12787863870406352,0.10127647196709753,0.7518536151792478,10.788173699373676,5.253637504579702
C02062,S0,0.1512265422633614,0.5585283910989626,0.21363127387893252,0.22754284291948806,0.00029749210261681766,9.891888516408773,2.602638040463686
C02063,S1,0.07207693050608915,0.04772547527063952,0.06281340636355146,0.19731535191438473,0.6921457664514243,8.016227220197377,7.88492688091012
C02064,S0,0.033133328017073416,0.7835567003356234,0.12094455741611282,0.05350966497593214,0.0419890772723316,12.210747734822391,2.4270380280749273
C02065,S0,0.03963900258617055,0.15358520528262368,0.04293964359235988,0.7609253103598688,0.04254984076514777,19.475002963907755,7.645328854028844
C02066,S4,0.2316733850705854,0.1258550480328634,0.01074081768684066,0.03979732192112385,0.8236068123591722,10.882255912962474,3.6643220267086347
C02067,S1,0.09937311437278948,0.023206741372093657,0.05407111036846637,0.8333693108050025,0.08935283745443746,19.95196400499743,2.70169224602808
C02068,S4,0.4974187667019328,0.39700207106164814,0.46217935628883206,0.11851112522811225,0.022307447421407504,18.90119241104062,6.65856492826544
C02069,S0,0.0628040468543026,0.14562458118583424,0.013995277814236864,0.7074894139764196,0.1328907270235093,13.57556264098135,7.439027962884936
C02070,S1,0.2526204685615954,0.06990913495141442,0.14639204689019308,0.4179684879238722,0.3657303302345203,13.27806655518923,3.8142922715127296
C02071,S3,0.7515146406586841,0.04255090465604919,0.11156975349694626,0.10252871209155591,0.7433506297554486,20.825318919070824,7.837155015782354
C02072,S0,0.3020654078604536,0.48564638518574155,0.19279570360887074,0.29304105954736664,0.02851685165802099,12.33854576995731,2.6757654757391234
C02073,S0,0.10158218303700128,0.19997808586524132,0.056581560576240766,0.6876247938532316,0.055815559705286136,12.870078119020707,7.8608852948131815
C02074,S3,0.8095834061227132,0.34821847819983953,0.26994296910007803,0.08714256681180774,0.2946959858882747,15.878214799508381,7.73894079610211
C02075,S0,0.321969256518639,0.17562957397147097,0.29229215935790476,0.15226997652574734,0.37980829014487705,12.011474268879253,7.406621456405086
C02076,S1,0.06751852407495411,0.31633572121206205,0.332682779701616,0.15736035876330337,0.1936211403230186,20.472916491200927,5.813127863468333
C02077,S4,0.2249008393758639,0.08053151754896205,0.2729403455089025,0.41406240358436214,0.2324657333577732,7.081608026680663,6.294635511626792
C02078,S0,0.16968862076734248,0.3202785340375583,0.2651449762237902,0.13726421584759252,0.27731227389105906,19.31847863947629,4.297237702193191
C02079,S0,0.23156179184680678,0.169161064705917,0.07624357893962629,0.3891701957100113,0.36542516064444547,20.498607920913738,5.587367477163556
C02080,S0,0.07486353414544207,0.44608386111700327,0.15388166824315336,0.23113000361481323,0.16890446702502995,12.949394096628822,2.154230966934269
C02081,S0,0.09634109514123057,0.4157739668993235,0.24409541728100367,0.0738323415934485,0.2662982742262243,15.544716488321393,4.650847599460667
C02082,S0,0.3439517417918473,0.23398629686489814,0.5747808359790114,0.11498849073619646,0.07624437641989407,9.709751595187598,3.9246475165436343
C02083,S2,0.22136796702063086,0.27413724802467704,0.17812496221925486,0.08412231096752938,0.4636154787885388,10.366900047154722,4.912020968532513
C02084,S0,0.22610442710670425,0.5577561629275043,0.0299790898904348,0.17114022888409197,0.2411245182979689,13.258963957579175,4.789474758731641
C02085,S2,0.1928181967915411,0.2324627372916066,0.37999978171822874,0.11457433865642738,0.2729631423337373,14.56294318976906,2.2231843401423212
C02086,S0,0.29372701067527063,0.010352905657527929,0.796745580709538,0.07827653338010722,0.11462498025282669,14.31607700973382,7.373884445975226
C02087,S0,0.33875452632038144,0.04654836527489662,0.7055229257809479,0.19221012675154148,0.055718582192613914,13.317638741580783,6.618258943279365
C02088,S0,0.018936094690283768,0.02368564919302469,0.0023479849554198756,0.6867693934193917,0.28719697243216363,16.808036227700995,6.923526171562646
C02089,S2,0.38400172321919607,0.5259343632863989,0.09914503712481659,0.20296103747019573,0.17195956211858882,18.19361019091616,4.914357994022456
C02090,S0,0.08326008417140143,0.1542764621786696,0.48181938528198115,0.16175322525607444,0.20215092728327477,20.15781253262775,5.1978026847554
C02091,S0,0.0696941632227535,0.3458950648601685,0.3236003315388541,0.1591026862854426,0.17140191731553486,15.027969410251558,4.583626839368875
C02092,S3,0.7147511042258748,0.41545187872499006,0.11594260666343231,0.2705395482637488,0.19806596634782878,8.748597974827138,5.824347741559414
C02093,S1,0.12062300738733062,0.2978251557338505,0.18634879993327713,0.40169350493694084,0.11413253939593153,17.900483478707432,6.277366541164632
C02094,S0,0.13909583910992468,0.2662268326822478,0.19166604541595567,0.2675771960685541,0.27452992583324237,7.202778504292737,6.133510290621369
C02095,S4,0.19217561803304073,0.548642398621565,0.0822928882679533,0.20083530968827384,0.16822940342220782,7.679943146783522,5.335648100178039
C02096,S0,0.07789663464923972,0.3856358024567212,0.25448321491017806,0.26200964422946804,0.09787133840363268,9.80008912780161,4.611759159993447
C02097,S0,0.21245220523698105,0.11708316488862942,0.1850181167234147,0.5649219464037966,0.13297677198415936,8.674752100525009,4.622539770576477
C02098,S0,0.07567714079851,0.42346191880941136,0.14973600728158634,0.3637245208620431,0.06307755304695921,12.198323182070784,7.533569803922757
C02099,S0,0.03170727356557171,0.8868179379789601,0.022614658961005504,0.0804517771132553,0.010115625946779104,15.633333176197453,4.059002762977782
C02100,S0,0.38449169885317386,0.08119671255002024,0.34616498019712666,0.5443727427501329,0.028265564502720216,8.57108851932838,6.6174615481465295
C02101,S2,0.3728374932239191,0.006483791709038963,0.3573977460043776,0.23809819140410962,0.3980202708824738,18.180246359919447,2.9668556683993983
C02102,S0,0.0019513445766036358,0.019439116769200966,0.2082322193090006,0.6735574940054654,0.09877116991633311,17.385719733333154,2.6270453191564167
C02103,S3,0.8725705781200827,0.08634969932884462,0.1409307296052108,0.5518775666941999,0.22084200437174473,15.377285231907095,7.868020298945117
C02104,S4,0.22342915450327797,0.45953603628813583,0.13595048564230527,0.049465369569154254,0.3550481085004046,7.1680459162277534,7.834043865604201
C02105,S1,0.41006891996403294,0.34884608808718387,0.05359197439537768,0.5152277976417404,0.08233413987569796,16.552985582776216,5.903559209590281
C02106,S2,0.31728376027691235,0.1482133977209353,0.3719219199305948,0.1506770155189086,0.32918766682956135,14.89805451358513,5.604747781143981
C02107,S2,0.4075878098790989,0.02746551406802377,0.8692156486053758,0.019603723372270565,0.08371511395432985,11.597551332823217,3.3678868051571893
C02108,S4,0.0769943389114052,0.6410510234607292,0.2283119132605161,0.06525482958934703,0.06538223368940774,9.07812165027034,5.215563689553418
C02109,S0,0.06143069990215467,0.3425306053758331,0.11860259842458289,0.3943929843237095,0.1444738118758745,12.360299231365865,5.920827735158875
C02110,S0,0.21778014721772404,0.20906994506542523,0.6698188788705604,0.02048510670871449,0.10062606935529995,8.98388817819169,2.200307097642371
C02111,S1,0.14526429469202257,0.6721568014464884,0.09046295547588094,0.06685030281557727,0.1705299402620534,12.86406745916731,6.19600083360109
C02112,S1,0.20103783620802435,0.23535354236662273,0.07973894628065606,0.3535536162005034,0.33135389515221775,14.515528989260584,4.302592756237296
C02113,S0,0.08251324030301527,0.44500532796076003,0.10899349862806612,0.06773291370119829,0.37826825970997546,16.21929581928197,7.857679407652748
C02114,S1,0.23980264489687791,0.5909719975089741,0.04371892298110327,0.2842062836946753,0.08110279581524733,19.617987280794885,5.436773550847115
C02115,S0,0.028413300053555312,0.25834084908657595,0.5733153249877376,0.14001248172096026,0.028331344204726164,16.747394010525948,7.4223574899441545
C02116,S4,0.23320107332143888,0.6272665857224042,0.08498294986175685,0.1796080985366472,0.10814236587919157,14.500270085751355,5.428045881272088
C02117,S0,0.028327825794678616,0.6842985939601547,0.1790682025538777,0.08006569405059719,0.05656750943537041,16.00466959277218,4.565827812222589
C02118,S0,0.07159249339429324,0.2956055141823078,0.17208224663179653,0.3378267803819747,0.1944854588039209,12.625942403435236,3.723987617679898
C02119,S0,0.15242635962601167,0.10847361564172953,0.7986211016938338,0.058464783010173875,0.034440499654262914,7.733005946908886,4.191226758656568
C02120,S0,0.06187591458860063,0.16082540979059157,0.09319385814392818,0.4593347389598071,0.2866459931056732,7.171359421695564,7.573500356516346
C02121,S0,0.15819190413410508,0.07039521583254779,0.0027376457940714635,0.25635599041669205,0.6705111479566888,8.28075981888304,3.032050216205935
C02122,S0,0.06920986207710017,0.0922853921614137,0.1928660970962892,0.04662805115706477,0.6682204595852324,11.988965928160422,4.059947367113274
C02123,S0,0.06779354214772387,0.1551209485065856,0.12488986331414759,0.36834520802280507,0.35164398015646176,13.20792701502357,5.391789569053169
C02124,S0,0.30555579725753573,0.3666221055589104,0.33623699225020587,0.18552529889590436,0.11161560329497949,9.065210051237058,3.095957596470485
C02125,S0,0.23172953931102722,0.208078595961393,0.07334753219951885,0.4149573567449349,0.3036165150941534,17.28067755686734,5.301878356900673
C02126,S0,0.13023603596707337,0.7892864524516935,0.04442890587364433,0.01022681240326555,0.15605782927139678,8.164142111481011,3.4049196449250276
C02127,S0,0.13933418547996895,0.018104862880894034,0.04640156023361784,0.8571327125677549,0.07836086431773308,9.890394685394064,7.487318246395374
C02128,S0,0.43563543809564353,0.19625061044054834,0.19224496147139214,0.31311537048892624,0.29838905759913337,7.351030815718856,5.560567179062696
C02129,S0,0.04311592615103922,0.1486413197366652,0.6242132212868204,0.03393991319108844,0.19320554578542581,20.75908019051068,7.35473846330935
C02130,S0,0.10387990445365396,0.16875801128680543,0.08667971262057317,0.06249194699750559,0.6820703290951158,20.46527629752493,3.230481591309028
C02131,S0,0.1192338463777482,0.05651215143129809,0.01970813766204137,0.49875734194423277,0.42502236896242773,12.415000085744143,3.970625468288893
C02132,S2,0.5841938273303611,0.05963395016314789,0.35455190459973873,0.4192499245300773,0.16656422070703614,14.45804361123547,3.7928630847790843
C02133,S4,0.16589026303635193,0.243665652500852,0.16006954642118293,0.5440654626783885,0.052199338399576335,17.230906109751643,3.626551627689147
C02134,S4,0.3164478966871775,0.26658089222022363,0.01948244512890704,0.4604462002135427,0.25349046243732676,11.442210087484668,4.11314178482797
C02135,S1,0.28519260262132345,0.4488582952206563,0.18801166065396185,0.09371351678111825,0.26941652734426375,14.693758826478291,6.058357220655043
C02136,S1,0.19647761297636915,0.04835781584860992,0.14027555049250437,0.7861268248304614,0.02523980882842445,16.14717585202269,7.457170216045346
C02137,S0,0.06996653025969715,0.12341670186236191,0.45087969545704665,0.0038812056512179186,0.4218223970293735,7.362955408254183,7.624879409802629
C02138,S2,0.31298451597466953,0.22762081338261375,0.04353840768799985,0.48088909286928977,0.24795168606009665,10.418134154617876,5.345687340077973
C02139,S2,0.5810204721235581,0.07180153580324723,0.7937037387583321,0.07620653560060897,0.05828818983781173,19.096404361324947,6.916895785372376
C02140,S3,0.41226529597567213,0.7530715329642281,0.10276014059819888,0.1263607902714021,0.01780753616617107,14.76051807076164,2.7751656683621846
C02141,S3,0.8236723354726202,0.24264565468181049,0.31569453148000753,0.21487575537518075,0.22678405846300126,13.294761114804366,4.770616599864778
C02142,S0,0.039143197863374425,0.11132821666699,0.06598610714715271,0.4254808848022656,0.39720479138359177,16.877965399496155,6.737011713240595
C02143,S2,0.22696708278004027,0.018895182643515692,0.03814097008826038,0.028776470960878618,0.9141873763073454,9.07233979071814,3.3594150314965407
C02144,S3,0.760475499090628,0.19148778550137144,0.5724122968292477,0.05173041000658763,0.18436950766279328,20.492428278822906,6.392968965647664
C02145,S0,0.05003222976555012,0.13256861250770283,0.3209126418664996,0.20433104089391355,0.3421877047318839,10.200514078650674,3.5030274099206853
C02146,S4,0.07527641573299462,0.3446733916715942,0.322894963259525,0.17855214215084214,0.15387950291803848,15.890456722243831,3.6183171251596127
C02147,S0,0.35771700244816984,0.38619989367210106,0.11670007190949266,0.43730651425833106,0.059793520160075296,10.67423573997803,5.8614413678549635
C02148,S4,0.08606384280286508,0.04116136658393238,0.199633523980055,0.5928623605439617,0.166342748892051,7.102202097888867,3.488691754859625
C02149,S2,0.3247589320438649,0.2319872115999982,0.6498355265937881,0.06957960945409748,0.04859765235211623,9.49420837273936,7.696506927781217
C02150,S0,0.13290269160678078,0.4350611049435155,0.23985213491451574,0.2168676060329558,0.1082191541090131,10.29996904274158,4.59138367325545
C02151,S2,0.20354647979370813,0.05921849132393926,0.46255098298908354,0.20135992484593557,0.2768706008410416,9.084119384487554,7.193203537263684
C02152,S0,0.1522154228052432,0.4697706998076135,0.06513418117213016,0.4376640052949903,0.027431113725266083,12.97985760180904,4.8393867664196515
C02153,S2,0.7664476958101798,0.01971050939548304,0.2870378480470855,0.22767672237267889,0.4655749201847526,10.96403608700605,7.672566037435798
C02154,S3,0.7449965292763829,0.1375080021317556,0.6402190934677189,0.18465221508579488,0.037620689314730685,19.629566773587417,7.886938631914917
C02155,S1,0.2546435323290655,0.17271125433962722,0.24166087703025532,0.19484942277367057,0.39077844585644705,20.210946393927166,7.0320313299365536
C02156,S3,0.5674089302697649,0.5298873594518535,0.004649111194971683,0.09396975316623087,0.3714937761869439,16.980330171326358,2.3074431312117323
C02157,S0,0.19271232783369088,0.020712940821621985,0.0072159334404120696,0.07605278355583053,0.8960183421821353,11.801365981018911,3.883352266488603
C02158,S0,0.11355877110078658,0.12702626086065075,0.6674130057835602,0.03744576864102652,0.16811496471476264,8.78614810929492,5.063933857197764
C02159,S0,0.23934260800939736,0.08414610092928446,0.397743130994711,0.2960341054776119,0.22207666259839262,12.16207456326396,3.1829204324735394
C02160,S0,0.1760322908855241,0.1567286035297026,0.37993394667510116,0.2980806016834549,0.16525684811174124,11.486448825313163,4.833551355413247
C02161,S0,0.25160333573322746,0.23279874644927784,0.5400888475457809,0.04075028346527945,0.18636212253966178,9.678865218785242,2.1491660767751304
C02162,S0,0.0729873504791545,0.13372379128990944,0.680031666951055,0.02329125316008553,0.16295328859895009,11.08109870050064,7.62468908973808
C02163,S0,0.46862651215451717,0.12016110617550887,0.3872279812836696,0.2492337138787913,0.24337719866203011,19.273870519750712,4.414989572258115
C02164,S0,0.08733903192899858,0.747924377950458,0.06550363762171058,0.0256657961557771,0.1609061882720543,20.404072950267274,4.686672390695652
C02165,S3,0.7625811144166876,0.035637552798602395,0.07261837831708653,0.4370172166141311,0.45472685227018006,17.475881016541287,7.239712143629992
C02166,S0,0.2095220906905126,0.4721055511380743,0.27181984604214765,0.2539087265491904,0.002165876270587656,11.386137456539682,6.5932557396411635
C02167,S3,0.3972091884498676,0.1339389590520425,0.5847347465695409,0.21157049542863254,0.06975579894978387,18.74386651640645,5.933659096274389
C02168,S0,0.09384296479280642,0.005394071605140663,0.17511401007101113,0.005353425328181753,0.8141384929956665,9.57946492270382,5.026845468274918
C02169,S0,0.05786680430093493,0.0840950399444144,0.11331976333515856,0.06227555631170176,0.7403096404087253,18.586932584482028,5.207725009860246
C02170,S1,0.04692094822553581,0.01773127247188217,0.16123435409751605,0.8066244474378989,0.014409925992702802,10.044383795024121,2.3263643201829556
C02171,S0,0.08590097039652876,0.06730958098795974,0.07041944126878719,0.5976444499959919,0.2646265277472613,18.125200391893667,7.449404823121376
C02172,S0,0.02282657745281424,0.20432885262853143,0.10883501921127703,0.20206128821472683,0.48477483994546466,15.93801971063745,5.245608836395735
C02173,S1,0.24727892791214892,0.11694193615142828,0.3574940938514136,0.2668489650491607,0.2587150049479973,19.32611094910383,6.774582239110918
C02174,S0,0.24554867423266316,0.26400146909385924,0.1350812771896255,0.40316593470984546,0.19775131900666987,14.277049041540073,2.512765533668426
C02175,S0,0.16911958194477208,0.03335532027700226,0.6898324064852621,0.13033511554446658,0.14647715769326886,8.655478272575104,7.274186017438166
C02176,S1,0.2154203368062873,0.3508019182557836,0.17415120618834734,0.18283280447951045,0.2922140710763586,15.016102972637633,2.5958905309943194
C02177,S0,0.1297734628460408,0.33953324777783056,0.2773458054995709,0.24639460213977002,0.13672634458282854,18.34831320842656,6.980046608594679
C02178,S3,0.7314892244656125,0.11107053652723636,0.07426013525098012,0.14240138266490782,0.6722679455568756,16.589364014529025,6.432353395131168
C02179,S0,0.08682987238223684,0.7798730130072596,0.035253800362776436,0.07593537642815676,0.10893781020180707,11.251037944250244,2.2205840628890865
C02180,S4,0.05092011267567429,0.13875770227894313,0.045269199685269025,0.15157676400229,0.6643963340334978,14.311352245042297,6.797091119603227
C02181,S3,0.8889900475240258,0.19040192270775888,0.1902876652118741,0.29555112955270396,0.323759282527663,11.919351765496064,6.117918392376197
C02182,S4,0.2052006931263775,0.3563327951905502,0.44003789666278986,0.02058418343398922,0.1830451247126709,20.77472372033619,3.6738694017027522
C02183,S3,0.6867423190745929,0.030141842074546333,0.9172214146898271,0.038002741476250754,0.01463400175937583,15.752558147596435,7.036153084786365
C02184,S0,0.3117793602773223,0.17204431462782965,0.4939000381075452,0.10122057713836305,0.2328350701262621,19.965380952984535,5.6492312247546845
C02185,S1,0.21606019151865818,0.5819668760536262,0.03474457516955459,0.13131464583436192,0.2519739029424574,11.915041438913189,6.881290852233873
C02186,S0,0.03296849223844818,0.42770323124888726,0.2500707606480769,0.20199905600183454,0.12022695210120131,18.999623137249863,4.748410953918418
C02187,S3,0.7333874003875185,0.17668816428817813,0.7546617314548265,0.052732570819870005,0.015917533437125278,8.004194255435177,3.6546155093223485
C02188,S1,0.05143284677326282,0.14114253564393472,0.30203346745416565,0.3109539825873335,0.2458700143145661,13.868400329239174,2.647201133856291
C02189,S0,0.33415700419007455,0.20956418337267058,0.5306557660922163,0.04172346954741283,0.2180565809877003,18.093195357222918,3.5563513800314026
C02190,S4,0.19040228381467994,0.5915525702675786,0.32053276755646204,0.04723080737876527,0.040683854797194045,8.021910738830346,4.103125116643861
C02191,S0,0.13317084964419781,0.17068831776062904,0.5350235605865354,0.24026505645546295,0.05402306519737247,17.121995011477,4.55295392119382
C02192,S1,0.16965458365377975,0.10908221477007325,0.7946296330527036,0.07824761080978532,0.01804054136743785,12.63189673199202,6.5764928291473375
C02193,S2,0.1463620856969221,0.01587245177308529,0.8464974806113524,0.13016423923578124,0.007465828379781119,17.45109057204477,5.480516270298072
C02194,S0,0.4321039559115703,0.03107653895652399,0.09028216594160474,0.8361571172697508,0.04248417783212026,15.762936552346687,5.51110334085039
C02195,S1,0.10712005401911812,0.375361658912383,0.07833920475263915,0.3664306287431738,0.17986850759180414,10.25979073547321,3.506179196253295
C02196,S3,0.4313127348729999,0.5043903283435428,0.08079513213511234,0.08310803768460204,0.3317065018367428,15.520078541971067,2.7472090561410996
C02197,S0,0.22628249284945143,0.20462718226188745,0.5751293916139056,0.06788623319577153,0.1523571929284354,13.130614062977024,2.1217713503053357
C02198,S1,0.48533903183755245,0.2389065377631028,0.4210423615478855,0.1279692663727032,0.21208183431630856,18.11227565694889,5.814473368268466
C02199,S0,0.09212966921210132,0.06906443329536413,0.8966496200465683,0.015268947932757756,0.01901699872530975,10.571203468395098,7.5353824105833045
C02200,S2,0.6641167847812455,0.052729064299323176,0.26749198704496063,0.2658333519706506,0.41394559668506564,14.258184014514754,7.072439581604548
C02201,S0,0.09940099598690308,0.3032146988535492,0.6588266822005178,0.02795276668619423,0.010005852259738969,17.003322020420832,3.604240670616975
C02202,S4,0.4438831973452898,0.22032091514148258,0.07790050253839925,0.34324844180578845,0.3585301405143297,7.651352751776427,6.676294130606243
C02203,S3,0.7741382054095051,0.16031779750107325,0.23890904068618318,0.2893617344227642,0.31141142738997935,12.719448435486504,3.8162568975115048
C02204,S0,0.23001657419555377,0.04135848807622404,0.20532905629745374,0.6701918524408836,0.08312060318543874,11.367754984768258,4.257160101165604
C02205,S0,0.19177033710318872,0.048761925501355864,0.8413875177412464,0.10733245835400429,0.0025180984033936365,18.82113657794169,4.640418992442507
C02206,S1,0.28257366525359573,0.17555042153070693,0.3470900280367977,0.09807330375464585,0.37928624667784944,14.102241611462528,2.380104460310627
C02207,S2,0.6036987784331773,0.03209559743052994,0.21023857307803354,0.008531464380988375,0.7491343651104481,20.119272900729968,7.215177858765721
C02208,S0,0.23748669420237417,0.04232358586967476,0.3001715619850135,0.23306090396884935,0.4244439481764625,14.48357368637086,3.2517113368467783
C02209,S0,0.21555404468084252,0.25155756057947276,0.2175880482245674,0.43146338649944377,0.09939100469651616,9.67586029366849,5.188625975209124
C02210,S0,0.24484182988092218,0.09030668029075145,0.4849103092211946,0.011144127193188386,0.4136388832948655,9.361218620204436,6.287478169207183
C02211,S4,0.05648941894130862,0.3016986223534268,0.19979048706315336,0.3282891459524093,0.17022174463101036,10.217104647417964,3.1617205905147108
C02212,S0,0.06850022812214472,0.22050943629741945,0.3547354123030293,0.2401294089220073,0.184625742477544,7.547023706962499,5.081997121987792
C02213,S3,0.4449887743171621,0.46814633838059005,0.05744045433814687,0.19272664203190695,0.28168656524935615,8.80673439226517,5.354232813997567
C02214,S0,0.08223088679587771,0.19687046108978634,0.5471606916683749,0.13964411044798614,0.11632473679385257,13.049295264034791,6.7126151976816555
C02215,S4,0.2974851320454878,0.09706351087158867,0.0024031786251005184,0.01764172824996123,0.8828915822533494,12.728250187887012,2.232796502371445
C02216,S0,0.2692249939991963,0.010378204747975777,0.20068820760281156,0.06551628802795698,0.7234172996212556,8.275370889201177,7.514002862836301
C02217,S0,0.14363568252042797,0.05300401451780061,0.7324117832406135,0.19895101082641115,0.01563319141517465,20.049512982293137,6.330083999183837
C02218,S4,0.25723276919085303,0.35041945868837193,0.23424845110090517,0.37880412795840507,0.036527962252317886,18.70490437650724,4.548398422427087
C02219,S4,0.47950757764590707,0.8360528495016956,0.12491394593787394,0.036402635252847815,0.002630569307582756,12.947688202171182,5.415072225468068
C02220,S0,0.025823520965166373,0.11195131384739906,0.1819917743518515,0.4696634629135797,0.23639344888716984,9.340307419238515,4.329164656843124
C02221,S0,0.0137969534915682,0.04085651008563877,0.04792357555915467,0.08707851334978274,0.8241414010054239,14.049658382399594,6.7523852614090565
C02222,S0,0.5316034331612013,0.21252598218982807,0.1008362849771451,0.2963376282910175,0.39030010454200914,13.854969109516494,3.2023895525262356
C02223,S0,0.10142452895883312,0.3296340976894035,0.4845366296145924,0.059099438256382315,0.12672983443962188,19.427678623048557,5.242391763784566
C02224,S0,0.11023012878179769,0.26061886573503074,0.049138498880822196,0.4724979333445999,0.21774470203954716,13.219206186773054,6.658469089948693
C02225,S3,0.7448050999811753,0.3517904881167652,0.2998016165118957,0.20409442745792955,0.14431346791340963,18.342233073537635,2.651132609071926
C02226,S0,0.0012475594232689232,0.383734662537878,0.024296164382804412,0.12770312068059825,0.4642660523987193,8.073344044006221,2.751370548439496
C02227,S2,0.44813307476752234,0.2922958403053929,0.0038602537467212197,0.2308922263967846,0.47295167955110134,18.586347906578457,3.7949781197622006
C02228,S0,0.05342638577311911,0.09151663958230717,0.7566133189522539,0.030270666005113068,0.12159937546032573,11.189973268540223,4.75715002851085
C02229,S0,0.10195708785375851,0.27275674226921137,0.46465397099289063,0.09998867275368645,0.1626006139842115,9.139393022765953,2.845564072079175
C02230,S2,0.7137367161994072,0.27021389042854227,0.3944699003115217,0.2623340108297449,0.07298219843019114,19.350412031385755,7.672160115034502
C02231,S0,0.0533900481993589,0.18926569087992906,0.7292808467228643,0.06609567549242147,0.015357786904785028,12.996673507034087,7.647082733713312
C02232,S2,0.2772306880803448,0.8668518616346172,0.0017034423355196267,0.11634777509702587,0.015096920932837321,14.549017883786899,7.340003952083314
C02233,S0,0.1128948448790086,0.7264446080390999,0.019137564992190118,0.0961006049959378,0.15831722197277204,13.85190765579279,5.9823644860201535
C02234,S4,0.13799564202545025,0.12474261761243548,0.4001552373947866,0.24156073145331555,0.23354141353946234,11.00251377982975,5.069822018119146
C02235,S2,0.43405781472531313,0.14827335382946313,0.05667193518127627,0.7785966381802877,0.016458072808973004,18.163657734699193,2.8375653105936043
C02236,S3,0.4422571679579069,0.5123153168205521,0.2204221505448352,0.1254114949031775,0.14185103773143526,11.215883926456932,7.502478851466907
C02237,S0,0.06379350219638691,0.048773836626528726,0.10654690152076614,0.18019931166902822,0.6644799501836769,16.372131570971046,5.203530197287146
C02238,S0,0.11715392437940657,0.09263094838998123,0.21543189429594634,0.13570629743865592,0.5562308598754164,18.685800931289616,7.498401378569917
C02239,S0,0.0943901851951805,0.2569259837747047,0.013542235452412133,0.7128639493252782,0.01666783144760502,12.667060631151099,2.7008665996807695
C02240,S1,0.07584441023166856,0.043649607325223244,0.24985014996941962,0.47603818355110605,0.2304620591542511,10.884339217845353,6.967216874988047
C02241,S0,0.3012852425975057,0.21531284433785727,0.3739264970668405,0.3775500952228174,0.03321056337248478,10.648659866072705,5.746057716369251
C02242,S0,0.10469497404926723,0.186627743194262,0.2850746558817303,0.10355514012809462,0.4247424607959131,7.093743707949945,3.128482352010629
C02243,S0,0.34959920497805913,0.46538516645810213,0.07754681871884553,0.3302715961167362,0.12679641870631617,11.74990116637921,4.506750238795589
C02244,S0,0.05359659688629044,0.04869219527679651,0.45865486559077734,0.37679631257779433,0.1158566265546317,17.71457664628305,3.9612906010159827
C02245,S0,0.047147522352053696,0.48791642057557816,0.07204648909178057,0.31011768484491575,0.12991940548772551,18.813963378738805,4.7108832247518935
C02246,S0,0.10680532093379075,0.03266341488455289,0.12967563403123214,0.1637527849818283,0.6739081661023867,14.018767086372014,7.951392358718171
C02247,S0,0.2344090511629518,0.45581574670980235,0.0007263851149759504,0.016336195103432018,0.5271216730717897,14.82043512790998,3.1711766926295137
C02248,S1,0.24355454116801667,0.23243449845625982,0.4340635302921662,0.21854137651165376,0.11496059473992018,10.403070038874858,3.1717029570022905
C02249,S0,0.3661167322539989,0.24819302152407222,0.0732946877032863,0.4682166861109378,0.21029560466170377,8.627687959437264,3.09549335743376
C02250,S0,0.05117596371294131,0.06215648871721362,0.06039129123291278,0.7770671396252401,0.10038508042463351,7.527264733343205,6.093165949609321
C02251,S1,0.27914727695837305,0.3862254132552165,0.5345548128173043,0.027176505506965067,0.052043268420514155,15.89215690898034,6.628837874120533
C02252,S2,0.43323572718280673,0.1833926750533008,0.12637964933403842,0.03216929042017173,0.658058385192489,17.76959050058284,4.521511109795535
C02253,S0,0.04411709108311954,0.35429496902858,0.4714409854320035,0.10810163776870858,0.06616240777070785,19.154226123740354,7.408478250461358
C02254,S1,0.07388993007122838,0.5819971805403691,0.1743476104936971,0.0753016439703127,0.16835356499562124,19.077383853777015,5.495169582054366
C02255,S4,0.470912628916942,0.22557382924391278,0.08073799782532101,0.293666221252977,0.40002195167778926,13.663387800137365,6.813964066450011
C02256,S1,0.08417602376499839,0.10340698039043332,0.6844903655110445,0.13513355139136465,0.07696910270715764,13.655089509038199,4.959285186346088
C02257,S4,0.32354935604385077,0.6197357603440967,0.24702687481507032,0.0356674457140511,0.09756991912678178,14.459646585046858,4.346173779085315
C02258,S3,0.5901327551807581,0.14334491525279047,0.7860678805506581,0.025100995005280125,0.045486209191271214,16.98499638065868,3.826102330038443
C02259,S0,0.04095444474026557,0.08184054289334793,0.5675652214869681,0.21546607426942918,0.13512816135025474,10.493367580922197,5.795241785417905
C02260,S0,0.24205624242713608,0.3337560559010266,0.14991883823611757,0.2761391812505568,0.2401859246122992,18.18767435041156,3.2333008769755835
C02261,S2,0.4308632457094243,0.274505912608399,0.23263318311946507,0.18259841296716836,0.3102624913049674,12.811068828614868,2.081744007813737
C02262,S4,0.21403764296556368,0.04859284564672458,0.4425808289932047,0.48519182023119795,0.023634505128872784,14.660668269405651,3.520208381375605
C02263,S0,0.09023997361385495,0.06912673204296921,0.47979330428044326,0.3567611552886604,0.09431880838792715,7.155029446010063,4.341651741019133
C02264,S0,0.14762107507567127,0.2979673770749675,0.004029940056922075,0.19931947957978965,0.4986832032883207,9.42773107350758,5.691708693173625
C02265,S1,0.08273413235088099,0.03420198319528353,0.1395426934012988,0.04886078434125219,0.7773945390621656,10.354085554502916,4.673074821641509
C02266,S0,0.06728059722947592,0.07631636324626986,0.006279563754151809,0.8432255005410367,0.07417857245854168,19.879676943119314,5.267763032540884
C02267,S2,0.19982013354187386,0.28722852385714526,0.19675082780797531,0.18863809185887115,0.3273825564760082,18.835356515902454,6.532834615113794
C02268,S1,0.19600990791855002,0.01891645420045623,0.12649565278832137,0.7890442275362848,0.06554366547493755,13.563901647318687,7.045396753065944
C02269,S2,0.3750728311155964,0.4684443040460354,0.08694045841246671,0.39092175394000217,0.05369348360149577,18.20021054826004,2.6084651787614144
C02270,S3,0.7089451786701831,0.0324908218072188,0.17582687190223537,0.7250476950040233,0.06663461128652243,14.217944121393018,5.515005372613035
C02271,S1,0.22421696085303186,0.3290574030031673,0.2031485925550759,0.24397797681113928,0.22381602763061764,12.225916563729779,2.971314419498314
C02272,S1,0.37339369314299664,0.018124503200366474,0.17969149470036466,0.0810411795123998,0.721142822586869,9.351701987361281,7.306916129264536
C02273,S2,0.424992079175367,0.18499990990489878,0.3702380602034563,0.20440736257126127,0.2403546673203837,13.451660941352477,2.6517062602525128
C02274,S3,0.6514374953054715,0.08053178886647401,0.3909279218108922,0.2810003313619518,0.24753995796068187,7.970645893182657,2.3037846965205633
C02275,S3,0.8137994223245354,0.19447825764495402,0.5319505028540529,0.0930747772863266,0.18049646221466642,16.188943034365465,3.2433804394329995
C02276,S0,0.2124527499231211,0.5341678934888904,0.021918363448334966,0.37459613118855595,0.06931761187421892,19.725792926398668,6.192096532398825
C02277,S1,0.4352409843179756,0.23339282855419619,0.6196590050548457,0.02581546767864122,0.12113269871231697,15.153773681376652,2.0198803234843012
C02278,S0,0.21022055227508388,0.25925984304805055,0.1209977828403972,0.33847865287558987,0.28126372123596255,14.770348651933297,3.363461184242369
C02279,S3,0.7439030752903038,0.11328183654996457,0.005526189424156875,0.8214987431022872,0.05969323092359141,17.489243964483883,4.1803180988466355
C02280,S1,0.10104541161125716,0.05583731713775805,0.12501974483976624,0.7874633670719117,0.031679570950564014,18.721735762226757,6.497440092645335
C02281,S0,0.40380387408602875,0.391464549404705,0.15622960061733632,0.2562849446838453,0.19602090529411353,9.877225089798625,5.7516889621277105
C02282,S0,0.012907701945515816,0.1798602908037772,0.2032779269196769,0.43752530927134453,0.17933647300520134,17.335515038979672,2.538415453292796
C02283,S0,0.22116455936482884,0.1751698595027213,0.19258195538917866,0.47203720165027185,0.1602109834578283,9.758879329112677,7.475254408239639
C02284,S2,0.4752197370621049,0.44825294092792933,0.31756805287572765,0.19045668772861568,0.043722318467727346,11.47711159147272,2.7501093073768397
C02285,S0,0.035985397235613316,0.6075427225843564,0.09735933015972262,0.043767476484028685,0.25133047077189236,14.367073275745309,6.180587860367907
C02286,S0,0.14534650497984286,0.011883773389721837,0.19965160209241772,0.7669272200078758,0.02153740450998441,15.005987175019774,2.3850210234936875
C02287,S3,0.9270549928333305,0.19670023034576203,0.2468854173897843,0.12222893268083654,0.43418541958361706,18.61469369641852,4.564613795531695
C02288,S2,0.23195367100835945,0.12419873203383373,0.2712151579004658,0.05865320908676045,0.54593290097894,15.954563943211557,4.834922708398247
C02289,S0,0.1580081175613491,0.3234201000622894,0.4103161681949761,0.17421281736783836,0.09205091437489614,13.943933755385371,7.083412072413781
C02290,S0,0.089034294632017,0.08457467870569087,0.01901895028135758,0.7665456886936173,0.12986068231933415,13.883026557496883,6.81624939376381
C02291,S4,0.1421902428591778,0.31575611990984065,0.24935886589002113,0.22246659733230992,0.21241841686782828,12.908642843704976,4.203362266282937
C02292,S2,0.8141584717172552,0.3764927617888598,0.230535337262465,0.19467534113319812,0.19829655981547695,8.702705651661624,2.5561727112779193
C02293,S1,0.276213112185687,0.19823408215813398,0.1294087709472884,0.33947781801959065,0.33287932887498695,18.0613097397803,2.3761025974721424
C02294,S0,0.4755184614362682,0.20148332704302607,0.17281076033111892,0.4785650080208033,0.14714090460505178,18.195252177763702,3.4728719601610933
C02295,S0,0.14166202914163115,0.3799019518215658,0.02274050430868565,0.5953398870002367,0.0020176568695120323,17.019318899155305,2.6282621867818867
C02296,S0,0.11495827389058555,0.7072090622934482,0.09799369598277202,0.03659035036411645,0.15820689135966337,10.897808798920856,6.578355494525442
C02297,S2,0.7305048427601409,0.558515629806801,0.17044801623222092,0.19506549927434216,0.07597085468663586,9.094345317697321,2.5680059040229484
C02298,S0,0.08535642658922682,0.7385140559536406,0.04925989975388068,0.14475471227716627,0.06747133201531255,7.6127190941091865,3.5975777522816044
C02299,S0,0.17015401706237743,0.211410781685179,0.7185584847699168,0.043862263139263676,0.026168470405640527,7.215443707539431,7.163417989566246
C02300,S2,0.25696420914691276,0.33890410390271747,0.4013438999475604,0.2280151318545137,0.03173686429520842,19.347885175684567,4.71966169978923
C02301,S4,0.1878748512289886,0.02311065952148012,0.024666152260988075,0.15140795617166258,0.8008152320458694,14.203875991502873,7.441591084791156
C02302,S2,0.3066451825029717,0.17584700493832928,0.6819349678376078,0.11008177926677087,0.03213624795729198,20.240240667868598,3.9771920366653943
C02303,S0,0.053729261582934805,0.17973412673877712,0.0019062007749439673,0.5736408893284185,0.24471878315786044,15.555480480080675,5.3925663202511185
C02304,S0,0.23787799158547518,0.6333454514131036,0.13050473689555622,0.08324838131874684,0.1529014303725932,19.07109248777526,2.608045323728083
C02305,S0,0.0743769568727023,0.03963793804247912,0.417703896727355,0.21371050159946792,0.32894766363069805,7.136705416412079,6.46040394708986
C02306,S0,0.196646338709291,0.11867976568274294,0.530373287220878,0.29644825588197504,0.054498691214404135,14.267074406932691,2.9307065871124127
C02307,S1,0.15295691761955896,0.3374807448984428,0.058857734163012015,0.15318100533390375,0.4504805156046414,13.556522989221136,6.671482823270752
C02308,S0,0.038489217063596856,0.18783401500730995,0.6433526752810097,0.02652307538018665,0.14229023433149368,18.771087188622293,3.5440064425816007
C02309,S1,0.5667690086734536,0.17867065380858746,0.07142219777273662,0.19305491177398715,0.5568522366446887,10.8048892715532,7.840896445083843
C02310,S3,0.8872381698889216,0.2830722401906925,0.2646423122102117,0.37262024438599334,0.07966520321310247,11.025872207356596,3.6733515232148495
C02311,S4,0.628457719468492,0.0551681880881158,0.050919748571902804,0.8491207587192134,0.044791304620768045,20.857808727751937,4.46766389686629
C02312,S0,0.14225419322999844,0.12093169085423296,0.27281117724276854,0.3158728295121676,0.290384302390831,7.250200905122974,4.262979084793521
C02313,S0,0.20710838815707375,0.02427452849956985,0.3175178350007009,0.0883793907630864,0.5698282457366427,17.53723645423603,2.6745935259772278
C02314,S0,0.1819691435889889,0.3603672194691595,0.25087361879958087,0.23564334803302886,0.15311581369823096,12.942317986802083,5.03182728516639
C02315,S0,0.12199770696848627,0.22464608645786605,0.20163065400719282,0.27007062945014637,0.3036526300847949,12.470538234468417,3.656581542682006
C02316,S0,0.10551271933705976,0.11726880541091303,0.01271980177135874,0.35381733745256355,0.5161940553651645,13.121796118470119,6.107829474088482
C02317,S0,0.3142784587589922,0.3206680982360731,0.03611329546732201,0.4186678939543058,0.22455071234229904,17.87842767930293,2.2449198136312067
C02318,S2,0.6323435744350498,0.17697706314634057,0.4100159275033182,0.18190751726920748,0.23109949208113373,20.214942836789845,5.509168084311258
C02319,S0,0.4579740806032425,0.13510377753732053,0.7936246983273006,0.030568128815792572,0.040703395319586215,19.483521880706654,4.585475419290031
C02320,S4,0.4333795303968778,0.320198353736635,0.21577251722105495,0.2259345453258225,0.23809458371648756,13.703193210328099,5.533599948667075
C02321,S0,0.24823751650465575,0.0731202644338633,0.8128426021665417,0.09453687361347152,0.01950025978612336,16.36727451102663,3.956466319499418
C02322,S0,0.22335185875027033,0.24727640853160876,0.04885573001953515,0.255373554738711,0.4484943067101452,10.134608833650692,3.2283125367930556
C02323,S0,0.05057254351418098,0.014463934678182244,0.010157572463700715,0.9326806256223452,0.04269786723577171,17.330475651103736,5.560159085914743
C02324,S0,0.03864183647647346,0.020793158079657655,0.8070237543739468,0.16349867223571227,0.008684415310683253,11.151383358199846,3.1982403032319597
C02325,S0,0.02280884749868295,0.016611101194867115,0.6093214286751913,0.03422695932125384,0.33984051080868766,7.119325782461742,3.090259898877954
C02326,S4,0.43097969837096894,0.02706373089064846,0.0021813124837913337,0.2095846581495936,0.7611702984759665,7.048396593499479,5.160019504901003
C02327,S0,0.12993102971326106,0.1523295570397564,0.582527263805853,0.20067897525090472,0.06446420390348595,11.116823025970529,5.38619966410729
C02328,S0,0.2383988044626635,0.7635673095269209,0.040292128118716214,0.03492073050578962,0.1612198318485732,19.825924853050264,3.259155648536462
C02329,S1,0.45732791303308706,0.8017418623664477,0.13128055794610455,0.004445081358298751,0.06253249832914892,7.845071216635116,5.988246630872709
C02330,S0,0.26950714943146875,0.13562502029040843,0.15213166302721648,0.16782738635722597,0.5444159303251492,15.384094623235933,6.1766588732319905
C02331,S1,0.41839728332037335,0.22968667459608033,0.11000028088292275,0.36977785671061325,0.29053518781038373,18.50767502413972,5.644635773608365
C02332,S0,0.07833162960356399,0.16135993253935924,0.740592780457586,0.059674859638320886,0.038372427364733896,15.981489103960916,2.3002000054120284
C02333,S3,0.9178361614574158,0.21480205314066478,0.08938065908910806,0.5922055707642219,0.10361171700600523,20.26833462403665,4.970850548801015
C02334,S0,0.14398173452464597,0.8628293799164577,0.004260987106637513,0.11824081836396637,0.01466881461293838,7.631640994280057,3.996921312913897
C02335,S0,0.049406615601253985,0.42554674793823416,0.34361481706425345,0.06456609142876085,0.1662723435687515,9.659565529695769,3.5966789579347562
C02336,S2,0.42190905386475724,0.14924922848045374,0.11622747846636175,0.6597462701711696,0.0747770228820149,20.36279928697634,2.881163633802718
C02337,S3,0.5766559207888681,0.06592040388197795,0.7408878324938049,0.13874841232250085,0.05444335130171628,8.954491894796497,7.223050560622307
C02338,S0,0.11330573776428386,0.12398332171811459,0.028408334999224277,0.011820664421174578,0.8357876788614865,7.95466566691065,4.005179034842872
C02339,S1,0.3401916717187693,0.3942520922300981,0.37533325970080456,0.17231549498701662,0.05809915308208074,10.382391850640154,6.357533101442396
C02340,S0,0.06600159708806684,0.026041643162024168,0.00919496507390944,0.2013108162491428,0.7634525755149235,15.481525085092166,2.315994633003642
C02341,S0,0.16958214055722468,0.06862831947798163,0.16568389700872407,0.30069576983239105,0.46499201368090304,10.764988977516909,2.778628477240216
C02342,S0,0.05147211652349031,0.3100782375783857,0.19172824411591516,0.32640330938158624,0.17179020892411295,8.860012062142935,6.849216579117082
C02343,S2,0.31450546508115385,0.026670778539635127,0.007037306916267248,0.14774790831942577,0.8185440062246717,20.177123194993992,6.733273136240603
C02344,S0,0.19331222743561827,0.2710250918776009,0.0019231143594574047,0.09647654776977724,0.6305752459931644,9.876117483214658,5.152061394437559
C02345,S2,0.33807913651068816,0.37429104790964385,0.4257985156841056,0.10577121003429996,0.09413922637195056,15.27890063731125,7.469506453652571
C02346,S0,0.40217372322626765,0.33261696638447474,0.1855487439336765,0.3849978535096296,0.09683643617221913,8.634301548219051,4.368132242506933
C02347,S3,0.6330967228402558,0.8578429648429643,0.029525165718871767,0.04859636869709932,0.06403550074106462,9.792821120831785,4.4890029192749745
C02348,S3,0.7653747245138743,0.36689936165188947,0.3719879513035941,0.18906996904926712,0.07204271799524933,17.16193937668784,6.37066852949556
C02349,S0,0.1050439872196675,0.24170052349898918,0.22474834153612394,0.0965556095568996,0.43699552540798714,9.28706512725049,6.793153097142804
C02350,S0,0.11402240198058917,0.007266532294983089,0.37903558621369776,0.5848588554405669,0.02883902605075223,16.50060749915339,3.7465659180975166
C02351,S0,0.005319095276177618,0.03203539154320524,0.028639101748227876,0.04481326640649828,0.8945122403020686,17.646091839580613,3.0576288623180576
C02352,S3,0.6787925020749476,0.7372787013766848,0.19630968272704008,0.04569338630499882,0.020718229591276244,13.560761850748673,6.966166585205999
C02353,S0,0.10920241844181292,0.03987575223673822,0.1731079210711794,0.7793115129720032,0.007704813720079295,13.194052176526963,5.084753637666422
C02354,S1,0.1592448309380743,0.5174891021630229,0.08963777943306733,0.19570582887225385,0.1971672895316559,15.057013198309043,7.770268579383171
C02355,S0,0.25329774403577293,0.8189685177113699,0.050444428859322106,0.003701783150442207,0.12688527027886567,10.78413315953857,4.552548035141193
C02356,S3,0.7167475017354621,0.24162498622814058,0.20105886185281405,0.32796102545764655,0.22935512646139886,17.838993457401674,4.539695679253873
C02357,S0,0.03411173003289366,0.37943330331366165,0.28628652581396563,0.09637348581345345,0.23790668505891924,14.45935771486996,4.227414312629691
C02358,S1,0.16273140829359625,0.3210373676153306,0.1686329323450349,0.4082022795184698,0.10212742052116482,18.723042965771594,3.2659882137620064
C02359,S4,0.06268818263035551,0.005103998439091315,0.6527005428087541,0.02479144628901034,0.31740401246314415,11.315826463208861,4.117934647755614
C02360,S0,0.10903912507977628,0.05937602741107209,0.21178234481350736,0.058055013165077676,0.6707866146103428,11.550087013552401,5.073366874931807
C02361,S3,0.6859313483144407,0.06022033265201624,0.08528705856084041,0.6446894900913736,0.2098031186957697,20.46717649730271,5.6357531363636575
C02362,S0,0.05937125156953581,0.08025511930883557,0.2104539019054765,0.5193020238868682,0.18998895489881973,9.101283509009184,4.673303543179195
C02363,S0,0.050088432271837284,0.662011719645515,0.11968285644293418,0.21003498785120395,0.008270436060346926,12.881952623790283,6.7634894796151706
C02364,S3,0.8195794504580217,0.26819592935226755,0.15421901577825958,0.4794936991542267,0.09809135571524619,13.056507647060819,3.078959698272934
C02365,S2,0.28344702516708176,0.3393312197000264,0.16004477493195068,0.24661540319434533,0.25400860217367766,17.129956405723647,5.923116436985809
C02366,S2,0.31116314501895165,0.21882332970512167,0.42448080024213813,0.12076171457694705,0.2359341554757931,19.64985353000042,3.9503328647746665
C02367,S0,0.26566903278518944,0.1717275817978935,0.5318973443261088,0.05748096174851596,0.23889411212748182,13.505185711915423,5.604158741721003
C02368,S0,0.01304205488121499,0.19227538579409087,0.19219038591857285,0.35849702813299766,0.25703720015433856,8.215534882419927,4.642400456245896
C02369,S0,0.38304385080587033,0.287130679895645,0.12295635702804612,0.21167851183140257,0.37823445124490634,15.093970735680188,5.15414659518302
C02370,S1,0.2080442747890415,0.12121800334720274,0.11526113793090347,0.21510384497467241,0.5484170137472213,7.084032623311499,6.663446846841465
C02371,S0,0.004672461544517198,0.24663480073026428,0.34800796888875407,0.20016590630284697,0.20519132407813487,10.645016967960567,6.256403628868799
C02372,S0,0.15389693301044918,0.6490749577258463,0.0689451695742898,0.12244229672110474,0.15953757597875923,15.680756395077513,7.273712971357634
C02373,S0,0.03460592634064288,0.19429487125464556,0.03457478626192468,0.017787863079653934,0.7533424794037759,14.783943779719216,5.296784782023991
C02374,S0,0.31375477629958554,0.051415628199329634,0.10011042573037901,0.2261964342575224,0.622277511812769,8.553771976990353,5.283670955434463
C02375,S0,0.33197163274635977,0.2564789919084325,0.4916422193241987,0.08972772890199666,0.16215105986537223,9.916760559896726,3.8333958779247927
C02376,S0,0.028564320269918467,0.17719170414098842,0.2111208569136726,0.386196760540595,0.2254906784047439,18.710652379401495,2.2281885136215305
C02377,S3,0.6056516561881956,0.04791002815590128,0.7127609169572895,0.2126936398800403,0.026635415006768807,15.64012183467955,4.443581414818328
C02378,S1,0.5241078501027594,0.11004872032174302,0.1219547970391771,0.4759197801172272,0.2920767025218527,14.14348087730896,4.302436744065691
C02379,S0,0.20607717273681922,0.6896565076309761,0.033104458527176285,0.0375495078808136,0.2396895259610341,14.210180759983615,2.4108577023336597
C02380,S2,0.38772822071432617,0.08443037145669313,0.6349306924645357,0.1587152980721715,0.12192363800659961,18.803058645355087,5.493677698272955
C02381,S3,0.43820518803224767,0.022534247781920556,0.7876419151645396,0.04651877271997462,0.1433050643335652,10.377340233718542,2.675931921692265
C02382,S0,0.18712048846782872,0.4202964406778121,0.3486735991796377,0.026400626713083124,0.2046293334294673,17.345363565233406,3.422062125597373
C02383,S0,0.07586433266053022,0.8553864928342673,0.05695384619096981,0.0065038924325206025,0.08115576854224217,8.120950735242701,5.249192574610685
C02384,S0,0.2138918462573012,0.24976145144779757,0.4889377926733972,0.09410792133159271,0.16719283454721226,8.367510177212456,2.2700157997577772
C02385,S0,0.010965082199808105,0.004168347460639553,0.38866279241058915,0.026664347739249177,0.580504512389522,17.022999690793284,3.0213880318787405
C02386,S2,0.5008807906107591,0.27449455658600547,0.5782283464522775,0.009549969025431372,0.13772712793628566,15.602550286939403,5.810942538592116
C02387,S4,0.04220375761460978,0.23690293943813567,0.4000231104004512,0.07825003883445036,0.2848239113269627,20.324943348114694,4.237216722605095
C02388,S0,0.5841672702145341,0.2814521395209351,0.37828069096619105,0.18634746598550214,0.15391970352737164,8.936064841417553,2.050461656230887
C02389,S2,0.619951576026076,0.5418891793834809,0.10418348717975984,0.041049548174648086,0.31287778526211096,9.687267024922237,2.824025350172562
C02390,S0,0.027383646483756754,0.12872845018440918,0.6833460820940284,0.10073533740120362,0.08719013032035898,7.276076151332926,5.361982893975204
C02391,S1,0.22612686179193744,0.012181707433036808,0.8588518310945311,0.023529226778256435,0.10543723469417549,19.25325265664687,3.002556932583408
C02392,S2,0.14735698967972943,0.7469187365090164,0.08774466752776856,0.07041043456279684,0.09492616140041814,7.041238115907218,6.298551643953833
C02393,S0,0.06072662533576013,0.04955564810262559,0.03862373194997102,0.035827677281415296,0.875992942665988,14.000485483480398,3.373615758754995
C02394,S0,0.10585330765681382,0.04545593394962459,0.27275320745757375,0.3460019150419375,0.3357889435508642,20.607693342094326,6.873901134072414
C02395,S1,0.3176851738624315,0.035953217161231,0.6589859653176299,0.23376804941965956,0.07129276810147941,16.372919626384054,3.041556971095607
C02396,S4,0.36264438557174744,0.06377464861974153,0.6219409630464798,0.22918829816831002,0.0850960901654686,13.923632802467537,3.811559748199509
C02397,S0,0.02539325724571869,0.11112237140824757,0.5270939405336322,0.2838017723540136,0.07798191570410656,20.929185210120032,2.814746004693238
C02398,S0,0.0904340360358968,0.1422479686451673,0.7007989149423514,0.1423330126012102,0.014620103811271105,14.972013229996364,5.919780454914795
C02399,S0,0.018224502469708123,0.18262268082351554,0.2126047878781754,0.458845424687197,0.14592710661111183,12.004891343410003,7.675968746266317
C02400,S1,0.0650913583372839,0.3674916380466895,0.24001896219313898,0.11497121380496757,0.2775181859552039,11.92772132996434,5.045703784753451
C02401,S1,0.15077732439124392,0.19386379057226355,0.545258483017579,0.021333402109919263,0.2395443243002382,18.633882914435773,3.386525461564072
C02402,S3,0.6916984858248691,0.13230005119058952,0.06595197376097706,0.42755735829567565,0.37419061675275783,11.470275875099972,3.2197103800871854
C02403,S2,0.28965690708363545,0.13297864113415528,0.2651130516082477,0.2913470958704498,0.31056121138714726,10.008709737446514,4.166598397729724
C02404,S3,0.6424132034195636,0.10911538437186194,0.16477715284123431,0.5140771996305673,0.21203026315633647,15.975082710567625,7.06330484103398
C02405,S3,0.48416231644488966,0.4772045387709005,0.20857119290583362,0.08401680687406508,0.23020746144920073,10.235488761136743,4.2696025291599815
C02406,S0,0.089528873525142,0.6333282775802175,0.04651364569980451,0.26166573224648215,0.058492344473495855,8.519662921153396,5.85831299945095
C02407,S1,0.27397380434015084,0.05881612464921272,0.2327629555891336,0.6581059736288427,0.050314946132811,7.937544488839552,2.624613985117243
C02408,S0,0.11563623123970192,0.003965105943336889,0.0349978288540957,0.14669803207616944,0.814339033126398,12.11792001208697,4.1204423158216255
C02409,S0,0.04979010404080275,0.09466358980838319,0.09434778674319762,0.14890995655485423,0.662078666893565,14.226751157907486,7.280762910916251
C02410,S4,0.12574619484739866,0.2581282373811484,0.21751500739848256,0.2865089827186504,0.23784777250171865,14.072819178586645,7.274231485813455
C02411,S2,0.38672324793539786,0.18161891153400453,0.6625551440885162,0.02818288144672746,0.1276430629307517,10.15725284794358,2.0954437530967085
C02412,S4,0.0959517744128814,0.49011229905848536,0.2883757340543119,0.0347425971893057,0.18676936969789712,14.677148621911716,2.490063912558697
C02413,S0,0.04161512988792616,0.4057063125308116,0.2700931962680213,0.31195474987777894,0.012245741323388307,15.23013541812633,3.5871821671326733
C02414,S1,0.3254152069193235,0.22758036393621514,0.031942055959295175,0.5595054677011471,0.18097211240334254,20.83006742844123,5.618022410642446
C02415,S0,0.17070054134740162,0.4196073486462058,0.30002681579624146,0.00416168819235051,0.2762041473652021,7.949305288604096,2.8969054657418103
C02416,S0,0.12934392764091504,0.18466293121928778,0.49023512709269884,0.2685576561098748,0.056544285578138606,17.520752688934408,5.765362989395289
C02417,S0,0.0019293781334595878,0.05261928146384594,0.24145729705313457,0.04135666728112573,0.6645667542018938,8.63969125616232,4.056830458213426
C02418,S1,0.1084362561415982,0.1170675595163509,0.20278081518394875,0.3954644185836715,0.2846872067160288,9.354581999933405,3.3127690779378254
C02419,S0,0.3243101223168886,0.8664582237789829,0.026128968439520308,0.08304533056162465,0.02436747721987237,14.60852821105,2.3648313942385633
C02420,S4,0.32707159397938373,0.2590545739421811,0.3667318131289424,0.3434103444479821,0.03080326848089452,18.15588231367184,4.138272981188251
C02421,S0,0.08456984703007454,0.18567319456308115,0.3192761523852919,0.2936748455371678,0.20137580751445908,13.044129711890761,4.625761602956917
C02422,S0,0.422570297962855,0.2381851370528686,0.44382332035869515,0.1788528627434852,0.13913867984495087,19.382519648763143,7.319426201826397
C02423,S2,0.7940752219651045,0.013602120995809975,0.06759234907374574,0.8565044116920563,0.06230111823838811,9.944612767051765,2.7066077118923775
C02424,S0,0.42849631297855734,0.08350839930102902,0.5391788594588975,0.19901666419376313,0.17829607704631045,18.53171266846006,5.383332695278654
C02425,S4,0.1520205187561257,0.1354536234738193,0.4331469948535709,0.2673807182935581,0.16401866337905174,20.998728219321176,7.826313455556439
C02426,S2,0.34674161283122085,0.42890616152577105,0.18365435020006834,0.22525002339909625,0.16218946487506447,20.801361994758434,2.1227595213066666
C02427,S0,0.019316931980555327,0.1749499498591726,0.49188441386143605,0.1436515448031605,0.18951409147623097,17.907996165450207,6.379060678244982
C02428,S2,0.44508315832166334,0.059542493929976285,0.08893220776782713,0.26991181787757407,0.5816134804246224,9.560892974737488,3.682643639242529
C02429,S1,0.21647976147627182,0.10905202033987633,0.27190216060178174,0.2462067304934516,0.37283908856489045,18.066932699108236,2.2640865498383325
C02430,S2,0.5644840099189512,0.2602975379111889,0.483916914159696,0.10245576616915794,0.15332978175995704,20.282221887009438,3.5710774099451608
C02431,S3,0.8175629334987412,0.340472318150649,0.3750155427056843,0.18526298369390362,0.09924915544976316,7.898609448058099,4.235518488943223
C02432,S2,0.13834338226439705,0.2714049052531013,0.22103970680681043,0.4483435061991017,0.05921188174098657,13.896104899773317,6.673724962001798
C02433,S1,0.46545316630168926,0.1759298172034407,0.21553985927409602,0.19115401521462938,0.4173763083078338,19.156080847185184,6.551275954804572
C02434,S0,0.06453047329231809,0.1688556786963426,0.20710804593410406,0.3459042474612086,0.27813202790834474,20.482729307871036,6.716427182776669
C02435,S2,0.24327871119141098,0.6040375103305097,0.2330669644038454,0.024819047919079348,0.1380764773465655,20.030458350414364,5.202571202545469
C02436,S4,0.3086751667800983,0.3971184148705096,0.43675357388050046,0.08423642684589842,0.08189158440309144,11.355580904370001,3.491553494381401
C02437,S1,0.14757058651332877,0.8748217245281622,0.11522788179109741,0.002676552815446595,0.007273840865293816,11.985608632440062,4.999570235472106
C02438,S2,0.18840682151591237,0.06761204713860532,0.44691347861763037,0.34179592388465935,0.1436785503591048,11.562852699642967,4.15123905023404
C02439,S0,0.16630330649248257,0.2074263278678523,0.6408687029119134,0.009775894104667103,0.14192907511556704,8.389176298123859,4.782629183219295
C02440,S2,0.5010015819501721,0.40029685414665256,0.22925683361442997,0.307870362352451,0.0625759498864665,7.846364343849787,6.998572250131588
C02441,S4,0.2701949314956048,0.19216494693539643,0.11189478231852766,0.35282484006989345,0.3431154306761825,19.51756439663435,4.925545694793092
C02442,S0,0.4175717206928991,0.07669791993730861,0.2188648052817743,0.6361198063122322,0.06831746846868486,10.131379243933702,6.859413983257779
C02443,S0,0.030639149797587653,0.48975101178942304,0.21935838642423452,0.16293225602739111,0.12795834575895135,20.402107296760065,3.4101632213799378
C02444,S1,0.5636746436722785,0.2546591462277937,0.08514241290528217,0.4559308587478551,0.20426758211906898,17.287800485564595,7.652599024645875
C02445,S0,0.009713402356439301,0.2648433125373096,0.30837689764257326,0.19578824097527697,0.23099154884484002,20.329008290903374,4.338471748960768
C02446,S1,0.37607169572156374,0.16182141748467588,0.6546246860456189,0.16851844184292344,0.015035454626781786,8.157257352312033,7.721941880799005
C02447,S0,0.16773034358860228,0.21024839266423867,0.245813841735138,0.3012978305353818,0.2426399350652416,17.179227732533576,3.016970338771406
C02448,S0,0.3114868167721001,0.00441236499828774,0.3077166417586239,0.5475197966510579,0.14035119659203033,19.74743182883823,4.635180392837398
C02449,S1,0.25877658405595383,0.2692942597221873,0.5263507917150683,0.19117258968510653,0.013182358877638006,9.418296426019502,7.427952329735201
C02450,S1,0.23027968414145586,0.1788181680726768,0.2142591107509202,0.41714903791756336,0.1897736832588397,16.89661715451981,5.761435060559743
C02451,S2,0.21273258543184423,0.10587061887894007,0.17937424030891144,0.6086725249561282,0.10608261585602018,8.733363680840242,7.588268744066447
C02452,S2,0.4802209127141547,0.12610194983405243,0.1689416629667751,0.5277249844624899,0.17723140273668253,11.616741872089577,2.588334916460564
C02453,S1,0.14402572629731902,0.3412900747868498,0.08331747526225237,0.22326576482659669,0.352126685124301,10.672328769938648,4.926136531028226
C02454,S3,0.7845795396665682,0.015021990067294964,0.05174487992322727,0.8263830114606248,0.106850118548853,14.038984435874799,5.854971457316538
C02455,S1,0.1198526394760257,0.026394704599657513,0.8091150887704556,0.12177221078742326,0.042717995842463635,9.13455192766515,6.061397879376936
C02456,S1,0.23731895634669756,0.3339431286678138,0.25981477268149017,0.14328115982134332,0.2629609388293528,11.459405823096006,4.895515114195094
C02457,S1,0.48235673467337453,0.16526616502766667,0.23756652164850536,0.2951377470322429,0.3020295662915852,15.30865304747746,3.8213718766687483
C02458,S0,0.26948926088625613,0.33442466827099476,0.28418305463247184,0.18935914735458326,0.19203312974195,15.759908874245058,6.423323433793743
C02459,S0,0.05458361692209441,0.4437096176094992,0.44134872148754295,0.043656012747373844,0.07128564815558402,7.915594148756151,5.0267658057454385
C02460,S1,0.2585279300883477,0.1075500605096885,0.8150992350635802,0.04231378058255583,0.03503692384417554,17.108117055769252,6.153739625079733
C02461,S3,0.8738196298268077,0.006880548526611048,0.06306348560540588,0.6958731563247575,0.23418280954322565,16.696080183380865,2.5556795090383027
C02462,S2,0.19043299716840284,0.09183956564584107,0.10888680575619228,0.2498663041917664,0.5494073244062002,8.657322365662226,2.9922793591279895
C02463,S0,0.023966997934246514,0.43645956855122736,0.03288821728675901,0.09443387180320921,0.4362183423588045,10.769154059410315,4.344885761476052
C02464,S1,0.3083876013410838,0.09812745685973122,0.2926667737760611,0.5561866934498038,0.05301907591440402,15.719792492665375,6.609782662157
C02465,S0,0.15857520590527488,0.7240910359092356,0.09789320271596313,0.02419631434385405,0.15381944703094738,9.821622198309207,3.4780567343431876
C02466,S2,0.14558313043693433,0.3006822145617372,0.3657931974518025,0.18897079329303185,0.14455379469342838,20.459290534881887,6.200495041209992
C02467,S3,0.8242615124307049,0.014550333003864126,0.29762787456803524,0.49626098389108203,0.19156080853701848,14.382899872374612,5.70397777388548
C02468,S1,0.4733048494387938,0.6357704828286246,0.29150540059376895,0.07020902153364096,0.0025150950439656464,12.146297674648654,7.487211014927351
C02469,S1,0.17003026481550707,0.08255582234410969,0.32197661553050305,0.3751766990906866,0.22029086303470063,12.053014938883098,3.6000284555298228
C02470,S0,0.13049441849050947,0.09258560021298855,0.2692468424953145,0.008573754265370085,0.6295938030263268,16.285710669941913,5.588844593414124
C02471,S0,0.3872722900478717,0.07671707646980008,0.11252399083793566,0.6099605620927454,0.20079837059951897,10.644420293876852,4.690447686233763
C02472,S3,0.7321067914540283,0.2427356604935436,0.12537861258286645,0.2643231837320806,0.36756254319150944,13.168461041057313,4.7333246086828
C02473,S2,0.33276136166818215,0.06214979573090075,0.5161903774994435,0.3895477662747843,0.03211206049487122,15.859866183314626,4.822945399652262
C02474,S1,0.13600950287015648,0.18095283276263274,0.6046303294408898,0.002930635301761925,0.21148620249471553,20.934790625603,5.375260115781121
C02475,S0,0.03954342115865694,0.29203717285280567,0.2724660731962176,0.04090754253044926,0.3945892114205274,7.754172369901433,2.5761406128373756
C02476,S0,0.012875369089933844,0.3235794788848069,0.21610051962470625,0.1914023678544293,0.26891763363605753,17.453920340877673,7.770129094074543
C02477,S0,0.02140438503887912,0.10086042260098647,0.7904341905155047,0.037047603193266866,0.07165778369024195,19.376200485544892,6.340617168958451
C02478,S0,0.17920750038741345,0.3392279414253025,0.08055765789001286,0.2562772479830679,0.3239371527016168,11.467475772397405,6.27850392769421
C02479,S0,0.260622770129987,0.31749782912006275,0.18237878682715397,0.27206316992666146,0.22806021412612176,10.673223135620535,2.040325426910027
C02480,S4,0.47924856002178207,0.18043420178907218,0.03932170203497843,0.1911186774937262,0.5891254186822232,14.650710050841859,6.669631270216879
C02481,S1,0.24676693505769204,0.012472402613269462,0.8354576090734229,0.11288568972347074,0.03918429858983688,19.01665221325169,4.813121107890415
C02482,S0,0.12079482493696558,0.5180394994835112,0.04369722619284991,0.43448013786282674,0.00378313646081223,13.145274457734303,2.1993504112258497
C02483,S0,0.33606884957648314,0.16035695156029872,0.18787907673055246,0.4928517808851792,0.15891219082396948,8.09914479202088,4.904355484591536
C02484,S0,0.1565479204332439,0.38265797683772157,0.19229332978325828,0.09583716063740193,0.3292115327416182,13.815071576136368,5.921521827812974
C02485,S3,0.680765849747572,0.12943636599126698,0.7603679987114005,0.09342880104636367,0.016766834250968705,19.186271799354838,7.0078810579563715
C02486,S0,0.12257084963194316,0.23969856156618896,0.17622602733919604,0.03627239635926505,0.5478030147353499,10.78176261032505,2.0034924451369047
C02487,S2,0.34805824056469675,0.20351899904573342,0.3818810449285125,0.23644314872420927,0.17815680730154476,19.801991337847312,5.975594188220948
C02488,S3,0.6614529954382738,0.08762233389463721,0.6674387722464068,0.179984009969792,0.06495488388916398,20.78565842406765,5.267010059612209
C02489,S0,0.014167612796126772,0.05836272043428816,0.06515685958390938,0.8380683741283584,0.038412045853444016,11.51710146694999,7.844458955674936
C02490,S1,0.0813358041566877,0.32436956262177646,0.2656012986273058,0.2771342098469791,0.13289492890393867,9.924078932657672,5.662202844498948
C02491,S4,0.2344943852068112,0.08483230919700173,0.470406658206544,0.3975645308676591,0.047196501728795213,16.90090478963362,2.7796525061184596
C02492,S0,0.03765009781729967,0.3215423162488959,0.021461380380177073,0.4668029095005301,0.19019339387039702,17.589944315487656,4.888641773126986
C02493,S0,0.20092915672521133,0.13908399297858667,0.039645826318340675,0.22220141455644069,0.599068766146632,20.511195623009932,7.202804035778707
C02494,S4,0.24822681764153898,0.00019158597096213153,0.31502805207246354,0.6819251740303548,0.0028551879262196855,19.264286186148894,2.4231083567650034
C02495,S3,0.8821281344351273,0.18719927279810583,0.011668919719309659,0.7841518485689036,0.016979958913680974,12.677266412417179,3.3625329887371445
C02496,S1,0.1542219455703596,0.16589280591199715,0.04901732681671053,0.7625721663273363,0.022517700943956095,8.861209140674587,4.601164377004952
C02497,S1,0.29929035767679363,0.5694735668971396,0.09920690295604309,0.13839989413458706,0.19291963601223042,15.677835022134825,5.786925055462512
C02498,S0,0.1900694715549443,0.027172135849841742,0.1189268370418207,0.43728876406833883,0.4166122630399986,11.088336121402135,5.0969709592233405
C02499,S3,0.7280840791894879,0.0003677500574539449,0.4926563857085615,0.4698061337358268,0.03716973049815776,17.4755408048202,3.320414004248451
C02500,S0,0.08996785265304967,0.16578934534038967,0.5003023866100705,0.23745697267709812,0.09645129537244165,14.516810684595807,6.322080616555137
C02501,S0,0.35555626563322384,0.05268833984821684,0.46858925815184105,0.3413471142040596,0.13737528779588243,8.176760789849963,3.9109266810010346
C02502,S2,0.3449343441920312,0.06705848689421201,0.7780006967156664,0.12004156989483561,0.03489924649528584,12.222574913278939,6.7946506787292
C02503,S4,0.3386299727707631,0.25513195092716323,0.5738581455668029,0.09750402343439098,0.07350588007164291,10.37389581590508,5.143352040807441
C02504,S3,0.447107742041687,0.14908078590091753,0.10351323535452106,0.032880734891424374,0.714525243853137,15.19799185728444,6.756662636095251
C02505,S0,0.19348541175406084,0.05883600158782689,0.3925641306279326,0.4117320906055968,0.13686777717864368,11.559956302328294,6.6914545851283656
C02506,S0,0.34414022090255586,0.16064087249605272,0.09209349178634575,0.28513423367067453,0.46213140204692704,20.306356216422934,3.9557125758019436
C02507,S4,0.3646509423829516,0.3419243286966139,0.49490431718984446,0.016503793472420144,0.14666756064112146,17.691878334280567,7.31955969080637
C02508,S4,0.056690269670857496,0.026684413265350843,0.13342550051801091,0.32827136826667463,0.5116187179499638,12.475539790847588,4.3670312371291615
C02509,S1,0.0927164808182955,0.012957126894305171,0.053343772090260325,0.026312265482528283,0.9073868355329061,7.5135710749534015,5.1579781253232575
C02510,S1,0.0718002001367538,0.25766421056635985,0.14723766582355102,0.27134797946871986,0.32375014414136943,13.689383926522494,3.6999531354118345
C02511,S0,0.07044607996702207,0.004363563144203985,0.11213189985589538,0.6652114259209151,0.21829311107898555,8.854723758148657,7.692541638120179
C02512,S0,0.1345090045306072,0.5032033080266362,0.09946940449028346,0.16923077088450436,0.228096516598576,9.642301488792164,4.6297515862254075
C02513,S0,0.17384446548285676,0.10010493060441106,0.5691188805438145,0.294640073817821,0.03613611503395345,10.36724798556708,4.880214101435345
C02514,S0,0.12886488355802186,0.2923218124440709,0.25997748497078843,0.2531709079148859,0.19452979467025472,19.434683356856883,2.9829624344958736
C02515,S0,0.1843603323809791,0.25391397164600077,0.2648806639428331,0.25460015210232045,0.22660521230884575,20.875117199454237,2.899372612949768
C02516,S3,0.951963163028084,0.3760163987488882,0.1382727308947723,0.2922170473375841,0.1934938230187556,10.875424022226017,7.4464348390422
C02517,S0,0.07274822789366528,0.7506379281908021,0.09718984380480798,0.1304426313014109,0.021729596702979116,20.12347784352451,6.666138083891445
C02518,S0,0.004887271563182931,0.551094030701515,0.31112780887478914,0.008747862559337476,0.1290302978643585,19.56717461169498,2.084934741117192
C02519,S1,0.4031876051023788,0.2898286273813841,0.15829618390027125,0.5075636918182904,0.04431149690005422,10.388555759809389,7.029008858205993
C02520,S0,0.2409845725368076,0.3266861276692239,0.008219160302483156,0.3716851557759424,0.2934095562523506,16.38650273181236,5.293591900263916
C02521,S0,0.2922026489694633,0.4434618535843061,0.46228792790972384,0.06343115643056424,0.03081906207540585,8.435452813427478,3.4418834890553285
C02522,S1,0.23354046271478568,0.34190680121284406,0.2893019376559985,0.12629678900665395,0.24249447212450337,15.794676058669234,7.850353474404309
C02523,S0,0.4386012511718146,0.14901269598459468,0.12710640333102005,0.24170897339794017,0.482171927286445,7.81640427271061,7.877940635666173
C02524,S1,0.12573307133269826,0.7644587361149263,0.027838485140645623,0.06792004966559093,0.13978272907883707,15.680026170689626,4.44160637881928
C02525,S4,0.45310782360771906,0.40862158505175233,0.16303088061950374,0.12567512279509407,0.3026724115336499,18.193067667064945,4.018435151326424
C02526,S0,0.2573360254334473,0.3244061040298943,0.44303314925079734,0.14732075365561245,0.08523999306369602,11.044154541749801,5.283666523722696
C02527,S4,0.595820485273827,0.11277543073967915,0.7285006215090379,0.08882358107940035,0.06990036667188243,11.229941690129358,3.0890292808594983
C02528,S4,0.21134721806008355,0.2109355306108512,0.7536617854752198,0.020561727864584604,0.014840956049344512,11.913050826109519,4.32964069537867
C02529,S3,0.592987925806833,0.4233351279172635,0.24478440230242354,0.1422742348252307,0.1896062349550822,13.337686278221597,4.945375546012849
C02530,S1,0.3385424723118532,0.5555054487007364,0.2347838769847155,0.1077693363897487,0.1019413379247996,9.732236099704753,2.7452249054476687
C02531,S1,0.1302455814942803,0.032429751255182986,0.1278332707510449,0.02341929115452075,0.8163176868392514,14.966991330373837,3.272208469508138
C02532,S1,0.2976460828681775,0.1260798720498713,0.4053948994953119,0.15632548732709314,0.31219974112772375,13.954108334892393,3.550205928624077
C02533,S2,0.3595442067302916,0.37952117372249045,0.347456286502449,0.06428726814612684,0.20873527162893368,11.342582586347975,7.5686894436915715
C02534,S0,0.24286363786882587,0.22580105885998397,0.39767376909649066,0.17007472322652725,0.20645044881699803,10.1910538020358,7.318005684345524
C02535,S4,0.19823970133670044,0.1839786354457701,0.4158191608278406,0.12587233492379007,0.2743298688025992,17.14871869724442,4.412202604244589
C02536,S1,0.5303682599030598,0.2730773709808489,0.1691582672978379,0.06749431215286306,0.4902700495684501,15.566226999056097,5.343325564626489
C02537,S3,0.6097318470590247,0.39729562089404546,0.16259996788199002,0.13972298166056868,0.3003814295633957,15.135863834985347,3.8919271253114953
C02538,S0,0.0774391691222894,0.09237262910987755,0.17849860047013658,0.4931828076219395,0.23594596279804636,8.730397809086103,4.7315778635189725
C02539,S0,0.22971363845325435,0.059337436909330445,0.4642231065115765,0.13500174725277447,0.34143770932631845,11.236095731481562,6.454273448068004
C02540,S1,0.22495771571418013,0.21903266790148515,0.24509279142185447,0.1253006121885391,0.41057392848812113,7.4234541553781295,7.808104621012208
C02541,S1,0.12362194910372945,0.2053009137838175,0.11981306433988788,0.12276526338430202,0.5521207584919926,7.462951628317112,3.0346042706693845
C02542,S0,0.13037565739539933,0.26483247741602445,0.10056160006890608,0.3847511200157913,0.2498548024992783,17.820054613990195,5.171727705038007
C02543,S0,0.216850351003839,0.4385007599993953,0.5132910392035636,0.007638403033342388,0.0405697977636986,16.234284115786284,6.890857415418093
C02544,S0,0.03966304756058221,0.001703146088120611,0.1343855073150704,0.009812317991150187,0.8540990286056589,17.164577565192328,5.566569560589972
C02545,S1,0.04018363194425637,0.06658324767858895,0.8663370413844701,0.045177246006526464,0.021902464930414617,10.560138022955051,3.4388697765814635
C02546,S0,0.12777965947489878,0.1055482280450487,0.3101958798547824,0.5763747665035358,0.00788112559663298,18.020733731002288,6.145853430360008
C02547,S4,0.36536185943205096,0.28380490841086803,0.4972943557903889,0.18074161038129993,0.0381591254174432,11.884548837103248,5.77439499200404
C02548,S0,0.10575726677518225,0.07782175430271561,0.016850914067183056,0.23078450384769503,0.6745428277824064,15.252601305221289,3.3607218181307914
C02549,S0,0.058207923474246734,0.3481652344807808,0.04816009701779571,0.12763295272468464,0.4760417157767389,12.837091517361106,3.527604379079466
C02550,S0,0.15243338787163432,0.15834816038174931,0.053369344041931666,0.230746566836494,0.557535928739825,18.611363490758826,5.8834824375020105
C02551,S1,0.20262099924180618,0.0345906646451216,0.31273734764670424,0.023915226611208304,0.628756761096966,16.56151917297965,2.489840755153438
C02552,S0,0.2830368890921569,0.48678422938799265,0.08214153126492263,0.23017720141273204,0.2008970379343529,7.170365218139437,4.86120919867243
C02553,S1,0.30145178104023007,0.17171066115600753,0.05272938447349865,0.48237769759657584,0.29318225677391807,11.53719098038652,4.967675145429275
C02554,S4,0.19493937283496202,0.099677953480786,0.24474968600143182,0.20283578484016204,0.45273657567762,19.49000192967368,5.371267013680163
C02555,S0,0.14777821129794397,0.05580174123620957,0.520902022590765,0.016400203557655497,0.4068960326153697,11.614740048551297,5.211836714837875
C02556,S2,0.5357333208171434,0.33285433178093005,0.25014203478110436,0.22923460336172813,0.1877690300762375,8.811867479947992,7.022728267605399
C02557,S0,0.18027345116365034,0.013683988482598712,0.059309864089870566,0.6413522005739721,0.28565394685355866,15.644181002295921,4.938898052925742
C02558,S0,0.0964671568219203,0.4918751208633534,0.11090558499139068,0.22842711658032105,0.16879217756493495,17.929628365859656,4.625316261154742
C02559,S0,0.04752807605725215,0.1267068597544373,0.13979406082145798,0.3556502608443954,0.3778488185797093,11.997904625942638,6.7435360050869
C02560,S0,0.3677388493608195,0.26667726868605757,0.1848596366062872,0.13229007679535235,0.41617301791230304,18.581838243381668,4.614604952382333
C02561,S1,0.019715566473599806,0.013880465021151173,0.30289064779654884,0.26689016871232063,0.41633871846997944,16.265751072471588,4.88209165151447
C02562,S2,0.37293837373574384,0.42524380909395104,0.10037032035031984,0.3114203964256149,0.16296547413011417,17.382267893301268,4.80319916312116
C02563,S2,0.24835808678229565,0.019602183484398128,0.18921215999172716,0.7686951296510267,0.02249052687284795,12.499902849112292,2.8324558312703623
C02564,S1,0.2268865532005763,0.11069505667093593,0.6235446690878961,0.1342575394984517,0.13150273474271634,8.213791094904519,6.226635000364717
C02565,S1,0.0959189858726954,0.13764136091086224,0.40606891532267564,0.3569031316922983,0.09938659207416382,17.644511800667537,6.308751531983037
C02566,S0,0.3212600954680819,0.06209060243746187,0.196270434615549,0.4212389025670871,0.320400060379902,15.112004353036065,6.7182821489724915
C02567,S0,0.15097211618896986,0.17936570537972307,0.12090490324984014,0.16219809855066097,0.5375312928197757,12.716444884641398,5.549615678073902
C02568,S0,0.00984637712345121,0.5829028331517516,0.13954892178306041,0.2207755699817822,0.05677267508340569,9.393591330462131,3.6443393540642415
C02569,S2,0.4027865130437871,0.02455850195278727,0.2663056857158643,0.605372263546733,0.10376354878461527,7.6748462980604515,4.463821929533232
C02570,S4,0.3196014204755629,0.012215118270248243,0.3620423159423605,0.596618362951751,0.029124202835640364,12.079048364297448,7.277855293044135
C02571,S0,0.13439880090494097,0.21656394185638084,0.3324673934814116,0.2618568499544498,0.18911181470775776,11.04280892309787,5.31442464892665
C02572,S1,0.13772855004163687,0.06812278844892446,0.20943349836502725,0.4413050842626687,0.28113862892337965,7.888809412635768,5.993509518687958
C02573,S2,0.5328264401535914,0.28830693824635695,0.4258142043450681,0.1548398644513822,0.13103899295719265,15.80108284707301,5.551003550549634
C02574,S3,0.7971490937848968,0.028418270179190887,0.2370726657925169,0.7153118505019966,0.019197213526295633,18.624583580245517,5.739184036778359
C02575,S1,0.2289618191131532,0.5482929849705827,0.07255942032476138,0.26927798558537963,0.10986960911927637,15.411609568831718,5.2756575300259625
C02576,S1,0.09807602374203911,0.14059555227137768,0.01641323041669831,0.6031079534680455,0.23988326384387865,19.901332260781412,6.097484894158006
C02577,S2,0.28230678039061535,0.4701238817052073,0.020404820285036186,0.12495474050997778,0.3845165574997788,10.378315663306015,2.0756729615287366
C02578,S3,0.483743149820514,0.014967110990919989,0.0996792574725046,0.14206936123998715,0.7432842702965882,9.863041357830179,3.87691736073514
C02579,S0,0.22442128044379286,0.4602321236439559,0.11628939849061463,0.1669064081301446,0.25657206973528496,15.643458326403376,3.4597096640880345
C02580,S4,0.2223356893784018,0.16834373706926667,0.21657621601400112,0.05064529127988168,0.5644347556368504,16.24110466858879,5.2659751133249895
C02581,S0,0.19471554381144088,0.05503509863040533,0.26444746001271435,0.03379926700363917,0.6467181743532412,10.67712100170732,5.497144025179404
C02582,S3,0.6961339764466238,0.5205372791991328,0.11227791292025968,0.018775403630339162,0.34840940425026834,9.525871415445096,2.122124996772345
C02583,S0,0.1888300502941579,0.11733441663361541,0.11905370375488278,0.08548707509154788,0.6781248045199539,12.62536176297286,3.992402455040377
C02584,S0,0.1080695059125663,0.10767300718965662,0.4099285432841866,0.2672605874399873,0.21513786208616953,14.510818942040283,5.8256865452530935
C02585,S0,0.06184327917827594,0.3805723566200343,0.21085087318496937,0.1897104856241096,0.2188662845708868,20.528089569562347,4.646345906291582
C02586,S0,0.3419848054981669,0.013173802961122935,0.17315280086367865,0.31042294538942083,0.5032504507857775,19.892345793839144,4.400017104211111
C02587,S0,0.07814200403137507,0.22498061634149358,0.0635660255420126,0.308979964158547,0.4024733939579467,10.586415061161539,4.947017578994608
C02588,S0,0.08694805882968568,0.2463232128987052,0.2810787341118346,0.054227950842965035,0.4183701021464952,18.227451421639685,6.888875753232382
C02589,S0,0.03463351221947319,0.09217453534884719,0.5276647817696939,0.182754626020566,0.19740605686089302,20.537317346115465,3.5504827878933978
C02590,S0,0.24204432533817674,0.0064514753554582955,0.11490640868027323,0.8523710700413936,0.02627104592287496,9.734836135565764,6.972996237317865
C02591,S2,0.5832463849429932,0.18581505044906077,0.09642028059252267,0.07560653549385711,0.6421581334645594,18.34315023472631,2.4307495964881216
C02592,S3,0.8893874040226264,0.08628820004743994,0.2412991589601235,0.33130937845233455,0.341103262540102,10.826027652045845,3.101804943052035
C02593,S2,0.4463668878495904,0.16582528193646115,0.5492173221985266,0.01650966587905723,0.26844772998595523,15.404415743927824,2.800402261508017
C02594,S0,0.28940311997948087,0.06880933896050433,0.1265787809812198,0.025178571205327942,0.7794333088529478,16.105779316481375,3.3459345076880407
C02595,S0,0.010379370351115148,0.057989997254551964,0.12072678504085461,0.7276883987350895,0.09359481896950382,7.119208287027961,2.8527402891054034
C02596,S4,0.03254185441447875,0.39596684188731873,0.1305301214403622,0.30660268539478763,0.1669003512775313,11.582533114265924,2.7161087594817888
C02597,S0,0.1913847054927643,0.8078998380738038,0.16996279518029409,0.005120184633292557,0.017017182112609625,20.87932087939686,3.871655084755778
C02598,S0,0.26216413181280346,0.05431440734267978,0.13492331836235164,0.7350090710991157,0.07575320319585283,19.52234276087895,2.0231390357269596
C02599,S4,0.4708584918674582,0.7852895476700921,0.07464011783280003,0.014462821445301524,0.12560751305180648,13.653447663895328,6.272191484321438
C02600,S4,0.38819540196888275,0.11117698950846361,0.04471831624454219,0.06951605748899811,0.774588636757996,15.463640900248679,3.1000307526926845
C02601,S0,0.015754659381824448,0.714040433764824,0.2577501856204789,0.016290262818277165,0.011919117796420025,9.086594266673778,7.836824659477225
C02602,S2,0.5878942698853975,0.21123212727789015,0.07027914608631274,0.7154514773839572,0.0030372492518399045,14.897985675365994,5.942733346141741
C02603,S0,0.03639262000844918,0.02600154569397293,0.13552834010889803,0.40746308082984223,0.43100703336728674,18.72493756605528,2.3181905438577237
C02604,S2,0.2816616238162343,0.00034396328377351817,0.005080154449993562,0.0738778845892175,0.9206979976770153,8.151350539678296,5.742545894628773
C02605,S0,0.25433407786837936,0.04381069161913131,0.7390792730785403,0.13222744520639126,0.08488259009593715,8.136863686038264,2.4846523022205664
C02606,S0,0.025814616667866747,0.3140280896563136,0.14168679556393718,0.23373984768609013,0.3105452670936591,16.53995298272419,2.7470146485958953
C02607,S1,0.3923795184811607,0.012725917513491994,0.06446750594899595,0.6293387331498747,0.2934678433876374,7.6768145811173865,3.5324455590583277
C02608,S0,0.3485429784653408,0.23822313343662735,0.05760812918825513,0.009190584873552045,0.6949781525015655,14.64058898063761,5.553700483137045
C02609,S2,0.4712705500579349,0.11293917590703471,0.22580228935004407,0.2683833431176772,0.39287519162524387,10.278368708323208,4.077062163674086
C02610,S0,0.3427164611025642,0.18922616705394063,0.07120025663960344,0.11774556924855216,0.6218280070579039,7.779324610666408,7.896154194462013
C02611,S3,0.7435666337551212,0.07039731089552155,0.01622523723334751,0.8572908866013761,0.056086565269754904,15.354641314179146,3.6150259244786125
C02612,S3,0.6414282712307271,0.3190111797359468,0.05535460220419347,0.47803312966781475,0.14760108839204492,18.606614096076576,7.517702810441245
C02613,S0,0.10684695927562184,0.7105681049422528,0.03671772005524634,0.019991080475186555,0.23272309452731418,19.922423971858997,6.446843122980633
C02614,S2,0.3793732999675305,0.6303427455056331,0.023647763524411405,0.32539055947248885,0.020618931497466755,14.302014962479863,3.155303705545302
C02615,S0,0.05076627637602679,0.01361463860408007,0.8181550043809648,0.09465966272785166,0.07357069428710349,13.750489243678945,3.4754193548982713
C02616,S0,0.2264542519879332,0.2279919548132375,0.10309237751278633,0.4925985562705027,0.1763171114034735,7.034662305759264,5.577370482349649
C02617,S0,0.07797546750142599,0.3729840763067458,0.35228348173508717,0.19139308622535994,0.08333935573280724,9.49316307184689,6.902650000446954
C02618,S3,0.7642620815734894,0.006224417242727457,0.6059078790144772,0.13332449495080564,0.2545432087919896,19.06428707910002,7.483885138733863
C02619,S3,0.6718663279370374,0.5187278599768783,0.10609997200640031,0.1657292190682115,0.20944294894850976,8.677394719309275,4.8738682569815825
C02620,S4,0.11340388427521775,0.3640307350500531,0.3395038702698065,0.13856063157142856,0.15790476310871193,11.113443875161698,7.564390065201118
C02621,S3,0.6581779014886697,0.14594829415829358,0.5035743155555747,0.07271372888869719,0.27776366139743447,19.62361124230652,6.967296747265827
C02622,S4,0.36115401363661537,0.5754469651100589,0.08307065708763944,0.19735609561662584,0.14412628218567586,12.43229263318458,7.432979983216661
C02623,S0,0.15503251511971117,0.2569794765663836,0.5645861167546004,0.04550652720217932,0.1329278794768367,15.304694351360416,6.1767735398993295
C02624,S4,0.28405927092088795,0.2371904579758229,0.20953914691948838,0.0866817275021884,0.4665886676025004,20.96876557801081,7.7222020338826045
C02625,S1,0.2058021455519727,0.1243516669562578,0.34350267530375317,0.04442079558285052,0.4877248621571386,7.767231103658494,7.0610715958902235
C02626,S0,0.06837994614647401,0.07456850200028196,0.05087839730292387,0.5572840232555546,0.3172690774412396,8.536152985697626,6.462980734033499
C02627,S1,0.5465390660419274,0.28246383030554767,0.3279119046983714,0.18671585755763476,0.20290840743844624,14.54209546005943,5.09968372690914
C02628,S0,0.06698752761695462,0.06385010242477868,0.1592023213583686,0.06179285121351244,0.7151547250033403,12.429728926531952,2.4681471046410355
C02629,S0,0.22231208016783024,0.6609960995200608,0.1832487981008314,0.13090804569465755,0.02484705668445022,16.54232264531312,6.798295661888852
C02630,S0,0.11321836355684108,0.41930962608670214,0.3819229005880129,0.11186598564766402,0.086901487677621,10.362215632624466,4.07978846979021
C02631,S0,0.022417061243143063,0.42477658254017314,0.21266322424629605,0.17098881278931793,0.19157138042421273,10.35465454206533,2.3322049686412027
C02632,S0,0.06379212439675913,0.3843997029856215,0.11406201145735329,0.08110494333206306,0.42043334222496204,8.87989907090923,6.90446921717631
C02633,S3,0.5717560466152913,0.4509459662046247,0.31603504642228836,0.1048599462145349,0.12815904115855212,9.674371745954794,4.218677384583157
C02634,S1,0.43715707569649886,0.09208274134380676,0.031218996844230587,0.7162537149040742,0.1604445469078884,8.01848141925641,6.856911636998278
C02635,S1,0.167398353882711,0.18984768762443338,0.21613326527811397,0.1647803028032127,0.42923874429424,7.430982514336349,4.939183841034129
C02636,S0,0.0642430273152673,0.09200375601197906,0.03052016861083829,0.019541196148663884,0.8579348792285187,12.130725065960657,2.581814703614099
C02637,S0,0.3353673317629964,0.5802873800425546,0.13244138314215384,0.19219238103674566,0.09507885577854598,11.88813957727731,6.232882115869094
C02638,S0,0.06420319634182937,0.09963972079907864,0.24549987843977655,0.39005227663714476,0.26480812412400007,15.088801197995318,4.324077653714169
C02639,S3,0.5104493922514531,0.0882529615892652,0.8074875387629968,0.10047618619944115,0.003783313448296891,14.248694089098471,7.613477369349109
C02640,S0,0.04439861354976017,0.19076061608205241,0.4748611559288274,0.22404751285165794,0.11033071513746236,18.540614832331677,5.946029960158309
C02641,S2,0.513957952393848,0.3769020998477433,0.23874608576818954,0.25898645737912607,0.12536535700494103,19.927992366403295,4.275781805228049
C02642,S2,0.32323817908587754,0.5503163612846365,0.1854706737457625,0.18158687142957636,0.08262609354002469,16.26136830280113,2.253890728411813
C02643,S1,0.21020222884162532,0.25311246779510876,0.035208779946283,0.19542554882329574,0.5162532034353126,20.643525188956637,4.54090369495414
C02644,S3,0.5933215556223888,0.10766102802680123,0.27427183357107254,0.48783969731900867,0.13022744108311765,17.167432067509065,3.4556544849836857
C02645,S0,0.2826884668584463,0.0015336923323986578,0.6742918962425848,0.11128280695938794,0.21289160446562846,17.68574299130541,5.97167548636116
C02646,S3,0.7527802150680404,0.18080630664019698,0.6118232473692322,0.11969748819494554,0.08767295779562524,8.12101977462063,6.971304138491346
C02647,S2,0.7969835798092936,0.3250926878882593,0.17979460260111851,0.37824075577340965,0.11687195373721249,9.168171597432018,6.928208188930351
C02648,S3,0.5942532119794511,0.029026679167213094,0.6581124299748395,0.03501985678225308,0.27784103407569427,19.575720025793608,4.113765407435691
C02649,S2,0.3890076331598401,0.007578194329664288,0.38210927558824664,0.036098067116424076,0.5742144629656649,15.204327049896241,2.0253094964677527
C02650,S3,0.5615190168926647,0.39641451754629636,0.227379232533684,0.012070805064879907,0.3641354448551399,16.159420277448476,7.261713724992331
C02651,S4,0.12513999993868968,0.5118138964324587,0.1168045955629679,0.2789338435457084,0.09244766445886488,17.329252418670926,3.456879712414527
C02652,S0,0.1160173028654766,0.3350472295518361,0.20553760194853954,0.20615274214297358,0.2532624263566508,11.394671532269092,5.60574003166556
C02653,S3,0.9789482167265879,0.20673158882453269,0.20954794960099773,0.45763913291579866,0.12608132865867092,8.481960476174494,3.1103751082017386
C02654,S2,0.22792803699134648,0.02652090859657302,0.4231168239194704,0.27594800234387096,0.2744142651400855,8.844593559158739,2.1718279857550424
C02655,S0,0.25733118839170777,0.3141493345548006,0.2358087270414512,0.22694833471322984,0.22309360369051848,16.113575559714427,6.6360620976399085
C02656,S4,0.12992393490961096,0.30601088338296323,0.2464413866812269,0.1970330412600562,0.25051468867575377,17.688475200391238,7.132396393914393
C02657,S0,0.20495156132997933,0.27895244550629383,0.4398195106893258,0.1304225953495669,0.1508054484548135,19.67123218340141,2.596379321376385
C02658,S1,0.08494163905144259,0.13724611052812868,0.02688791740451512,0.8173040707168189,0.018561901350537355,20.285698574281362,2.596286200853387
C02659,S0,0.08718272516088885,0.4126399834000806,0.38759334624388636,0.05717437671467254,0.14259229364136033,11.466209509442344,6.273086841723815
C02660,S0,0.25337198569814445,0.11961499375769281,0.1993412289602184,0.23659754556665274,0.44444623171543607,16.80997278657251,3.946010962836306
C02661,S3,0.8349567834020057,0.605020732195751,0.148815459354075,0.04966302720553424,0.19650078124463977,14.924457305356642,6.200956496455935
C02662,S0,0.058229469959161756,0.5397979064091454,0.01210142197309494,0.4415164511630868,0.00658422045467288,15.620156166605327,2.419772466642253
C02663,S0,0.14471048396175554,0.17201160304435792,0.1117597299184589,0.7054202418808908,0.010808425156292344,16.690945226908852,5.257516688548583
C02664,S0,0.02160044309747619,0.07794491636970338,0.1630001214406813,0.662405005485389,0.09664995670422608,11.47206637223563,7.683084544497411
C02665,S0,0.2789654825807967,0.07064618963158385,0.849903270602654,0.04869390174164333,0.030756638024118956,15.407144154456267,3.400449243385118
C02666,S3,0.6977012453923241,0.16784825379635981,0.5484556800510682,0.14425358875968192,0.13944247739289026,19.59024814288462,2.8199051190081543
C02667,S3,0.5172946553291143,0.4359010680268907,0.020292506937956468,0.44435681638511343,0.09944960865003938,12.503533608768919,2.4671701866014706
C02668,S0,0.08953686067480966,0.4988162428492436,0.41888577016759304,0.08095808442063249,0.0013399025625308422,17.631580201075586,5.7999185377754445
C02669,S1,0.20596067495370213,0.02161212811162927,0.35839778925883964,0.45347041830250173,0.1665196643270293,16.934026172095646,5.078514393847503
C02670,S0,0.08133790075325043,0.04543217884460875,0.04090518251807122,0.8921132698237167,0.02154936881360339,18.51965142776782,3.7348299135860374
C02671,S1,0.29090707749215783,0.31271963979308,0.12440551778386764,0.20691753567963783,0.3559573067434144,18.121815117725184,2.52852608126928
C02672,S0,0.2814572984844593,0.10168486399006946,0.42647345872470166,0.2567016813122909,0.21513999597293806,14.37356522914579,5.33552473558812
C02673,S0,0.15446598868428932,0.5848936251409428,0.010095151459644026,0.06585220723508317,0.33915901616433,11.310561089514575,4.097685902521643
C02674,S0,0.2841150249264422,0.9687777582960032,0.005638199179292959,0.02387358641924206,0.001710456105461881,8.750382959928036,6.941284851176621
C02675,S1,0.23901236618245283,0.13798784981101067,0.06251747829700771,0.18454672158893887,0.6149479503030428,17.302440806071786,7.630937010260054
C02676,S1,0.10688086822812451,0.06222272659149526,0.08663536659157844,0.2105728949951869,0.6405690118217394,13.200258600236621,5.459232578326523
C02677,S0,0.10756924479218828,0.01711450455617849,0.012216807384587332,0.8246771900844733,0.145991497974761,9.345367700345054,6.781491995024786
C02678,S3,0.8429719118197436,0.30015124094330475,0.17286265401108897,0.07333867892584921,0.4536474261197572,19.274921294543212,5.7614121343832085
C02679,S2,0.23395167079803345,0.01763681731527292,0.15746197977467252,0.5717685106648888,0.253132692245166,7.45727583894294,7.353846483325153
C02680,S0,0.0582202928574134,0.37098177636787216,0.028576409763440502,0.06135886045914886,0.5390829534095386,12.53343273765136,7.5029321400858775
C02681,S3,0.6355847737819648,0.019457027664427803,0.478418917601148,0.39868065936735886,0.10344339536706544,8.838414415217194,7.324910976407153
C02682,S3,0.8892069306150181,0.048325877475285134,0.19513303249720287,0.05099089545418906,0.7055501945733229,12.61627661358239,5.737809557396184
C02683,S0,0.07234523562193389,0.02733467187887997,0.05057518286643926,0.38397553918578464,0.5381146060688963,10.409488040653953,2.6773709636568954
C02684,S1,0.10843139904518422,0.2538691984402074,0.37478452536075935,0.081028026325685,0.2903182498733482,9.887652320692357,3.3222400877518634
C02685,S0,0.12425240996320759,0.31355209446229054,0.15158406984221437,0.15870490461499973,0.3761589310804954,13.798803896888806,2.4779256485546304
C02686,S2,0.5175586378975368,0.6246654658656987,0.1058087219265116,0.03841427947985614,0.23111153272793364,12.069430997285448,6.279149640678702
C02687,S0,0.19834370675107194,0.6388343608009,0.16194357613577537,0.08324127693738304,0.11598078612594158,13.202814569746977,3.1503488872545162
C02688,S2,0.3545354047067566,0.12036130363051915,0.3257307529468903,0.45469718817528426,0.09921075524730635,11.088137322502584,7.058957922988798
C02689,S0,0.24004823469438125,0.04984444399868495,0.6710817269269206,0.1982501820358169,0.08082364703857747,18.964403856089156,6.742586015218902
C02690,S1,0.29128343581675115,0.47527119071213536,0.026896186293914444,0.0808634912343587,0.41696913175959144,7.537547843125505,5.380408683010977
C02691,S4,0.2898962296033009,0.17362559431395566,0.3193845475181147,0.20414818474651464,0.302841673421415,20.41064369240555,7.973916026921788
C02692,S0,0.1635189974620825,0.4174725436316919,0.05706104074383861,0.28780735226488774,0.23765906335958187,7.047117279707286,7.086194387283814
C02693,S3,0.6767257725615015,0.2118826586880027,0.21351265989726112,0.2860448927444551,0.2885597886702809,8.370178385161726,6.397322497138811
C02694,S4,0.27653496102837094,0.7223653260589028,0.10794586180561196,0.13565135801787834,0.03403745411760685,11.802259124688831,5.053755579651271
C02695,S3,0.44047398215015565,0.25907312197996235,0.2861585555335776,0.23459181978455518,0.22017650270190484,10.53724086805007,5.410438984419473
C02696,S0,0.2588907503061583,0.13609310573595632,0.3271943258746799,0.35400558554153333,0.18270698284783032,10.696138463598285,7.138259918843525
C02697,S3,0.4880142049148291,0.22999440870353274,0.4837955444651995,0.2037692489998972,0.08244079783137065,12.32933708540906,7.007666656119625
C02698,S0,0.520223582815095,0.043702358824208705,0.15653935777327152,0.11864428285942727,0.6811140005430925,8.08923588986144,3.550805174789457
C02699,S0,0.044367164619028926,0.7457471667161052,0.04854687853708072,0.07595922955316134,0.12974672519365266,19.62663001146763,6.055202118811083
C02700,S3,0.9043440989531201,0.050977843758582504,0.6586624453377589,0.11108612844407108,0.17927358245958763,20.819192671177582,3.841189308458312
C02701,S2,0.38251156427439187,0.03952025853916611,0.023525450609040596,0.0715831148190398,0.8653711760327535,12.565619529445735,5.5057148117355
C02702,S1,0.08785524679320682,0.6867389634170932,0.08524259276131808,0.0818644437079273,0.14615400011366145,7.485339266245051,3.1479558965862866
C02703,S0,0.1325210467084204,0.3976643114745696,0.3259354275130551,0.08895633950535609,0.1874439215070193,14.707037176767084,3.840198685109598
C02704,S3,0.8011237669974386,0.42551559430426794,0.43342047912184145,0.07379176301233156,0.06727216356155899,19.255893730687262,5.3457816750191
C02705,S2,0.2933174682852286,0.1489069662817048,0.22002326792330124,0.5104764650767262,0.12059330071826774,19.941352774415613,4.723219761445581
C02706,S0,0.2902863373255553,0.3997878679109797,0.22501983233153497,0.30715151377691546,0.06804078598056974,19.605822816245304,3.02557774689447
C02707,S3,0.8678494017559419,0.03549058910839848,0.09054585470715455,0.8649078931348251,0.009055663049621979,20.897533311754696,5.683602927407303
C02708,S0,0.03658092561082837,0.0488976243134491,0.39082985921840635,0.33332076426876234,0.22695175219938232,18.348479697281928,4.624875665863897
C02709,S0,0.15693322788850056,0.40973859393690454,0.05253659538423282,0.2583188478392981,0.27940596283956476,15.288117497152022,6.799880003892958
C02710,S1,0.5020288918833369,0.29195254220718525,0.26689885332102137,0.25807734492781714,0.18307125954397616,10.953493582197922,4.363081645334502
C02711,S4,0.06142629430176711,0.10185814897480941,0.37027469632702326,0.15954446696996652,0.36832268772820087,14.940658714370876,5.483730243217878
C02712,S0,0.15492484769078058,0.14346671084647292,0.43816795390142954,0.1263809309787168,0.29198440427338057,11.275183053661639,3.405350372633478
C02713,S0,0.3643732339626951,0.010165920499228273,0.18602584305340944,0.1113034132138392,0.6925048232335231,12.363158902517235,2.2131702180679227
C02714,S0,0.18706810814138722,0.2698388727099749,0.026911154522202583,0.009870911441836149,0.6933790613259863,15.117326447640417,4.4072381755848795
C02715,S3,0.6753586538836007,0.05643893094239652,0.16431499910555658,0.35899991734708925,0.4202461526049576,7.357692051780071,7.170717534226454
C02716,S0,0.27853191119309634,0.19652202141799158,0.18267445660461057,0.36595540384144326,0.25484811813595465,15.100793762990063,3.6455157061186627
C02717,S1,0.30848118153467685,0.06697304557483257,0.04092120189756995,0.8065568576513865,0.08554889487621108,15.188869693035272,2.3851551894626555
C02718,S4,0.2593233096173855,0.3973665840537154,0.1459363440059298,0.4006567589478537,0.05604031299250108,17.332474084377743,2.0662923871904395
C02719,S0,0.07127647456130248,0.22192122332980083,0.10901185425285763,0.2883207357133557,0.3807461867039859,19.173261650982973,7.9620674763096595
C02720,S1,0.17309744816401046,0.17956556562183215,0.031156777719327695,0.13083118864414858,0.6584464680146916,12.096767883688539,5.357725497707204
C02721,S1,0.044356659550678995,0.009129523613316252,0.22948102985773172,0.7375183258439693,0.023871120684982605,10.8849808161461,7.0925138908978616
C02722,S3,0.6500523640713392,0.29306769810592526,0.18364446198441037,0.33015806452448665,0.19312977538517773,8.72166245100753,4.842865298546753
C02723,S0,0.06490670529431644,0.04037678050278228,0.806080554195244,0.0949442255015755,0.058598439800398264,20.48006941527759,5.252740842912148
C02724,S0,0.11451954790295561,0.8630511998677821,0.053013395273653376,0.03533858748381961,0.048596817374745055,17.901487004362274,3.073755393210072
C02725,S0,0.11244977574731077,0.5146978560155229,0.16578217639733214,0.3031530806847274,0.01636688690241755,19.526147931883422,6.046589702220373
C02726,S2,0.22661779574309024,0.30993720017489307,0.11077542990476621,0.45829544998511507,0.12099191993522566,9.253829708249123,3.5210640728917815
C02727,S3,0.7339778548739176,0.10357453107841018,0.24306397580273278,0.18905400179124202,0.4643074913276149,14.681019194835041,3.3673400533250497
C02728,S0,0.20491496417599964,0.02704194241959886,0.20305142149451186,0.5502823783852981,0.21962425770059107,20.825886654339172,5.092770065801726
C02729,S0,0.2812018002514717,0.0437998410007686,0.01894971614891917,0.8901238653665106,0.047126577483801724,14.879631878128968,3.8088608709416967
C02730,S3,0.437671463304086,0.06058430299737512,0.5066106829350236,0.052940242565693,0.3798647715019081,20.779203156148615,5.267121730741361
C02731,S0,0.0287924347114164,0.01223858420853071,0.33448619588454387,0.06315799472867765,0.5901172251782477,10.438028220513393,6.396302540153876
C02732,S0,0.22316269611827855,0.06841533817293624,0.8437494176570026,0.02869576256500457,0.05913948160505663,11.916302617626169,6.34169736378993
C02733,S1,0.4631379677767246,0.09314616069407095,0.005956549850793301,0.15724360858266456,0.7436536808724713,7.2947372885699435,6.200272346464664
C02734,S0,0.1215297084040865,0.005809381196649139,0.6931570525855009,0.24208037054520185,0.05895319567264828,11.84345821847861,2.349767490894595
C02735,S0,0.14084379716554365,0.04185277327104035,0.27467325843452167,0.6709149033937343,0.012559064900703777,12.918978956672008,7.508613726108878
C02736,S0,0.35336249624889,0.1034477207813675,0.0055116345577846506,0.050008148529988396,0.8410324961308595,9.74189651876971,3.4851080654181357
C02737,S0,0.055609437563862475,0.021865421700550485,0.13578774097061175,0.792338787674824,0.05000804965401373,10.699205244922085,4.094576780288036
C02738,S1,0.1910734682732289,0.21945278157793113,0.39170903657636663,0.19362824741536147,0.19520993443034076,17.80809885662459,7.306167145940563
C02739,S2,0.3664413458043467,0.5963228953353251,0.03700582867031196,0.06995784211487927,0.2967134338794837,8.476157406135414,4.9124808515900185
C02740,S1,0.3310997714498023,0.13721091605106417,0.47776692580856017,0.3122861616041137,0.07273599653626187,13.078869324113239,2.429476916485462
C02741,S0,0.24973840095587713,0.051357972800286575,0.7920262465772143,0.0926251098869262,0.06399067073557295,8.516924769831615,5.82063963201493
C02742,S3,0.8600681156893711,0.5860659926005994,0.11911769507816083,0.1254982773675066,0.16931803495373315,15.981388124980198,3.797034080069901
C02743,S0,0.10381976468668078,0.1638950450362167,0.6063104637158229,0.1633936397203553,0.0664008515276051,20.12330951282642,6.250226419039465
C02744,S2,0.3784432581492825,0.3483065564863111,0.029598846554963514,0.5118774846737879,0.11021711228493747,9.9543723943622,3.6563785676638316
C02745,S0,0.2810475260430595,0.02166773244570211,0.7690444383687514,0.0830366000792896,0.1262512291062569,16.658551438547256,5.151407838389723
C02746,S3,0.7914497708236083,0.44828092032443095,0.1419515852418575,0.18682940834341868,0.2229380860902929,16.647531367237328,6.821198614735269
C02747,S0,0.18215296978736994,0.00709176200119624,0.17347420701939648,0.802160359818729,0.01727367116067824,16.06833445570389,2.725040080145959
C02748,S0,0.2317258721511073,0.06688373923870809,0.029808960507001676,0.05729638539336378,0.8460109148609265,19.40829120923008,5.130319695093191
C02749,S0,0.10135256584041714,0.4403678644150247,0.11735266839637566,0.10951108685003318,0.33276838033856654,15.733779904864994,5.161109333760719
C02750,S0,0.1624902568303137,0.3690663398315885,0.1649073127099554,0.31787191558981487,0.14815443186864122,20.01155751273422,4.743179346445989
C02751,S0,0.05105159252001774,0.008495041841640853,0.13013973729490544,0.5990648089178663,0.2623004119455874,11.252631264251626,3.4142996665078162
C02752,S2,0.5717445134429533,0.15521398185904128,0.30012857514774105,0.34764788646816736,0.19700955652505017,9.641843320721575,3.123420426949253
C02753,S3,0.854272228231687,0.48707871773490347,0.2262267468908837,0.27199901297122214,0.014695522402990723,12.801932998444219,5.219179474490572
C02754,S0,0.23742293510348805,0.33830052609250255,0.4431920844243814,0.19833134722592063,0.0201760422571954,9.864504740773228,5.30670358983776
C02755,S3,0.5932740200707984,0.029822854934096414,0.27475881930879215,0.686923034912137,0.008495290844974348,14.914740004671208,5.748620364553595
C02756,S3,0.6571562578130199,0.29426553823701884,0.3973125900541216,0.036761237976848125,0.2716606337320114,10.299018007501932,5.868845713885188
C02757,S3,0.6467277899496419,0.529212282500244,0.004867838339939639,0.27858652815627216,0.18733335100354415,8.20900175002259,3.0865799987966347
C02758,S2,0.6729757331668064,0.028917852323741992,0.02704503138729176,0.04984117578739408,0.8941959405015723,11.1514649854685,4.027232067398921
C02759,S2,0.3503089759566258,0.1942693476820842,0.11795308129273066,0.429372660705414,0.258404910319771,20.9206319466051,4.356033811525439
C02760,S1,0.1337932067283521,0.26097307227947636,0.244031363120827,0.19858628687454913,0.2964092777251474,12.217114355181163,5.329895089043645
C02761,S2,0.19343718111093058,0.42866194278400427,0.45774632847220686,0.02062212846070866,0.09296960028308018,13.531458006536013,6.746974619807056
C02762,S4,0.3737302791457929,0.09074028103035418,0.22196537942291156,0.3475187353476024,0.3397756041991317,12.359876852813489,2.8683008627413082
C02763,S0,0.13761020217520092,0.037421482911756475,0.7104016384414829,0.08121844408832389,0.1709584345584368,7.870439841422263,3.6280215019864483
C02764,S0,0.08870164288079503,0.3226939027545037,0.2256916562862513,0.15887812865345569,0.2927363123057894,17.620147856761434,3.60212624589085
C02765,S0,0.195947512978996,0.06233877429606406,0.8492060769926656,0.08807514960092315,0.00037999911034726914,10.610625531896,6.709675637823434
C02766,S4,0.6512896667998946,0.024378237732005995,0.0899232142570983,0.7540032911758121,0.13169525683508354,13.466498421250938,6.12320638890688
C02767,S0,0.41072760084368276,0.36122673601985983,0.05892180633220123,0.08994735039774043,0.4899041072501985,17.117194286610633,5.463322865660184
C02768,S2,0.35990594662748204,0.03895189701088664,0.08477420528507566,0.013721222879158923,0.8625526748248787,10.435247417850578,4.3244192512400215
C02769,S3,0.7875168034482403,0.22123662107827916,0.42266491130541733,0.16966676190107288,0.1864317057152305,8.34752490351504,5.386507550184188
C02770,S4,0.03367891338085197,0.6088977654749711,0.008666666010382908,0.32968817499774034,0.052747393516905605,7.870573526470863,7.336519149164399
C02771,S0,0.06376667977831996,0.050121399460158964,0.05505859070462078,0.037183401586358,0.8576366082488623,11.609576571660067,2.5716823610118476
C02772,S3,0.492101769505194,0.08679051761705318,0.3218904386673839,0.36322364956614434,0.2280953941494185,11.556531934279647,3.4165350568439843
C02773,S3,0.8006184413402967,0.1953683862788513,0.06669151158802632,0.6247284804811977,0.1132116216519248,20.93086732250559,6.103538410489087
C02774,S0,0.02148168408273039,0.06914058155602597,0.39359804907600665,0.35288033585528117,0.1843810335126862,8.233549641393878,6.507767797197612
C02775,S2,0.3458418302662851,0.5291124132465708,0.09346203021071126,0.2670621096046039,0.11036344693811408,11.559278775384385,7.175598146997866
C02776,S0,0.36733536718651577,0.24483749847047753,0.4368335445148641,0.027162739049267675,0.2911662179653906,11.808287142423708,6.068470503021668
C02777,S1,0.2576582959284191,0.04036920314492457,0.2042018797599861,0.0032234619784828685,0.7522054551166063,20.889413334271833,4.332258022693034
C02778,S1,0.3465456500522569,0.028326130182465513,0.8054931230556026,0.0506725250964472,0.1155082216654846,17.737933783862925,2.3020340350025155
C02779,S0,0.16581446325084345,0.379328837504291,0.155410909666479,0.15081999784522204,0.31444025498400796,7.303827347546586,7.921535566810586
C02780,S0,0.1366710567395742,0.04723361555477211,0.022186893199585025,0.8769786494673996,0.053600841778243244,14.100430027605833,4.271285513118697
C02781,S0,0.2944553704006907,0.14070820767361114,0.4052146376485171,0.13324887758254214,0.3208282770953296,19.108141969665624,7.981842618434473
C02782,S0,0.3219215997545561,0.3893557446863005,0.16109492849430218,0.023037552294719165,0.4265117745246781,17.277789002135066,5.68120702138194
C02783,S1,0.14418617457012353,0.13113672281975672,0.34712953339218233,0.4227982682680747,0.09893547551998617,10.707291698809222,3.9711739248455444
C02784,S0,0.2249492014574339,0.6074371217786274,0.030914112844234915,0.3128219202867372,0.048826845090400375,9.015178385178881,5.002364753553665
C02785,S0,0.17066341784889827,0.43370543530308225,0.14069776819144136,0.16116160704714141,0.264435189458335,20.58990748944545,5.064472894396818
C02786,S2,0.30913910982319603,0.1385035579944594,0.6939851086731674,0.057936011998843004,0.10957532133353032,16.97590890163267,4.291914996434741
C02787,S2,0.541186697754224,0.15343762398254762,0.8179123224263195,0.013416933980073454,0.015233119611059404,20.21503104683395,6.027811399229296
C02788,S1,0.11026401969608844,0.5700622009502412,0.12168224120832767,0.04112533844674768,0.2671302193946834,13.88728215006296,7.902772464171562
C02789,S4,0.402307544244366,0.7719606499244869,0.16200488585147088,0.05151151870289124,0.01452294552115104,17.08201009099173,4.808281175631107
C02790,S0,0.10309398678503481,0.5417870952992682,0.17066204381463265,0.10817958347951308,0.17937127740658615,7.894504590730779,4.368811776633451
C02791,S3,0.43146720545674594,0.3614590631422183,0.1689346683827789,0.1279788953104273,0.3416273731645755,13.566517515511913,4.651573991747323
C02792,S0,0.11676785289889366,0.08430462774866092,0.07255509587624613,0.8304474641254996,0.012692812249593375,10.890033857314085,4.333681802730364
C02793,S2,0.2578233913082723,0.07653878922049594,0.49284815720083214,0.19870790476397723,0.23190514881469482,9.985771383565359,2.2947223309669367
C02794,S4,0.602671309991236,0.02812351779382782,0.04977464950210587,0.7968867558037034,0.12521507690036307,18.516204276216502,7.1753199782753505
C02795,S3,0.9166671283888612,0.012823780410181233,0.06952370889739887,0.7869699625249995,0.1306825481674204,13.783413659061225,5.980389963836851
C02796,S1,0.2296533712448075,0.11081529896908147,0.2207725257221041,0.1825129353186245,0.48589923999018997,15.637718132671356,7.73914680620349
C02797,S1,0.23411509183142096,0.2423274644683229,0.11845865825782564,0.056003659593451716,0.5832102176803998,10.472618234419713,5.681590926710911
C02798,S0,0.28672308724721196,0.17191539375829912,0.0672118771686013,0.1966196815322917,0.5642530475408079,11.813163940751535,3.1226087368714044
C02799,S2,0.1056099618228885,0.007206666909638237,0.014448670585489558,0.3922553834410827,0.5860892790637895,14.964255809297123,3.5443161924718165
C02800,S2,0.30719818386603004,0.3110142395311678,0.2951682883432984,0.3475156768395257,0.046301795286008036,19.853578830118657,5.921321267133013
C02801,S4,0.2493211106019631,0.03526630897294724,0.4794135860741478,0.18810827466678368,0.29721183028612114,17.03363018407607,7.111608902290104
C02802,S0,0.2018427515448193,0.1430009851399025,0.012670183735083251,0.023915240179372185,0.820413590945642,7.962577913147307,7.694834464258908
C02803,S0,0.21181678093771159,0.5612188881718561,0.007791174353115481,0.41488410974875267,0.01610582772627585,9.213336655342697,6.76062934762684
C02804,S1,0.19939251524623014,0.31384392522029253,0.025743040787477637,0.4777920216760091,0.18262101231622072,16.067606575335255,2.0543055764840146
C02805,S0,0.1279412267569558,0.0757546034115535,0.8370247416309414,0.005190236404132648,0.08203041855337238,9.20935982265856,7.457120543483881
C02806,S0,0.0650697702644804,0.6763873029933172,0.03217918661181739,0.14120526790440077,0.15022824249046463,19.513295668725682,3.524137794350619
C02807,S0,0.2912966239175497,0.26446716879121934,0.11309665348639504,0.2633922865714084,0.35904389115097723,9.709390533796586,7.684251338445007
C02808,S2,0.4583510989221684,0.19691943541685314,0.032801058416045616,0.7328931493997495,0.037386356767351775,15.545038092478704,2.427860326298288
C02809,S0,0.0656836926913995,0.19389535291004964,0.005300799441988189,0.1501252928450516,0.6506785548029106,14.031394201788238,2.7166864672132434
C02810,S0,0.22375794831980422,0.13683460549080334,0.07319857426326788,0.7601435871939178,0.02982323305201097,8.347361262458213,4.80044585962131
C02811,S0,0.0886088425358431,0.03934017499676847,0.7927625557025186,0.09459260870724284,0.07330466059347018,18.125184275003555,6.455306899303236
C02812,S3,0.5200648418363553,0.46037511002472303,0.1468966840385793,0.19520336641096303,0.19752483952573446,15.9497606730894,6.048344872393534
C02813,S2,0.29759637024854774,0.2324103546057119,0.08631361393046075,0.6548518028825705,0.026424228581256846,18.43636162898359,3.70798579592433
C02814,S0,0.30185631160434406,0.10793948303996524,0.010142614486412153,0.7759724267305992,0.10594547574302354,9.343747930560546,5.623915040536991
C02815,S0,0.14158633094046735,0.06716775031540462,0.8264486254848863,0.07969975561156799,0.02668386858814094,15.902096141424437,5.722040665861731
C02816,S1,0.2042472391695132,0.6377862370958555,3.79695056447347e-05,0.24044070525203548,0.12173508814646411,8.618592135474415,5.99110541679152
C02817,S0,0.3403321885494527,0.19841873937543023,0.12712900516648803,0.4457286501181752,0.2287236053399065,15.338200506471134,5.563160239235426
C02818,S1,0.29505533245067816,0.06577290624543244,0.11450789629884227,0.008813553516939064,0.8109056439387863,16.277203174994515,7.715999375124769
C02819,S0,0.11961171878018935,0.11510774655172341,0.09688622331173784,0.5919319951450223,0.19607403499151652,9.54440234854751,4.747708193200894
C02820,S4,0.5401564308231466,0.010813138860573848,0.3742213321314042,0.09399423328884272,0.5209712957191793,16.949677615606223,5.963568175885589
C02821,S0,0.11000017531679404,0.19665447582160556,0.7010414128758765,0.03333855806164532,0.06896555324087243,7.932341915246137,3.3699767098625495
C02822,S2,0.3315996489058024,0.5062523609988934,0.1114261834628372,0.24717165971910127,0.135149795819168,12.35699848863737,2.670765408100629
C02823,S0,0.09718913928627383,0.8608614365712098,0.022077960115812808,0.034400574837226236,0.08266002847575105,12.916315721421778,7.661810443409289
C02824,S4,0.31202813650349287,0.6839315434810366,0.031215185603397883,0.15120515144228794,0.13364811947327765,10.918715258234187,4.202442012334192
C02825,S4,0.09549030286345264,0.031271520620551774,0.6938722398091246,0.009235755878029227,0.2656204836922944,17.138478177493177,2.770246468645969
C02826,S2,0.7213040561835156,0.9001408656858577,0.0390016110358143,0.04496263053834841,0.01589489273997971,12.485620954652958,7.864496742553395
C02827,S0,0.2302517660716393,0.12783809679172392,0.2947392161146823,0.3852447738739328,0.19217791321966102,14.76851733648588,3.3600390728303267
C02828,S0,0.11149627712085744,0.820309928004444,0.05909047615559325,0.09127876660520785,0.02932082923475505,11.671993291062568,6.5872539492732125
C02829,S3,0.7228713418595448,0.40429818194710276,0.3885083672947389,0.16823235117738328,0.038961099580775,13.215639744297983,6.119924259228021
C02830,S2,0.2909371937616227,0.020325574419874426,0.5715646979103989,0.1624031425891705,0.24570658508055623,12.684887475009347,7.540863535093492
C02831,S0,0.3104867971319758,0.3837635458357412,0.24613927588263837,0.16324118772367027,0.2068559905579501,13.105401500977251,7.965345652578355
C02832,S0,0.22479468086726004,0.22905828268946357,0.17249278375228433,0.38823861534088944,0.21021031821736264,15.164659696059019,3.5409461920644096
C02833,S0,0.08920474032923684,0.21793589693710946,0.10337466776390852,0.659982680414496,0.018706754884485904,15.806458451427604,7.895143206279568
C02834,S3,0.8642886296160768,0.6925818214896641,0.2387046891242892,0.028870458911216274,0.0398430304748306,15.861347882754734,7.398013396497346
C02835,S2,0.3713435288687597,0.5884154044123717,0.02885185877549649,0.10031915860748349,0.2824135782046483,10.813690283115946,3.2135081100601384
C02836,S1,0.09382729747749331,0.053678540172166486,0.2864496905158972,0.41742934846999646,0.2424424208419398,17.219502453840036,7.792539131659389
C02837,S1,0.16244688445963928,0.19208141641033805,0.2503273177865829,0.1919853866686618,0.36560587913441733,9.99199363226083,7.8582126684613325
C02838,S0,0.0650864137249847,0.06633060690757982,0.2829931246298634,0.17002144382274015,0.48065482463981657,7.714584325345978,2.035693981315759
C02839,S0,0.011206020113989102,0.15589538866286914,0.009698972593560565,0.262426979132566,0.5719786596110042,9.621630659827936,2.153278856643868
C02840,S0,0.1834333259768754,0.08899370904340786,0.048703633064975736,0.7960694784096496,0.06623317948196675,12.972817552218876,2.9735341929544097
C02841,S3,0.8840781083422766,0.12624349981370311,0.03482835497957231,0.07528709128410196,0.7636410539226227,13.932003322438415,7.373285331020784
C02842,S0,0.11216033089880345,0.16186220058593961,0.24974739357319994,0.11351519496741118,0.4748752108734492,14.07177024881274,6.435411544633782
C02843,S0,0.24122990208139777,0.721759013170337,0.054079013696293775,0.0791005123863458,0.14506146074702345,17.432811944779353,6.2046301354327245
C02844,S0,0.010228670849925172,0.1976812170857067,0.2724589541883445,0.27775404491373273,0.25210578381221604,8.393887240194054,2.61426189228147
C02845,S0,0.32725433970167805,0.15054211256846267,0.019895062127440064,0.580808668001505,0.24875415730259223,20.700523515770122,6.156372240355426
C02846,S1,0.06679548644158052,0.3953559304811647,0.11889151102395273,0.29022808789910176,0.1955244705957809,12.909708564414878,7.511162909136992
C02847,S0,0.29296468859953306,0.03958303316546425,0.29832784830675024,0.23454001339868655,0.427549105129099,14.185619354519096,7.8190537535763935
C02848,S0,0.13582947299717743,0.03635546727267428,0.2308991608007309,0.6544516762765812,0.0782936956500134,13.365064076850777,7.692755294721896
C02849,S2,0.20087151184253724,0.29425705549104336,0.199718865730193,0.49305687423184574,0.012967204546917854,8.675061332959054,2.189406877133516
C02850,S0,0.035530976917079925,0.17532217273021508,0.034141671091041735,0.21019698404032844,0.5803391721384147,9.97244511397356,3.7251376750268035
C02851,S0,0.06581762849835127,0.04107380884556362,0.06250722356432455,0.01793642922856645,0.8784825383615454,18.10055726062999,2.9840569957383005
C02852,S0,0.1817209544280808,0.011639498065714416,0.026965148497610968,0.9553846942884425,0.006010659148232113,10.799460513007944,2.9043476729339783
C02853,S3,0.7941967969836319,0.14230786105962617,0.6088521417354065,0.08777709904828322,0.16106289815668415,17.679630142983907,6.375160383263486
C02854,S0,0.31152082996105607,0.8863408440252132,0.10527085333401401,0.004584335190462334,0.00380396745031033,13.760552457409087,4.989327518057404
C02855,S2,0.2688510012398042,0.10270595427426539,0.006080180378970699,0.8481582444311028,0.04305562091566115,11.052193052333005,7.08151323508435
C02856,S4,0.166084384288004,0.14536402822151753,0.007313264345154085,0.5326903963198587,0.3146323111134697,14.21848176630374,5.623751833413982
C02857,S2,0.38262752237468867,0.10159611679904515,0.811840461477707,0.03627533846132804,0.05028808326191973,9.111340180051982,2.4490861925301477
C02858,S0,0.11544331097663874,0.2912128717621066,0.107313672742607,0.13091878397499954,0.47055467152028674,18.061567161819482,2.7509799364031045
C02859,S2,0.14158767617981552,0.5652197514692747,0.20168669506347492,0.039701564372890095,0.19339198909436026,19.334134322821956,4.0281957035627585
C02860,S0,0.27495530726803136,0.0073304580630790175,0.07693139984159102,0.15086357849939852,0.7648745635959314,19.02678901905579,6.664295960891852
C02861,S0,0.21022643876545524,0.08100103777820712,0.6409968576559998,0.07420424416547512,0.20379786040031794,14.638955174990022,5.825384765773169
C02862,S1,0.24212685205620835,0.4886753162523738,0.04776306284174831,0.1396189286871574,0.3239426922187205,19.34342860399593,6.650226625943131
C02863,S0,0.05678870454051041,0.5074980165077463,0.030867037051123185,0.23527822327046483,0.22635672317066566,12.10508117782792,5.053307068868497
C02864,S0,0.14702898267618505,0.4260324627413421,0.21472790920651555,0.22029463876700667,0.13894498928513563,9.062011421302092,4.448451096009373
C02865,S0,0.0030702127429222295,0.09198942832327597,0.04974081523990345,0.14058551547868095,0.7176842409581394,14.276814638143788,7.828651513717095
C02866,S0,0.2385062610106625,0.11804154656080684,0.2358635573715805,0.21755950612283628,0.4285353899447762,10.077701646707391,4.353351473087304
C02867,S0,0.14919984868468905,0.27540372854489303,0.203550198541203,0.3839882015364781,0.13705787137742592,13.386740017226563,7.917176267222933
C02868,S1,0.2604951022448394,0.11420166171702645,0.022835515962613982,0.007842961769175304,0.8551198605511842,15.990172207734007,6.957881907951716
C02869,S4,0.18984694287000192,0.07956997602352493,0.11561290188127452,0.27685276757278027,0.5279643545224202,18.582242723523127,6.8839132231036375
C02870,S0,0.28524800974273806,0.43249687815318144,0.04048008010301424,0.08951515233748741,0.4375078894063168,7.609083038848878,5.020662911544566
C02871,S1,0.10949413225891264,0.33225971214123173,0.2529511966654023,0.3215478036164915,0.09324128757687447,8.418731617214224,7.534022255372912
C02872,S0,0.09353785021496457,0.1928145106305048,0.45945484237592865,0.1235936767008004,0.22413697029276636,13.137486706157148,2.6158647564489916
C02873,S0,0.15985230238785142,0.18096042851277805,0.37977358760220525,0.14132098429737042,0.29794499958764625,17.66725971177926,2.026325841944068
C02874,S0,0.023829977050830183,0.2660384892441313,0.20742165584896347,0.3966407778638146,0.12989907704309073,15.492466074498841,2.893473994590474
C02875,S0,0.05943367711429784,0.06306449870527282,0.8134402195356556,0.09622362408616053,0.027271657672911013,16.43494626047808,7.250226656320871
C02876,S0,0.12403196864741493,0.06659882189116369,0.012239232858005105,0.8448869456302872,0.0762749996205441,9.957193755577384,5.146076458318576
C02877,S0,0.06116306120452027,0.2024220784442124,0.4725739440215192,0.2048887968927115,0.1201151806415569,18.415495175191786,6.734319471964142
C02878,S0,0.2890753644940107,0.2171273356924986,0.07653139990392246,0.6455225867335392,0.06081867767003969,12.617750975542911,2.288206870219679
C02879,S1,0.12668495089875975,0.08136127645933494,0.8116292646955574,0.0334777032442788,0.07353175560082881,18.10480832390157,2.307618599910899
C02880,S0,0.1285139025471764,0.15729753379239353,0.029119044887618205,0.6575751644626094,0.15600825685737876,7.760357922533434,2.061886833008742
C02881,S0,0.029189453065699828,0.6949329399029649,0.020534912902018018,0.18613846923511948,0.0983936779598976,8.57542313812886,7.729443878927616
C02882,S0,0.15289663639006748,0.020157558493888568,0.1293584582003036,0.11832978696382121,0.7321541963419866,12.756488517295386,4.619587791307028
C02883,S1,0.22928975389461223,0.04389281973003353,0.0640662131049061,0.7812553783051198,0.11078558885994048,17.46585576527587,5.773921867442792
C02884,S0,0.03743978593448835,0.025652811813818496,0.9590058893925232,0.003375728137567098,0.011965570656091162,12.097069394143519,4.704106023686201
C02885,S1,0.47976421176911277,0.18332055019316595,0.03191592994022431,0.14374691933977818,0.6410166005268317,10.615604858924065,4.310866248915485
C02886,S0,0.26874071240521,0.038976608344380353,0.8301985571563358,0.06866732557050857,0.062157508928775314,15.375004874307308,7.7197787374426365
C02887,S0,0.02760055140324251,0.053390551399843666,0.328346920365766,0.15275610275116244,0.4655064254832278,12.502731247541128,5.111297121377604
C02888,S4,0.3740940163578803,0.0981657915876852,0.4718719632450259,0.15324903672872195,0.2767132084385669,8.071741412683782,3.710430589008734
C02889,S0,0.20029499718681582,0.49501173824302663,0.3086645332084321,0.044477092566365305,0.15184663598217601,7.409527919860997,6.5369793467653565
C02890,S0,0.2190970535148687,0.11875030878841022,0.33173680451268334,0.29882610648019226,0.2506867802187144,15.487277466732662,7.490796132899991
C02891,S0,0.23853062736011565,0.2942599332904504,0.1347358041926515,0.23915001261752847,0.3318542498993697,20.99273369586402,5.249550315603986
C02892,S4,0.2790589702770963,0.6807728324615325,0.1420746956581945,0.09162857713737056,0.08552389474290245,13.34163549406614,5.584940429673762
C02893,S1,0.1335223894552617,0.6814271305524567,0.19327966003411348,0.06049022264382022,0.06480298676960967,12.969742088478991,4.915233111962875
C02894,S1,0.10497517333758784,0.1638652084173056,0.011353298563888383,0.32974729672637176,0.4950341962924341,14.181908914056622,7.906589097655548
C02895,S4,0.08860775665376254,0.17067788342135193,0.45005574871609083,0.11912726875531972,0.2601390991072374,7.312221001737139,4.649605500415147
C02896,S0,0.11926164616297293,0.07070436144960211,0.5159141912313729,0.19527860766630398,0.21810283965272093,10.85814927644018,4.452576841917188
C02897,S4,0.39266312635579387,0.04410252852921562,0.8833869648853238,0.03379959582050917,0.03871091076495151,7.841872532815492,7.5262348431905695
C02898,S0,0.15997124347143504,0.25132249408942364,0.6106179238956007,0.04420032465495653,0.09385925736001909,14.357053224432622,3.950229973785521
C02899,S1,0.41980490194959597,0.03878978121267604,0.7529093010836789,0.06594174696961275,0.14235917073403226,11.517462555363577,6.3400964073049275
C02900,S0,0.052804808402926944,0.03677638244552611,0.807371182094195,0.15500474053619204,0.000847694924086921,20.353376151933777,5.296207916820379
C02901,S0,0.20947131342794534,0.030951873164631546,0.050733932630198354,0.016770341620082656,0.9015438525850874,7.53145779721039,2.2585232551237686
C02902,S4,0.16578361515704712,0.303970008357136,0.09301287364240447,0.6013766723900988,0.0016404456103605487,18.079098540661803,3.734130172987995
C02903,S0,0.10731408586685054,0.2679405559369858,0.15160626316141904,0.3510112615421389,0.22944191935945638,7.109337895304687,2.058603855414759
C02904,S4,0.2882907292502136,0.1118618751133323,0.14063205356620875,0.2843282773924304,0.46317779392802855,8.78330433197023,5.354093754332497
C02905,S0,0.023271769160478604,0.46915706225851467,0.07277244156351123,0.1611591024392306,0.29691139373874353,15.681601703255403,5.743895835813088
C02906,S1,0.1368731102365687,0.02574571375966741,0.3182782469301841,0.6427103765532025,0.013265662756946055,19.372017670733022,2.9822343870995316
C02907,S4,0.4919006312399822,0.14456134275431892,0.10309645244446386,0.06006984041060907,0.6922723643906081,7.7269269601557635,7.926437204319667
C02908,S0,0.09234330638697763,0.9037586847309352,0.007755105714775548,0.07000876900542367,0.01847744054886566,11.42644349237511,3.375855399876281
C02909,S4,0.2355691568987531,0.09805137535813685,0.5800649123852796,0.08852154375973945,0.2333621684968442,14.440659066799403,3.0946990061372106
C02910,S1,0.7032566828319958,0.45644295092244225,0.19914252606033667,0.33323158622855925,0.011182936788661809,7.2367547794245395,4.8820961342123415
C02911,S2,0.49680746229749373,0.3113691293504244,0.10035737001182143,0.33363501113887545,0.2546384894988788,10.783227811403389,6.742641280647496
C02912,S0,0.038337443050071925,0.263318042503309,0.0620973993597983,0.21477411452335568,0.459810443613537,17.027409199610446,2.394849028746623
C02913,S1,0.03265363764976074,0.02282361068448152,0.6651248284553313,0.02792369457460841,0.28412786628557873,8.397233265030698,6.648914307503776
C02914,S2,0.3510273800585999,0.1504042222397948,0.5284233044362076,0.05283038009074902,0.2683420932332487,17.08047544042747,3.5574610977728387
C02915,S0,0.11704529914511537,0.41442042999619294,0.23537273248392732,0.34847115800604933,0.0017356795138305924,16.431856393600853,7.052452727460924
C02916,S0,0.14907351883150266,0.08352157810602133,0.290947462367067,0.3854985924912202,0.24003236703569153,18.27947580274815,7.745816339862699
C02917,S0,0.1479409366559316,0.4244582549113976,0.23316261279892428,0.17519719292837443,0.16718193936130382,9.5308965687699,5.3035409047070985
C02918,S3,0.9069580618643018,0.1631755840658847,0.20100828548340793,0.17444736834611205,0.4613687621045953,19.038997241870653,7.025927540481004
C02919,S0,0.13190006747329738,0.24924252957572998,0.21355106897788603,0.11279228871944506,0.42441411272693885,16.21664373738817,2.445738663301766
C02920,S2,0.13157211605024347,0.12874561890076017,0.5409836053469671,0.23993456470897617,0.09033621104329671,10.746186632933203,7.848110084200551
C02921,S4,0.13737099840721279,0.5294587898840496,0.06123259548849756,0.21175153602920685,0.19755707859824606,20.430558624848043,5.112408407014023
C02922,S0,0.09863570807046856,0.014459548010594401,0.1848726930103156,0.19287086747732543,0.6077968915017646,11.710912998751844,7.889184834684301
C02923,S0,0.08421988135834206,0.35941886952273994,0.3909474537151988,0.15227645181251345,0.0973572249495477,11.068621320580002,4.03781496223653
C02924,S2,0.5171068986935685,0.13598153095604995,0.04680016864264683,0.03899589465651621,0.7782224057447868,18.056867104409193,2.483020346447852
C02925,S0,0.031381859835440964,0.2173016533930243,0.1484250346742688,0.08725103856031698,0.54702227337239,16.363961589965218,4.636572077572419
C02926,S1,0.2542631082548282,0.5296662572059709,0.09473536126955594,0.1446347159350566,0.2309636655894167,7.626575317845268,5.667087979474581
C02927,S2,0.3327909575946913,0.4510600414383754,0.14109704072550264,0.06529856811849,0.3425443497176319,9.026487908773664,6.488979334878765
C02928,S1,0.17417594282592275,0.023109307663671714,0.1944513586379192,0.7483604319914746,0.03407890170693446,18.31714211156953,4.56352505285963
C02929,S0,0.40222810016688626,0.4028242145757613,0.07351225885082249,0.47273351953712156,0.05093000703629454,15.866699676463764,4.838046644662821
C02930,S2,0.34814267453886555,0.12743651926539265,0.024265316905630066,0.7806581650492459,0.06763999877973133,10.489090520741053,3.0839567278292592
C02931,S1,0.33209486703781,0.278450011131945,0.2079165165337885,0.1431980054367478,0.3704354668975187,14.317237597762617,3.3191789204433277
C02932,S0,0.07786143860279703,0.086803318738412,0.8272766971688904,0.02705180067006075,0.05886818342263685,20.51408745508222,5.098361971390326
C02933,S1,0.3313788484084217,0.33003970318605413,0.09244947893609037,0.4846174611175225,0.09289335676033299,12.459996670375677,6.827199567570906
C02934,S3,0.7226952868949501,0.28179016617328984,0.004470268787566783,0.6403142007456246,0.0734253642935186,7.723967681161611,4.30445098683138
C02935,S2,0.5589923427672742,0.20068069432155372,0.25046226285700435,0.11237721338748471,0.43647982943395724,18.024760770343644,6.860360693557649
C02936,S0,0.14061060858843372,0.3505503821122849,0.10679316437502923,0.10134156100607168,0.44131489250661415,15.475753828038016,6.9676188072923395
C02937,S0,0.11730461767755367,0.5181253620765724,0.1225308106723643,0.17870607559004711,0.18063775166101617,14.267037849997152,6.573380860578635
C02938,S0,0.2476536167550945,0.7619132751720464,0.042238465083981165,0.04168733355367685,0.1541609261902954,7.988249607766124,7.540271188513678
C02939,S0,0.050507373265112496,0.22829520945861845,0.34498239415694815,0.2111697591224471,0.21555263726198629,10.17709438098517,6.799421605271486
C02940,S0,0.016450912550464963,0.0029061414867455025,0.16993143782418332,0.6952280634780621,0.13193435721100902,12.18223120961198,7.64757744034635
C02941,S4,0.1064014345471726,0.05380038023551825,0.047054740416728066,0.4848393962170963,0.4143054831306575,9.177836545715271,6.723623618835434
C02942,S0,0.11380011348275805,0.0030052097520391207,0.3858090307508905,0.21288875312289215,0.3982970063741783,10.915176052664599,7.278472629400561
C02943,S3,0.8394750275373892,0.6749992425072091,0.2513285929006137,0.03466776164627891,0.03900440294589828,15.220163035687502,3.527463256801598
C02944,S0,0.16655246581257754,0.1922371741426829,0.00043093176840550704,0.6617143683467508,0.1456175257421607,14.932642629348447,2.3488431149552356
C02945,S0,0.02941859787602673,0.882412849489878,0.018745869793194377,0.02223010081691809,0.0766111799000094,7.655283989112787,5.236281083888221
C02946,S0,0.25749997426476795,0.49753891902586583,0.17882185775110435,0.16968845044168307,0.15395077278134667,16.790348510670817,6.023965911060633
C02947,S0,0.11212563715218772,0.6097086565005225,0.2109536620038701,0.1788058515160348,0.0005318299795725594,9.053369704414797,5.478508593141193
C02948,S3,0.710493109197406,0.11952856402889946,0.022588334040869157,0.8362474570984169,0.02163564483181464,11.327580489125832,2.3488317740969835
C02949,S4,0.3588109458377275,0.3167324246617518,0.48269728637651343,0.030379561011303655,0.1701907279504311,19.398894342217034,3.5061698595676627
C02950,S3,0.46835203501946776,0.14150162897627536,0.4238852025525978,0.11716326663897154,0.31744990183215543,15.370601637170752,7.4339978302689875
C02951,S0,0.3297218216304057,0.15338596244413705,0.7715782519188392,0.029475040769158332,0.04556074486786547,12.623031328550809,6.657250769021814
C02952,S2,0.34443885173642985,0.16673396915203723,0.1476816549732136,0.5194350326318691,0.16614934324288017,13.229548445565863,3.6247207384421367
C02953,S0,0.0974611327543898,0.7895302844640251,0.04517637313416402,0.135795474063537,0.0294978683382739,16.58884985164388,5.3578580378524165
C02954,S4,0.3980445588207745,0.5526463855498691,0.1503119487877853,0.16351253552512166,0.1335291301372237,19.949293746815933,7.79005363395733
C02955,S1,0.10372246199607438,0.13388490132358066,0.3639543865663763,0.20054778683940824,0.30161292527063466,13.589226008046115,5.379222654444371
C02956,S0,0.054958530783297814,0.08497568041882451,0.3089799194993506,0.5344712537339009,0.07157314634792378,17.05597554090651,4.712572127185615
C02957,S0,0.21112386325685537,0.1127889616071603,0.20936913706718854,0.19376897506405488,0.48407292626159626,20.88367298661167,3.6573695403262025
C02958,S0,0.022812798329616586,0.34857905066609696,0.30561978956862007,0.17894154922677324,0.1668596105385097,9.910361081357589,2.5043538871914355
C02959,S0,0.279009006417611,0.24232597771205738,0.1309609319304112,0.060978418741099286,0.5657346716164322,13.809937118551774,2.4332231510649747
C02960,S4,0.4154168212532598,0.34141170314555264,0.1970495725024824,0.09388950761728057,0.36764921673468437,8.994598407115477,5.958623094756793
C02961,S3,0.6259682634614877,0.4965203605608219,0.10280993697494205,0.2029503842094427,0.1977193182547933,14.604629085735553,3.3253589261043315
C02962,S4,0.3352368535201245,0.07890077867922916,0.7488195850408853,0.10610547826313114,0.06617415801675439,14.414061650428714,3.281077670181574
C02963,S0,0.04026905292663006,0.11744053249078512,0.23815920435125745,0.16454949304888264,0.47985077010907473,20.427483796994995,7.260199230374179
C02964,S1,0.28128234660545287,0.15241636909745027,0.016179354859309544,0.7181422956020257,0.1132619804412146,10.47355509494884,2.2431060246333834
C02965,S0,0.24016744169445425,0.07088334657228335,0.7098130585691824,0.16876349919211275,0.05054009566642149,11.81252915664732,7.725485721112902
C02966,S1,0.10344882480463065,0.2543015768265677,0.11641321624371315,0.370670359168457,0.25861484776126226,18.126162038639137,2.747843133486633
C02967,S0,0.04291033792864401,0.19937357239628364,0.16873526477518883,0.5435088626760027,0.0883823001525247,18.55331699382839,2.14235207111441
C02968,S0,0.13150222913598933,0.9422390138209001,0.007811602779020993,0.02557158988910356,0.024377793510975316,9.648217373499737,2.441464332030411
C02969,S1,0.44693741855971586,0.6218720608977288,0.21820692081056958,0.06788335350018984,0.09203766479151174,10.53438804141096,5.2808893838086135
C02970,S0,0.13032879799800814,0.5654760642408688,0.029746255352188763,0.15600912959555363,0.24876855081138885,12.455546504002104,7.735149360058759
C02971,S0,0.23810280705995665,0.24283507937755103,0.038495451817442156,0.1678245283970186,0.5508449404079883,13.227725820548756,3.225246939873076
C02972,S2,0.4721605612651932,0.33755887010399593,0.3522615469127307,0.20598079581457207,0.10419878716870119,17.48997690480228,6.668443974816965
C02973,S0,0.07360423697372848,0.14548105228429953,0.2087554144436731,0.0019051882270106127,0.6438583450450169,9.007989211629916,3.344683024947539
C02974,S4,0.5679923322062647,0.7718857400829022,0.20510802495979633,0.0167355589883034,0.006270675968997986,19.80114522753366,7.181649952799314
C02975,S1,0.3085740397480237,0.27398677974310676,0.06076647503737348,0.29659207177134483,0.36865467344817493,19.54236426566731,5.405020793471934
C02976,S3,0.7717666680867306,0.052369852179467345,0.25651775938181504,0.43370523041000103,0.25740715802871666,9.374327213077542,5.458676977030976
C02977,S2,0.352571710277896,0.13680312880072193,0.00492912663698076,0.6716449908357482,0.18662275372654913,12.857125787271817,3.172333716869941
C02978,S2,0.8068552655472503,0.07820209734882318,0.37223768456537853,0.1407637907540349,0.4087964273317636,16.53429621540822,6.829323516387943
C02979,S2,0.38030675747754433,0.2520324706492405,0.2923016874606489,0.120923658009445,0.3347421838806656,18.13749225925499,4.896157949034221
C02980,S3,0.5888913058131333,0.8227368146289391,0.07263055471599805,0.013902267224743673,0.09073036343031929,16.77303613928815,5.681674620319724
C02981,S1,0.10036195884714326,0.5577978121148336,0.0523882696194664,0.25512468848433717,0.13468922978136277,17.675841103034728,6.014060052182956
C02982,S0,0.13878549985169925,0.2787049078348349,0.32227838204987336,0.09449016456086656,0.3045265455544253,9.551887004860136,7.462096125161064
C02983,S0,0.05363648344560379,0.4234977085863755,0.2283832137848168,0.17581489441287776,0.17230418321592994,7.426630306748805,6.03379796942208
C02984,S1,0.2976933005653182,0.31636232480427307,0.2914788682741855,0.2389881488122674,0.15317065810927394,18.005288194092806,2.428119626121813
C02985,S0,0.024923136164404915,0.1456093699760344,0.22996874058035363,0.21866033424766285,0.4057615551959491,16.746384027102664,7.824501611890771
C02986,S0,0.04747133478216791,0.17088506553028365,0.1641552268737765,0.033469056832607966,0.631490650763332,8.806412502407724,6.0357390183450965
C02987,S0,0.20522636539945804,0.47727554230669206,0.06343502383079974,0.3422035267962354,0.11708590706627289,20.87250052089022,5.967019287173236
C02988,S1,0.12888017877221614,0.3483905028222007,0.33912090965584085,0.1760560093165315,0.13643257820542684,13.83985532050137,6.15035642271549
C02989,S0,0.19172324279872388,0.16433260811140507,0.20969612995348322,0.4356897840993113,0.19028147783580038,16.88754065949115,5.977919924108715
C02990,S1,0.44971135760241365,0.0262719810349289,0.7198814616345378,0.009435342774630035,0.2444112145559032,16.54087727268708,7.0407832675673205
C02991,S3,0.674136730791036,0.03386339973768894,0.014710864821973669,0.5094998873186126,0.44192584812172475,13.484739347006634,4.976278204016133
C02992,S3,0.13845393120106264,0.33800001241718275,0.3020938803518581,0.23328961067979123,0.12661649655116805,13.55023695751223,3.7734946858351126
C02993,S0,0.05877656663665644,0.21424880729390755,0.006122489938581516,0.690427301244555,0.08920140152295608,14.94605634326341,4.469455041611324
C02994,S1,0.0951726891994371,0.07098095900646641,0.12774437312794515,0.5231483025072358,0.2781263653583526,14.831221706213055,4.762246802754756
C02995,S1,0.03066804014805858,0.3169825928991219,0.07324317005293463,0.3728012321453788,0.23697300490256473,9.969444124510712,7.377567542284638
C02996,S0,0.010579516977544239,0.06908561639564001,0.7065601688677053,0.08163166749885886,0.14272254723779568,13.41637590780952,3.9281560067089134
C02997,S2,0.7733321438798892,0.13049263492629626,0.02909419534413307,0.001695735720207296,0.8387174340093633,19.401343113600525,5.274006095529309
C02998,S0,0.24499118321106095,0.5455801066461831,0.22361225215891453,0.1553380465117277,0.07546959468317467,9.250317188301542,4.2105109457267655
C02999,S4,0.5696463604226839,0.6792548281024379,0.016985226679162163,0.1124212180574141,0.1913387271609859,10.91661158626306,5.764713702056159
C03000,S0,0.015822152848264052,0.14521836866231735,0.17383827401512705,0.1694212073519561,0.5115221499705995,16.088299457602993,3.584230832085062
